{
  "type": "FeatureCollection",
  "features": [
    {
      "type": "Feature",
      "id": "hualilan-origin-connector-v2",
      "properties": {
        "id": "hualilan-origin-connector-v2",
        "corridorId": "hualilan",
        "geometryClass": "RECONSTRUCTED_ACCESS",
        "sourceFeatureIds": [],
        "evidenceRefs": [
          "hualilan-route-geometry-build-v2"
        ],
        "sourceDatasetId": "hualilan-derived-geometry-v2",
        "sourceRetrievedAt": "2026-09-02T02:02:45.989Z",
        "limitations": [
          "Explicit derived connector; not asserted as public-road source geometry.",
          "These geometries are explicit derived connectors, not source road features.",
          "They only connect the scenario origin and project-location anchor to the reviewed source-backed path."
        ],
        "geometryChainageStartKm": 0,
        "geometryChainageEndKm": 1.566002
      },
      "geometry": {
        "type": "LineString",
        "coordinates": [
          [
            -68.5364,
            -31.5375
          ],
          [
            -68.55289386,
            -31.5383514
          ]
        ]
      }
    },
    {
      "type": "Feature",
      "id": "hualilan-a014-public-v2",
      "properties": {
        "id": "hualilan-a014-public-v2",
        "corridorId": "hualilan",
        "geometryClass": "PUBLIC_ROAD",
        "sourceFeatureIds": [
          "vial_nacional.2175"
        ],
        "evidenceRefs": [
          "hualilan-dnv-road-geometry-v2"
        ],
        "sourceDatasetId": "dnv-rutas-nacionales-20260830",
        "sourceRetrievedAt": "2026-09-02T02:02:45.989Z",
        "sourceLicense": "Otra (Abierta)",
        "limitations": [
          "Frozen corridor-only source extract; not a live road-status or navigation feed.",
          "Published reference geometry may be stale relative to current road works."
        ],
        "geometryChainageStartKm": 1.566002,
        "geometryChainageEndKm": 7.060492
      },
      "geometry": {
        "type": "LineString",
        "coordinates": [
          [
            -68.55289386,
            -31.5383514
          ],
          [
            -68.55291607,
            -31.53805702
          ],
          [
            -68.55293807,
            -31.5378019
          ],
          [
            -68.5530106,
            -31.53726776
          ],
          [
            -68.55306389,
            -31.53699466
          ],
          [
            -68.55315483,
            -31.53671299
          ],
          [
            -68.55330253,
            -31.53638903
          ],
          [
            -68.55340735,
            -31.53620245
          ],
          [
            -68.55358453,
            -31.53590666
          ],
          [
            -68.55385383,
            -31.53557888
          ],
          [
            -68.55409469,
            -31.53534832
          ],
          [
            -68.55532897,
            -31.53431791
          ],
          [
            -68.55617803,
            -31.53359624
          ],
          [
            -68.55668706,
            -31.53314028
          ],
          [
            -68.55690045,
            -31.53291595
          ],
          [
            -68.5570534,
            -31.53271578
          ],
          [
            -68.55727516,
            -31.53238498
          ],
          [
            -68.55747097,
            -31.53202383
          ],
          [
            -68.55759528,
            -31.53173487
          ],
          [
            -68.5576817,
            -31.5314565
          ],
          [
            -68.5577478,
            -31.53113396
          ],
          [
            -68.55778149,
            -31.53086992
          ],
          [
            -68.55778581,
            -31.53060056
          ],
          [
            -68.55778733,
            -31.5303073
          ],
          [
            -68.55776075,
            -31.53005261
          ],
          [
            -68.55771363,
            -31.52973952
          ],
          [
            -68.557615,
            -31.52925503
          ],
          [
            -68.55746106,
            -31.52847921
          ],
          [
            -68.55730121,
            -31.52801955
          ],
          [
            -68.5571901,
            -31.52772471
          ],
          [
            -68.55702196,
            -31.5273928
          ],
          [
            -68.55676934,
            -31.52693605
          ],
          [
            -68.55650939,
            -31.52654993
          ],
          [
            -68.55596127,
            -31.525889
          ],
          [
            -68.55578221,
            -31.52571688
          ],
          [
            -68.55531275,
            -31.52529019
          ],
          [
            -68.55470988,
            -31.52485828
          ],
          [
            -68.55410339,
            -31.52450584
          ],
          [
            -68.55317963,
            -31.52409934
          ],
          [
            -68.55245321,
            -31.52388546
          ],
          [
            -68.5517743,
            -31.52373232
          ],
          [
            -68.55093585,
            -31.52363133
          ],
          [
            -68.55008568,
            -31.52360003
          ],
          [
            -68.548639,
            -31.52368887
          ],
          [
            -68.54815885,
            -31.52369651
          ],
          [
            -68.54733305,
            -31.52367512
          ],
          [
            -68.54644016,
            -31.52363994
          ],
          [
            -68.54572105,
            -31.52357347
          ],
          [
            -68.54507268,
            -31.52350203
          ],
          [
            -68.54390088,
            -31.52330452
          ],
          [
            -68.54238775,
            -31.52296171
          ],
          [
            -68.54175822,
            -31.5227836
          ],
          [
            -68.54114182,
            -31.52259172
          ],
          [
            -68.53968123,
            -31.5220419
          ],
          [
            -68.53899749,
            -31.5217432
          ],
          [
            -68.53641565,
            -31.52043663
          ],
          [
            -68.53465389,
            -31.51953276
          ],
          [
            -68.53246034,
            -31.51840036
          ],
          [
            -68.53115673,
            -31.51778947
          ],
          [
            -68.52958159,
            -31.517207
          ],
          [
            -68.52907639,
            -31.5170544
          ],
          [
            -68.52826659,
            -31.5168279
          ],
          [
            -68.52707978,
            -31.51655141
          ],
          [
            -68.52616581,
            -31.5163599
          ],
          [
            -68.52525324,
            -31.51622535
          ],
          [
            -68.52427657,
            -31.51611358
          ],
          [
            -68.52336823,
            -31.51604554
          ],
          [
            -68.52248673,
            -31.51600625
          ],
          [
            -68.52132115,
            -31.51601721
          ],
          [
            -68.51851067,
            -31.51619092
          ],
          [
            -68.5174353,
            -31.51626151
          ]
        ]
      }
    },
    {
      "type": "Feature",
      "id": "hualilan-rn40-public-v2",
      "properties": {
        "id": "hualilan-rn40-public-v2",
        "corridorId": "hualilan",
        "geometryClass": "PUBLIC_ROAD",
        "sourceFeatureIds": [
          "vial_nacional.2570",
          "vial_nacional.2565",
          "vial_nacional.1192",
          "vial_nacional.2201",
          "vial_nacional.1174",
          "vial_nacional.1175",
          "vial_nacional.1172"
        ],
        "evidenceRefs": [
          "hualilan-dnv-road-geometry-v2"
        ],
        "sourceDatasetId": "dnv-rutas-nacionales-20260830",
        "sourceRetrievedAt": "2026-09-02T02:02:45.989Z",
        "sourceLicense": "Otra (Abierta)",
        "limitations": [
          "Frozen corridor-only source extract; not a live road-status or navigation feed.",
          "Published reference geometry may be stale relative to current road works."
        ],
        "geometryChainageStartKm": 7.060492,
        "geometryChainageEndKm": 60.004704
      },
      "geometry": {
        "type": "LineString",
        "coordinates": [
          [
            -68.5174353,
            -31.51626151
          ],
          [
            -68.51746356,
            -31.51616267
          ],
          [
            -68.5175473,
            -31.5158697
          ],
          [
            -68.5176411,
            -31.5155118
          ],
          [
            -68.5176931,
            -31.515349
          ],
          [
            -68.5177374,
            -31.5152209
          ],
          [
            -68.5178244,
            -31.5150221
          ],
          [
            -68.5178849,
            -31.5148563
          ],
          [
            -68.5179021,
            -31.5147798
          ],
          [
            -68.5179294,
            -31.5146699
          ],
          [
            -68.51796007,
            -31.5146013
          ],
          [
            -68.51796578,
            -31.51453087
          ],
          [
            -68.51796578,
            -31.51445853
          ],
          [
            -68.5179789,
            -31.5141302
          ],
          [
            -68.5179506,
            -31.5139174
          ],
          [
            -68.5179251,
            -31.5138179
          ],
          [
            -68.5178956,
            -31.5136841
          ],
          [
            -68.5178795,
            -31.5135469
          ],
          [
            -68.5178581,
            -31.5133411
          ],
          [
            -68.5178479,
            -31.5131471
          ],
          [
            -68.5176699,
            -31.5114493
          ],
          [
            -68.5176166,
            -31.5107436
          ],
          [
            -68.517599,
            -31.5102775
          ],
          [
            -68.5176002,
            -31.5098712
          ],
          [
            -68.5176079,
            -31.5094637
          ],
          [
            -68.5176211,
            -31.5080514
          ],
          [
            -68.51762512,
            -31.50785425
          ],
          [
            -68.51762632,
            -31.50779559
          ],
          [
            -68.5176287,
            -31.5076787
          ],
          [
            -68.5177834,
            -31.5043108
          ],
          [
            -68.5178179,
            -31.5030096
          ],
          [
            -68.5178525,
            -31.5021371
          ],
          [
            -68.5178604,
            -31.5019079
          ],
          [
            -68.5179273,
            -31.5008349
          ],
          [
            -68.5179664,
            -31.5003109
          ],
          [
            -68.5179895,
            -31.4999748
          ],
          [
            -68.518013,
            -31.4996289
          ],
          [
            -68.5180376,
            -31.4993225
          ],
          [
            -68.5180772,
            -31.4989021
          ],
          [
            -68.5180973,
            -31.4986457
          ],
          [
            -68.5181294,
            -31.4983552
          ],
          [
            -68.5182151,
            -31.4977685
          ],
          [
            -68.51823984,
            -31.49758828
          ],
          [
            -68.5182646,
            -31.497408
          ],
          [
            -68.518348,
            -31.4969343
          ],
          [
            -68.5185608,
            -31.4957301
          ],
          [
            -68.5187833,
            -31.494439
          ],
          [
            -68.5188751,
            -31.4938944
          ],
          [
            -68.5190815,
            -31.4926848
          ],
          [
            -68.5192966,
            -31.4913291
          ],
          [
            -68.51933355,
            -31.49114487
          ],
          [
            -68.519367,
            -31.4909781
          ],
          [
            -68.5197636,
            -31.488693
          ],
          [
            -68.5198008,
            -31.4884709
          ],
          [
            -68.5199097,
            -31.4879499
          ],
          [
            -68.5204533,
            -31.4848621
          ],
          [
            -68.5206528,
            -31.4837625
          ],
          [
            -68.5208897,
            -31.4824097
          ],
          [
            -68.5210675,
            -31.4811623
          ],
          [
            -68.5210994,
            -31.4810252
          ],
          [
            -68.5211327,
            -31.4808199
          ],
          [
            -68.5211704,
            -31.4805611
          ],
          [
            -68.5212066,
            -31.4802746
          ],
          [
            -68.5212303,
            -31.4799601
          ],
          [
            -68.5212527,
            -31.4796688
          ],
          [
            -68.5212619,
            -31.4792888
          ],
          [
            -68.5212661,
            -31.478904
          ],
          [
            -68.52125794,
            -31.47878307
          ],
          [
            -68.5212437,
            -31.4785721
          ],
          [
            -68.5212248,
            -31.4784215
          ],
          [
            -68.5211816,
            -31.4781562
          ],
          [
            -68.5211347,
            -31.4778366
          ],
          [
            -68.5210021,
            -31.4771337
          ],
          [
            -68.5206545,
            -31.4748775
          ],
          [
            -68.5205883,
            -31.4744656
          ],
          [
            -68.5204343,
            -31.4737156
          ],
          [
            -68.5203525,
            -31.473257
          ],
          [
            -68.5202498,
            -31.4727399
          ],
          [
            -68.5201697,
            -31.4723285
          ],
          [
            -68.5199455,
            -31.4710954
          ],
          [
            -68.5198701,
            -31.4706742
          ],
          [
            -68.5197826,
            -31.4701803
          ],
          [
            -68.519743,
            -31.4699262
          ],
          [
            -68.5197115,
            -31.4696757
          ],
          [
            -68.5196949,
            -31.4694327
          ],
          [
            -68.5196807,
            -31.4691484
          ],
          [
            -68.5196686,
            -31.4688653
          ],
          [
            -68.5196585,
            -31.4686441
          ],
          [
            -68.5196277,
            -31.4677877
          ],
          [
            -68.519624,
            -31.4676562
          ],
          [
            -68.519521,
            -31.4656086
          ],
          [
            -68.5195111,
            -31.4653459
          ],
          [
            -68.5194607,
            -31.4646804
          ],
          [
            -68.5193543,
            -31.4624963
          ],
          [
            -68.5193422,
            -31.4619241
          ],
          [
            -68.5193172,
            -31.4615483
          ],
          [
            -68.5193146,
            -31.46151
          ],
          [
            -68.51929325,
            -31.46124165
          ],
          [
            -68.5191066,
            -31.458896
          ],
          [
            -68.5189776,
            -31.4569938
          ],
          [
            -68.5187852,
            -31.4544214
          ],
          [
            -68.5185937,
            -31.4515575
          ],
          [
            -68.5185526,
            -31.4509441
          ],
          [
            -68.5185277,
            -31.4505526
          ],
          [
            -68.5185071,
            -31.4501326
          ],
          [
            -68.5184891,
            -31.4497653
          ],
          [
            -68.5184861,
            -31.4497131
          ],
          [
            -68.5184714,
            -31.4494613
          ],
          [
            -68.5184617,
            -31.4491916
          ],
          [
            -68.5184635,
            -31.449009
          ],
          [
            -68.518468,
            -31.4488493
          ],
          [
            -68.5184844,
            -31.4483588
          ],
          [
            -68.5185075,
            -31.4477248
          ],
          [
            -68.5185118,
            -31.4475999
          ],
          [
            -68.5185556,
            -31.4474915
          ],
          [
            -68.5186044,
            -31.4474198
          ],
          [
            -68.5186979,
            -31.4473146
          ],
          [
            -68.5187717,
            -31.4472332
          ],
          [
            -68.518859,
            -31.4471526
          ],
          [
            -68.5189205,
            -31.4470728
          ],
          [
            -68.5190036,
            -31.4469579
          ],
          [
            -68.5190683,
            -31.4468563
          ],
          [
            -68.519234,
            -31.4466004
          ],
          [
            -68.5192948,
            -31.4464955
          ],
          [
            -68.5193351,
            -31.446424
          ],
          [
            -68.5194344,
            -31.4462837
          ],
          [
            -68.5195368,
            -31.4461446
          ],
          [
            -68.5196523,
            -31.4459875
          ],
          [
            -68.5199573,
            -31.4455807
          ],
          [
            -68.5202555,
            -31.4451934
          ],
          [
            -68.520458,
            -31.4449472
          ],
          [
            -68.5208588,
            -31.4444491
          ],
          [
            -68.5211077,
            -31.4441355
          ],
          [
            -68.521148,
            -31.444084
          ],
          [
            -68.5230914,
            -31.4415984
          ],
          [
            -68.5231571,
            -31.441529
          ],
          [
            -68.5232647,
            -31.4414031
          ],
          [
            -68.5235297,
            -31.4411244
          ],
          [
            -68.5237246,
            -31.4409399
          ],
          [
            -68.523898,
            -31.4407804
          ],
          [
            -68.5241158,
            -31.4406055
          ],
          [
            -68.5243198,
            -31.4404529
          ],
          [
            -68.5246564,
            -31.4402387
          ],
          [
            -68.5249684,
            -31.4400454
          ],
          [
            -68.5253173,
            -31.4398417
          ],
          [
            -68.5258891,
            -31.4395033
          ],
          [
            -68.5265237,
            -31.4391309
          ],
          [
            -68.5269058,
            -31.4388981
          ],
          [
            -68.5273018,
            -31.4386608
          ],
          [
            -68.5276341,
            -31.4384715
          ],
          [
            -68.5276999,
            -31.4384338
          ],
          [
            -68.5278056,
            -31.4383706
          ],
          [
            -68.5284153,
            -31.4380015
          ],
          [
            -68.5289901,
            -31.4376595
          ],
          [
            -68.5296307,
            -31.4372819
          ],
          [
            -68.5316884,
            -31.436051
          ],
          [
            -68.5322992,
            -31.435696
          ],
          [
            -68.5326801,
            -31.4354673
          ],
          [
            -68.5331965,
            -31.4351598
          ],
          [
            -68.5336914,
            -31.4348748
          ],
          [
            -68.5339873,
            -31.4347199
          ],
          [
            -68.5343659,
            -31.4345283
          ],
          [
            -68.5347384,
            -31.4343472
          ],
          [
            -68.5351032,
            -31.4341825
          ],
          [
            -68.5355049,
            -31.43401
          ],
          [
            -68.537392,
            -31.4332479
          ],
          [
            -68.5384978,
            -31.4328007
          ],
          [
            -68.5395641,
            -31.4323695
          ],
          [
            -68.5402299,
            -31.4321036
          ],
          [
            -68.5407883,
            -31.4318743
          ],
          [
            -68.541255,
            -31.4316786
          ],
          [
            -68.5416654,
            -31.4314943
          ],
          [
            -68.5419122,
            -31.431373
          ],
          [
            -68.5421911,
            -31.4312173
          ],
          [
            -68.5424475,
            -31.4310645
          ],
          [
            -68.542746,
            -31.4308682
          ],
          [
            -68.5429962,
            -31.4306879
          ],
          [
            -68.5431963,
            -31.4305332
          ],
          [
            -68.5433575,
            -31.4303992
          ],
          [
            -68.5435107,
            -31.4302697
          ],
          [
            -68.5437205,
            -31.4300753
          ],
          [
            -68.5438146,
            -31.429988
          ],
          [
            -68.543842,
            -31.4299613
          ],
          [
            -68.5439355,
            -31.4298676
          ],
          [
            -68.5440407,
            -31.4297613
          ],
          [
            -68.5441518,
            -31.4296384
          ],
          [
            -68.5442845,
            -31.4294933
          ],
          [
            -68.5445337,
            -31.4291728
          ],
          [
            -68.5453263,
            -31.4281509
          ],
          [
            -68.5455488,
            -31.4278533
          ],
          [
            -68.5461066,
            -31.4271276
          ],
          [
            -68.5475996,
            -31.4252067
          ],
          [
            -68.5483034,
            -31.4243065
          ],
          [
            -68.5485568,
            -31.423974
          ],
          [
            -68.5490452,
            -31.423337
          ],
          [
            -68.555944,
            -31.414425
          ],
          [
            -68.5570938,
            -31.4129416
          ],
          [
            -68.5576273,
            -31.4122473
          ],
          [
            -68.5581968,
            -31.4115229
          ],
          [
            -68.5582356,
            -31.4114735
          ],
          [
            -68.5582572,
            -31.4114439
          ],
          [
            -68.55828675,
            -31.4114039
          ],
          [
            -68.5583514,
            -31.4113193
          ],
          [
            -68.55891,
            -31.4105925
          ],
          [
            -68.5590444,
            -31.4104245
          ],
          [
            -68.5597368,
            -31.4095237
          ],
          [
            -68.561678,
            -31.4070158
          ],
          [
            -68.564112,
            -31.4038629
          ],
          [
            -68.5655105,
            -31.4020533
          ],
          [
            -68.5657079,
            -31.4017978
          ],
          [
            -68.5699586,
            -31.3962974
          ],
          [
            -68.570091,
            -31.3961198
          ],
          [
            -68.5702675,
            -31.3959078
          ],
          [
            -68.5703955,
            -31.3957505
          ],
          [
            -68.570531,
            -31.3956039
          ],
          [
            -68.5706791,
            -31.3954523
          ],
          [
            -68.5708191,
            -31.3953181
          ],
          [
            -68.5709695,
            -31.3951861
          ],
          [
            -68.5711233,
            -31.3950602
          ],
          [
            -68.5713067,
            -31.3949186
          ],
          [
            -68.5714934,
            -31.3947892
          ],
          [
            -68.5717366,
            -31.3946364
          ],
          [
            -68.5719159,
            -31.3945417
          ],
          [
            -68.5721399,
            -31.3944228
          ],
          [
            -68.5724924,
            -31.3942469
          ],
          [
            -68.5728359,
            -31.3940752
          ],
          [
            -68.5750626,
            -31.3930166
          ],
          [
            -68.5754635,
            -31.3928281
          ],
          [
            -68.5758564,
            -31.3926533
          ],
          [
            -68.5760644,
            -31.3925642
          ],
          [
            -68.576275,
            -31.392482
          ],
          [
            -68.5765714,
            -31.3923758
          ],
          [
            -68.576833,
            -31.3922924
          ],
          [
            -68.5770934,
            -31.3922202
          ],
          [
            -68.577386,
            -31.3921502
          ],
          [
            -68.5776842,
            -31.3920939
          ],
          [
            -68.5780406,
            -31.3920419
          ],
          [
            -68.5784849,
            -31.391988
          ],
          [
            -68.5790325,
            -31.3919364
          ],
          [
            -68.5795143,
            -31.3918967
          ],
          [
            -68.5799962,
            -31.3918514
          ],
          [
            -68.5805906,
            -31.3917798
          ],
          [
            -68.5808845,
            -31.3917265
          ],
          [
            -68.5814187,
            -31.3916015
          ],
          [
            -68.5821009,
            -31.3914249
          ],
          [
            -68.5832828,
            -31.3911176
          ],
          [
            -68.5857742,
            -31.390485
          ],
          [
            -68.5861847,
            -31.3903671
          ],
          [
            -68.5865294,
            -31.3902573
          ],
          [
            -68.5867747,
            -31.3901729
          ],
          [
            -68.5870308,
            -31.3900755
          ],
          [
            -68.5872152,
            -31.3899973
          ],
          [
            -68.5873435,
            -31.3899425
          ],
          [
            -68.5876612,
            -31.389797
          ],
          [
            -68.5879736,
            -31.3896405
          ],
          [
            -68.5882285,
            -31.3895108
          ],
          [
            -68.5885382,
            -31.3893326
          ],
          [
            -68.5887809,
            -31.3891803
          ],
          [
            -68.5890829,
            -31.3889705
          ],
          [
            -68.5893344,
            -31.3887812
          ],
          [
            -68.5895861,
            -31.3885659
          ],
          [
            -68.5899813,
            -31.3882014
          ],
          [
            -68.5904972,
            -31.3877147
          ],
          [
            -68.590724,
            -31.3875199
          ],
          [
            -68.5908384,
            -31.387422
          ],
          [
            -68.5909671,
            -31.3873242
          ],
          [
            -68.5911233,
            -31.3872103
          ],
          [
            -68.5912644,
            -31.387117
          ],
          [
            -68.5914085,
            -31.3870288
          ],
          [
            -68.591604,
            -31.3869072
          ],
          [
            -68.5917944,
            -31.3868011
          ],
          [
            -68.5919587,
            -31.3867036
          ],
          [
            -68.5922797,
            -31.3865262
          ],
          [
            -68.592552,
            -31.3863783
          ],
          [
            -68.5928298,
            -31.3862277
          ],
          [
            -68.5931422,
            -31.386072
          ],
          [
            -68.5933152,
            -31.3859808
          ],
          [
            -68.5934863,
            -31.3859018
          ],
          [
            -68.5936732,
            -31.3858172
          ],
          [
            -68.593858,
            -31.3857413
          ],
          [
            -68.5940375,
            -31.3856666
          ],
          [
            -68.5941966,
            -31.3856074
          ],
          [
            -68.594477,
            -31.3855163
          ],
          [
            -68.594786,
            -31.3854303
          ],
          [
            -68.5953727,
            -31.3852883
          ],
          [
            -68.5959736,
            -31.3851402
          ],
          [
            -68.5963689,
            -31.3850435
          ],
          [
            -68.5967226,
            -31.3849573
          ],
          [
            -68.5971946,
            -31.384836
          ],
          [
            -68.5974841,
            -31.3847544
          ],
          [
            -68.5976604,
            -31.384699
          ],
          [
            -68.5977936,
            -31.3846459
          ],
          [
            -68.5979462,
            -31.3845728
          ],
          [
            -68.5980801,
            -31.3844969
          ],
          [
            -68.598204,
            -31.3844177
          ],
          [
            -68.5983195,
            -31.3843354
          ],
          [
            -68.5984364,
            -31.3842494
          ],
          [
            -68.5987871,
            -31.3839501
          ],
          [
            -68.5989981,
            -31.3837736
          ],
          [
            -68.5992863,
            -31.3835396
          ],
          [
            -68.5995798,
            -31.3832974
          ],
          [
            -68.5999509,
            -31.382986
          ],
          [
            -68.6001021,
            -31.3828586
          ],
          [
            -68.6001993,
            -31.3827767
          ],
          [
            -68.6003583,
            -31.3826437
          ],
          [
            -68.6007222,
            -31.3823498
          ],
          [
            -68.6010728,
            -31.3820697
          ],
          [
            -68.6012532,
            -31.3819263
          ],
          [
            -68.6013562,
            -31.3818414
          ],
          [
            -68.6017258,
            -31.3815305
          ],
          [
            -68.6020782,
            -31.3812361
          ],
          [
            -68.6024545,
            -31.3809135
          ],
          [
            -68.6029374,
            -31.3804949
          ],
          [
            -68.6032981,
            -31.3801913
          ],
          [
            -68.6035035,
            -31.3800361
          ],
          [
            -68.6037261,
            -31.3798723
          ],
          [
            -68.6038892,
            -31.3797562
          ],
          [
            -68.6040158,
            -31.3796805
          ],
          [
            -68.6044629,
            -31.3794297
          ],
          [
            -68.6049618,
            -31.3791822
          ],
          [
            -68.6051085,
            -31.3791124
          ],
          [
            -68.605244,
            -31.3790454
          ],
          [
            -68.6054915,
            -31.3789294
          ],
          [
            -68.6057311,
            -31.3788226
          ],
          [
            -68.6059346,
            -31.3787244
          ],
          [
            -68.6061211,
            -31.3786439
          ],
          [
            -68.6062771,
            -31.3785718
          ],
          [
            -68.6064089,
            -31.3785118
          ],
          [
            -68.6065057,
            -31.3784656
          ],
          [
            -68.6066055,
            -31.3784179
          ],
          [
            -68.6067029,
            -31.3783729
          ],
          [
            -68.6068049,
            -31.3783192
          ],
          [
            -68.606905,
            -31.3782658
          ],
          [
            -68.6069988,
            -31.378215
          ],
          [
            -68.6070923,
            -31.3781584
          ],
          [
            -68.6071745,
            -31.3780929
          ],
          [
            -68.6072514,
            -31.3780262
          ],
          [
            -68.6073279,
            -31.377954
          ],
          [
            -68.6074098,
            -31.3778681
          ],
          [
            -68.6074679,
            -31.3777984
          ],
          [
            -68.6075391,
            -31.3777117
          ],
          [
            -68.6075928,
            -31.3776427
          ],
          [
            -68.6076554,
            -31.3775572
          ],
          [
            -68.6076883,
            -31.3775099
          ],
          [
            -68.6077169,
            -31.377471
          ],
          [
            -68.6077718,
            -31.3773873
          ],
          [
            -68.6078272,
            -31.3773
          ],
          [
            -68.6078542,
            -31.3772613
          ],
          [
            -68.607884,
            -31.3772165
          ],
          [
            -68.6079364,
            -31.3771326
          ],
          [
            -68.6079904,
            -31.3770464
          ],
          [
            -68.6080209,
            -31.3769976
          ],
          [
            -68.608051,
            -31.3769547
          ],
          [
            -68.6081046,
            -31.3768755
          ],
          [
            -68.6081589,
            -31.3767901
          ],
          [
            -68.6082163,
            -31.3767007
          ],
          [
            -68.6082739,
            -31.3766162
          ],
          [
            -68.6083293,
            -31.3765322
          ],
          [
            -68.6083811,
            -31.3764459
          ],
          [
            -68.6084346,
            -31.3763578
          ],
          [
            -68.6084858,
            -31.3762738
          ],
          [
            -68.6085322,
            -31.3761802
          ],
          [
            -68.6085711,
            -31.3760909
          ],
          [
            -68.6086072,
            -31.3760017
          ],
          [
            -68.6086329,
            -31.3759055
          ],
          [
            -68.6086579,
            -31.3758104
          ],
          [
            -68.6086775,
            -31.3757068
          ],
          [
            -68.6086876,
            -31.3756122
          ],
          [
            -68.6086926,
            -31.3755089
          ],
          [
            -68.608696,
            -31.3753991
          ],
          [
            -68.6086927,
            -31.3752939
          ],
          [
            -68.6086813,
            -31.3751857
          ],
          [
            -68.6086698,
            -31.3750826
          ],
          [
            -68.6086502,
            -31.3749777
          ],
          [
            -68.6086257,
            -31.3748779
          ],
          [
            -68.6085863,
            -31.37477
          ],
          [
            -68.608547,
            -31.3746762
          ],
          [
            -68.6085086,
            -31.3745793
          ],
          [
            -68.6084642,
            -31.3744812
          ],
          [
            -68.6084157,
            -31.3743806
          ],
          [
            -68.6083599,
            -31.3742676
          ],
          [
            -68.6083079,
            -31.3741624
          ],
          [
            -68.6082502,
            -31.3740455
          ],
          [
            -68.6081954,
            -31.3739338
          ],
          [
            -68.6081443,
            -31.373827
          ],
          [
            -68.608094,
            -31.3737219
          ],
          [
            -68.6080367,
            -31.3736021
          ],
          [
            -68.6079642,
            -31.3734508
          ],
          [
            -68.6078803,
            -31.3732754
          ],
          [
            -68.607839,
            -31.3731892
          ],
          [
            -68.6077941,
            -31.373087
          ],
          [
            -68.6076887,
            -31.3728685
          ],
          [
            -68.6075774,
            -31.3726237
          ],
          [
            -68.6074496,
            -31.3723533
          ],
          [
            -68.6073938,
            -31.3722355
          ],
          [
            -68.6073156,
            -31.3720703
          ],
          [
            -68.606992,
            -31.3714116
          ],
          [
            -68.6067809,
            -31.3709692
          ],
          [
            -68.6065999,
            -31.3705827
          ],
          [
            -68.6065226,
            -31.3704133
          ],
          [
            -68.6064236,
            -31.3701754
          ],
          [
            -68.6063464,
            -31.369975
          ],
          [
            -68.606284,
            -31.3698038
          ],
          [
            -68.6062299,
            -31.3696336
          ],
          [
            -68.6061934,
            -31.3694867
          ],
          [
            -68.6061593,
            -31.3693426
          ],
          [
            -68.606125,
            -31.3691828
          ],
          [
            -68.6060917,
            -31.3690181
          ],
          [
            -68.6060539,
            -31.3687749
          ],
          [
            -68.6060322,
            -31.3685763
          ],
          [
            -68.6060119,
            -31.3683297
          ],
          [
            -68.6060023,
            -31.36811
          ],
          [
            -68.6059993,
            -31.3678184
          ],
          [
            -68.605999,
            -31.3675144
          ],
          [
            -68.6060773,
            -31.3643777
          ],
          [
            -68.606079,
            -31.3642515
          ],
          [
            -68.6060824,
            -31.3640904
          ],
          [
            -68.6061131,
            -31.3624274
          ],
          [
            -68.606118,
            -31.3622724
          ],
          [
            -68.6061215,
            -31.362088
          ],
          [
            -68.6061773,
            -31.3594267
          ],
          [
            -68.6061822,
            -31.3592557
          ],
          [
            -68.6061858,
            -31.3591262
          ],
          [
            -68.6062227,
            -31.3565347
          ],
          [
            -68.6062333,
            -31.3562974
          ],
          [
            -68.6062399,
            -31.3561175
          ],
          [
            -68.6062687,
            -31.3544928
          ],
          [
            -68.6062739,
            -31.3542159
          ],
          [
            -68.6062809,
            -31.3539804
          ],
          [
            -68.6063361,
            -31.3511408
          ],
          [
            -68.6063384,
            -31.3510577
          ],
          [
            -68.6063433,
            -31.3509715
          ],
          [
            -68.6063914,
            -31.348311
          ],
          [
            -68.6063984,
            -31.3480695
          ],
          [
            -68.6064053,
            -31.3478406
          ],
          [
            -68.6064533,
            -31.3456142
          ],
          [
            -68.6064565,
            -31.3453772
          ],
          [
            -68.6064657,
            -31.345056
          ],
          [
            -68.6065062,
            -31.3419472
          ],
          [
            -68.6065088,
            -31.3418086
          ],
          [
            -68.6065114,
            -31.3417006
          ],
          [
            -68.6065638,
            -31.3390359
          ],
          [
            -68.6065665,
            -31.3388878
          ],
          [
            -68.6065698,
            -31.3387473
          ],
          [
            -68.6065955,
            -31.336524
          ],
          [
            -68.6066006,
            -31.3363975
          ],
          [
            -68.6066042,
            -31.3362581
          ],
          [
            -68.606638,
            -31.3337104
          ],
          [
            -68.6066428,
            -31.3334913
          ],
          [
            -68.6066462,
            -31.3333539
          ],
          [
            -68.6066737,
            -31.3315914
          ],
          [
            -68.6067005,
            -31.3297949
          ],
          [
            -68.606706,
            -31.3296138
          ],
          [
            -68.6067071,
            -31.3294875
          ],
          [
            -68.6067255,
            -31.3279105
          ],
          [
            -68.6067289,
            -31.3277238
          ],
          [
            -68.6067368,
            -31.32738
          ],
          [
            -68.6067843,
            -31.3242684
          ],
          [
            -68.6067895,
            -31.3239856
          ],
          [
            -68.6067932,
            -31.3237067
          ],
          [
            -68.6068372,
            -31.3210533
          ],
          [
            -68.606842,
            -31.3207727
          ],
          [
            -68.6068463,
            -31.3204693
          ],
          [
            -68.6068945,
            -31.3178165
          ],
          [
            -68.6068969,
            -31.3176612
          ],
          [
            -68.6068993,
            -31.3175085
          ],
          [
            -68.6069389,
            -31.3147075
          ],
          [
            -68.6069777,
            -31.3124143
          ],
          [
            -68.6070022,
            -31.3112819
          ],
          [
            -68.6070045,
            -31.3112191
          ],
          [
            -68.6070713,
            -31.3071349
          ],
          [
            -68.6070717,
            -31.3070777
          ],
          [
            -68.6070807,
            -31.3064497
          ],
          [
            -68.6071373,
            -31.3033553
          ],
          [
            -68.6071464,
            -31.3030168
          ],
          [
            -68.607155,
            -31.3027737
          ],
          [
            -68.6071687,
            -31.3025537
          ],
          [
            -68.6071838,
            -31.302374
          ],
          [
            -68.6072084,
            -31.3021701
          ],
          [
            -68.6072243,
            -31.3020655
          ],
          [
            -68.6072428,
            -31.3019643
          ],
          [
            -68.6072787,
            -31.3017901
          ],
          [
            -68.6073096,
            -31.3016566
          ],
          [
            -68.6073405,
            -31.3015342
          ],
          [
            -68.60739,
            -31.3013594
          ],
          [
            -68.6074623,
            -31.3011445
          ],
          [
            -68.6075566,
            -31.3008591
          ],
          [
            -68.607678,
            -31.3005391
          ],
          [
            -68.6077489,
            -31.3003738
          ],
          [
            -68.6078098,
            -31.3002342
          ],
          [
            -68.6084558,
            -31.2987028
          ],
          [
            -68.6084894,
            -31.298628
          ],
          [
            -68.6087294,
            -31.2980697
          ],
          [
            -68.6088535,
            -31.297825
          ],
          [
            -68.6089449,
            -31.2976473
          ],
          [
            -68.6090442,
            -31.2974771
          ],
          [
            -68.6091425,
            -31.2973203
          ],
          [
            -68.6092748,
            -31.2971225
          ],
          [
            -68.6093109,
            -31.2970691
          ],
          [
            -68.609395,
            -31.296954
          ],
          [
            -68.6095212,
            -31.2967943
          ],
          [
            -68.6096613,
            -31.2966167
          ],
          [
            -68.6098685,
            -31.2963736
          ],
          [
            -68.6100818,
            -31.2961483
          ],
          [
            -68.610342,
            -31.2958898
          ],
          [
            -68.6106035,
            -31.2956577
          ],
          [
            -68.6109465,
            -31.2953857
          ],
          [
            -68.611258,
            -31.295149
          ],
          [
            -68.6116457,
            -31.2948599
          ],
          [
            -68.6118805,
            -31.2946892
          ],
          [
            -68.6121543,
            -31.2944878
          ],
          [
            -68.6123124,
            -31.2943638
          ],
          [
            -68.6124666,
            -31.2942431
          ],
          [
            -68.6126112,
            -31.2941142
          ],
          [
            -68.6127402,
            -31.2939942
          ],
          [
            -68.612856,
            -31.2938768
          ],
          [
            -68.6129613,
            -31.2937639
          ],
          [
            -68.6131026,
            -31.2936042
          ],
          [
            -68.6132218,
            -31.2934622
          ],
          [
            -68.6135005,
            -31.293109
          ],
          [
            -68.6136614,
            -31.2929068
          ],
          [
            -68.613821,
            -31.2927224
          ],
          [
            -68.6139369,
            -31.2925864
          ],
          [
            -68.6140645,
            -31.2924504
          ],
          [
            -68.6142098,
            -31.2923096
          ],
          [
            -68.614355,
            -31.2921833
          ],
          [
            -68.6145653,
            -31.2920196
          ],
          [
            -68.6147783,
            -31.291867
          ],
          [
            -68.6150367,
            -31.2917012
          ],
          [
            -68.6153186,
            -31.2915442
          ],
          [
            -68.6158081,
            -31.291285
          ],
          [
            -68.6168531,
            -31.2907357
          ],
          [
            -68.6170868,
            -31.2906105
          ],
          [
            -68.6172574,
            -31.2905094
          ],
          [
            -68.6174318,
            -31.290403
          ],
          [
            -68.6175814,
            -31.2903056
          ],
          [
            -68.6178686,
            -31.2901063
          ],
          [
            -68.6181594,
            -31.2899057
          ],
          [
            -68.6186323,
            -31.2895662
          ],
          [
            -68.6190099,
            -31.2892933
          ],
          [
            -68.6193837,
            -31.2890181
          ],
          [
            -68.6195342,
            -31.2888866
          ],
          [
            -68.6196547,
            -31.2887775
          ],
          [
            -68.6197751,
            -31.2886525
          ],
          [
            -68.6199159,
            -31.2884999
          ],
          [
            -68.6200607,
            -31.2883307
          ],
          [
            -68.6201696,
            -31.2881914
          ],
          [
            -68.6203329,
            -31.2879534
          ],
          [
            -68.6204795,
            -31.2877063
          ],
          [
            -68.6205935,
            -31.2874679
          ],
          [
            -68.6207102,
            -31.287183
          ],
          [
            -68.6208618,
            -31.2868091
          ],
          [
            -68.6209933,
            -31.2864598
          ],
          [
            -68.6211082,
            -31.2861719
          ],
          [
            -68.6212344,
            -31.285876
          ],
          [
            -68.6213778,
            -31.2855906
          ],
          [
            -68.6215211,
            -31.2853389
          ],
          [
            -68.621702,
            -31.285057
          ],
          [
            -68.6218619,
            -31.2848062
          ],
          [
            -68.6220509,
            -31.2845023
          ],
          [
            -68.6222942,
            -31.2841154
          ],
          [
            -68.6227782,
            -31.2833337
          ],
          [
            -68.6232027,
            -31.2826734
          ],
          [
            -68.6233961,
            -31.2824102
          ],
          [
            -68.6236112,
            -31.2821215
          ],
          [
            -68.6237804,
            -31.2819284
          ],
          [
            -68.624071,
            -31.2815974
          ],
          [
            -68.6245549,
            -31.2810821
          ],
          [
            -68.6249026,
            -31.2807125
          ],
          [
            -68.6254341,
            -31.2801461
          ],
          [
            -68.6258896,
            -31.2796717
          ],
          [
            -68.6265414,
            -31.278981
          ],
          [
            -68.6269214,
            -31.2785781
          ],
          [
            -68.6271407,
            -31.278342
          ],
          [
            -68.627316,
            -31.2781535
          ],
          [
            -68.6274484,
            -31.2780029
          ],
          [
            -68.6275841,
            -31.2778338
          ],
          [
            -68.6277129,
            -31.2776351
          ],
          [
            -68.6278227,
            -31.2774542
          ],
          [
            -68.6279166,
            -31.277263
          ],
          [
            -68.6280255,
            -31.2770437
          ],
          [
            -68.6281094,
            -31.2768613
          ],
          [
            -68.6281644,
            -31.2767045
          ],
          [
            -68.6282207,
            -31.276515
          ],
          [
            -68.6282622,
            -31.2763659
          ],
          [
            -68.6282986,
            -31.2761747
          ],
          [
            -68.6283164,
            -31.2759982
          ],
          [
            -68.6283403,
            -31.2757168
          ],
          [
            -68.6283692,
            -31.2752089
          ],
          [
            -68.6284066,
            -31.2747681
          ],
          [
            -68.6284195,
            -31.2744581
          ],
          [
            -68.6284325,
            -31.2741481
          ],
          [
            -68.6285202,
            -31.2722928
          ],
          [
            -68.6285944,
            -31.2709006
          ],
          [
            -68.6286073,
            -31.2706038
          ],
          [
            -68.6286201,
            -31.2703874
          ],
          [
            -68.6288198,
            -31.2664997
          ],
          [
            -68.6288351,
            -31.2661314
          ],
          [
            -68.628845,
            -31.2658987
          ],
          [
            -68.6288709,
            -31.2653789
          ],
          [
            -68.6289502,
            -31.2637843
          ],
          [
            -68.6289758,
            -31.263501
          ],
          [
            -68.6290026,
            -31.263263
          ],
          [
            -68.6290376,
            -31.2630195
          ],
          [
            -68.6290914,
            -31.2627901
          ],
          [
            -68.6291814,
            -31.2625152
          ],
          [
            -68.6292963,
            -31.2622461
          ],
          [
            -68.6293834,
            -31.2620605
          ],
          [
            -68.6294979,
            -31.2618468
          ],
          [
            -68.629643,
            -31.2616056
          ],
          [
            -68.6298187,
            -31.2613462
          ],
          [
            -68.6301896,
            -31.2608357
          ],
          [
            -68.6305216,
            -31.2603692
          ],
          [
            -68.6310187,
            -31.2596714
          ],
          [
            -68.6315515,
            -31.2589334
          ],
          [
            -68.6320757,
            -31.258197
          ],
          [
            -68.6325599,
            -31.257526
          ],
          [
            -68.6330836,
            -31.2568001
          ],
          [
            -68.6332472,
            -31.2565754
          ],
          [
            -68.6336022,
            -31.2560909
          ],
          [
            -68.6339212,
            -31.2556446
          ],
          [
            -68.6342689,
            -31.2551567
          ],
          [
            -68.6344236,
            -31.2549389
          ],
          [
            -68.6345704,
            -31.2547357
          ],
          [
            -68.6348786,
            -31.2543076
          ],
          [
            -68.6351459,
            -31.2539411
          ],
          [
            -68.6352928,
            -31.2537282
          ],
          [
            -68.635333,
            -31.2536711
          ],
          [
            -68.6353729,
            -31.2536158
          ],
          [
            -68.63551615,
            -31.25341118
          ],
          [
            -68.6355239,
            -31.2534001
          ],
          [
            -68.6359239,
            -31.2528414
          ],
          [
            -68.6365131,
            -31.252022
          ],
          [
            -68.6365904,
            -31.2519203
          ],
          [
            -68.6393003,
            -31.2481641
          ],
          [
            -68.6395634,
            -31.2478346
          ],
          [
            -68.6397701,
            -31.2475974
          ],
          [
            -68.6399773,
            -31.2473703
          ],
          [
            -68.6401676,
            -31.2471727
          ],
          [
            -68.6404009,
            -31.2469422
          ],
          [
            -68.6406817,
            -31.2466958
          ],
          [
            -68.6410322,
            -31.2463995
          ],
          [
            -68.6414359,
            -31.2460961
          ],
          [
            -68.6422091,
            -31.2455362
          ],
          [
            -68.6423219,
            -31.2454552
          ],
          [
            -68.6424456,
            -31.2453715
          ],
          [
            -68.6427231,
            -31.2451818
          ],
          [
            -68.6432692,
            -31.2447898
          ],
          [
            -68.6438331,
            -31.2443674
          ],
          [
            -68.6447197,
            -31.243743
          ],
          [
            -68.6455984,
            -31.243095
          ],
          [
            -68.6468185,
            -31.2422022
          ],
          [
            -68.6478327,
            -31.2414687
          ],
          [
            -68.6482678,
            -31.2411555
          ],
          [
            -68.6488971,
            -31.2407074
          ],
          [
            -68.6499097,
            -31.2399865
          ],
          [
            -68.6505396,
            -31.2395366
          ],
          [
            -68.6512444,
            -31.2390309
          ],
          [
            -68.6518402,
            -31.238599
          ],
          [
            -68.6520789,
            -31.2384052
          ],
          [
            -68.6522554,
            -31.2382612
          ],
          [
            -68.6524278,
            -31.2381146
          ],
          [
            -68.6525935,
            -31.2379581
          ],
          [
            -68.6527501,
            -31.2378055
          ],
          [
            -68.6529226,
            -31.2376223
          ],
          [
            -68.6530815,
            -31.2374546
          ],
          [
            -68.6533274,
            -31.2371764
          ],
          [
            -68.6534874,
            -31.2369861
          ],
          [
            -68.6536786,
            -31.2367481
          ],
          [
            -68.6538546,
            -31.2365037
          ],
          [
            -68.6539169,
            -31.2364108
          ],
          [
            -68.653985,
            -31.2363093
          ],
          [
            -68.6541097,
            -31.2361299
          ],
          [
            -68.6542503,
            -31.2359087
          ],
          [
            -68.6543902,
            -31.2356748
          ],
          [
            -68.654494,
            -31.2354889
          ],
          [
            -68.6546146,
            -31.2352396
          ],
          [
            -68.6549739,
            -31.2344502
          ],
          [
            -68.6552443,
            -31.233843
          ],
          [
            -68.6555735,
            -31.2330846
          ],
          [
            -68.6558802,
            -31.2323639
          ],
          [
            -68.6561506,
            -31.2317364
          ],
          [
            -68.6563189,
            -31.2313324
          ],
          [
            -68.6563988,
            -31.2311298
          ],
          [
            -68.6564697,
            -31.2309273
          ],
          [
            -68.6565433,
            -31.2307069
          ],
          [
            -68.6566124,
            -31.2304944
          ],
          [
            -68.6566744,
            -31.2302934
          ],
          [
            -68.6567272,
            -31.2301041
          ],
          [
            -68.6567809,
            -31.229853
          ],
          [
            -68.6568077,
            -31.2297281
          ],
          [
            -68.6568827,
            -31.2292992
          ],
          [
            -68.6569228,
            -31.2290025
          ],
          [
            -68.6569537,
            -31.2287
          ],
          [
            -68.6569716,
            -31.2283263
          ],
          [
            -68.6569712,
            -31.2278543
          ],
          [
            -68.656957,
            -31.2274875
          ],
          [
            -68.6569371,
            -31.2271962
          ],
          [
            -68.6568986,
            -31.2268927
          ],
          [
            -68.6568511,
            -31.2266286
          ],
          [
            -68.6568101,
            -31.2264401
          ],
          [
            -68.6567291,
            -31.2260971
          ],
          [
            -68.6566306,
            -31.2257647
          ],
          [
            -68.6565421,
            -31.2255135
          ],
          [
            -68.6564536,
            -31.2252853
          ],
          [
            -68.656236,
            -31.2247796
          ],
          [
            -68.6558522,
            -31.2239133
          ],
          [
            -68.6557595,
            -31.2236844
          ],
          [
            -68.6556133,
            -31.2233389
          ],
          [
            -68.6549943,
            -31.2219024
          ],
          [
            -68.6541668,
            -31.2199886
          ],
          [
            -68.6541307,
            -31.2199007
          ],
          [
            -68.653835,
            -31.2192404
          ],
          [
            -68.6534958,
            -31.2184607
          ],
          [
            -68.6533674,
            -31.2181656
          ],
          [
            -68.6532412,
            -31.2178685
          ],
          [
            -68.6529763,
            -31.2172617
          ],
          [
            -68.6527388,
            -31.2167248
          ],
          [
            -68.6525266,
            -31.2162284
          ],
          [
            -68.6523084,
            -31.2157232
          ],
          [
            -68.6517997,
            -31.2145424
          ],
          [
            -68.6515359,
            -31.2139208
          ],
          [
            -68.6507361,
            -31.2121102
          ],
          [
            -68.6500409,
            -31.2105097
          ],
          [
            -68.6490073,
            -31.2081239
          ],
          [
            -68.6489196,
            -31.2079184
          ],
          [
            -68.6488267,
            -31.2077055
          ],
          [
            -68.6455592,
            -31.2002557
          ],
          [
            -68.6454848,
            -31.2000806
          ],
          [
            -68.6454126,
            -31.1999129
          ],
          [
            -68.6430813,
            -31.1945346
          ],
          [
            -68.6430375,
            -31.19443
          ],
          [
            -68.6429897,
            -31.1943221
          ],
          [
            -68.6415265,
            -31.1909657
          ],
          [
            -68.6414934,
            -31.1908845
          ],
          [
            -68.6414719,
            -31.1908299
          ],
          [
            -68.6413263,
            -31.1904084
          ],
          [
            -68.6411926,
            -31.1900073
          ],
          [
            -68.6411213,
            -31.1897347
          ],
          [
            -68.6410753,
            -31.1894979
          ],
          [
            -68.6410316,
            -31.1892696
          ],
          [
            -68.6410192,
            -31.1891734
          ],
          [
            -68.6410083,
            -31.1890924
          ],
          [
            -68.640954,
            -31.1887839
          ],
          [
            -68.6409121,
            -31.1884742
          ],
          [
            -68.6409015,
            -31.1881935
          ],
          [
            -68.6408955,
            -31.1878768
          ],
          [
            -68.6409004,
            -31.1875892
          ],
          [
            -68.6409192,
            -31.1872576
          ],
          [
            -68.6409761,
            -31.1864634
          ],
          [
            -68.6410666,
            -31.1852677
          ],
          [
            -68.6410781,
            -31.1851041
          ],
          [
            -68.6410907,
            -31.1849405
          ],
          [
            -68.6411967,
            -31.1834554
          ],
          [
            -68.6412777,
            -31.1823752
          ],
          [
            -68.6415638,
            -31.1786058
          ],
          [
            -68.6415866,
            -31.1782956
          ],
          [
            -68.6415972,
            -31.1781247
          ],
          [
            -68.6420982,
            -31.1710937
          ],
          [
            -68.6421157,
            -31.1708292
          ],
          [
            -68.6421274,
            -31.170634
          ],
          [
            -68.6425375,
            -31.1648872
          ],
          [
            -68.6425548,
            -31.1646347
          ],
          [
            -68.6425716,
            -31.1644493
          ],
          [
            -68.6426386,
            -31.1637058
          ],
          [
            -68.6427004,
            -31.162989
          ],
          [
            -68.6429266,
            -31.1595309
          ],
          [
            -68.6429313,
            -31.1594709
          ],
          [
            -68.642935,
            -31.1594192
          ],
          [
            -68.6430532,
            -31.1577992
          ],
          [
            -68.6432446,
            -31.1549665
          ],
          [
            -68.6432564,
            -31.1548418
          ],
          [
            -68.6432653,
            -31.1547373
          ],
          [
            -68.6433159,
            -31.1539292
          ],
          [
            -68.6433753,
            -31.1530537
          ],
          [
            -68.6436627,
            -31.1490227
          ],
          [
            -68.64367,
            -31.148944
          ],
          [
            -68.6436773,
            -31.1488468
          ],
          [
            -68.6437222,
            -31.1482883
          ],
          [
            -68.6438705,
            -31.1460229
          ],
          [
            -68.6438771,
            -31.1459125
          ],
          [
            -68.6441554,
            -31.1417285
          ],
          [
            -68.6441603,
            -31.1416545
          ],
          [
            -68.6442325,
            -31.1405615
          ],
          [
            -68.6442393,
            -31.1404547
          ],
          [
            -68.6442462,
            -31.1403526
          ],
          [
            -68.6444849,
            -31.1370469
          ],
          [
            -68.6446118,
            -31.1350151
          ],
          [
            -68.644626,
            -31.1348249
          ],
          [
            -68.6446368,
            -31.134639
          ],
          [
            -68.644687,
            -31.1339495
          ],
          [
            -68.6446906,
            -31.1336762
          ],
          [
            -68.6446876,
            -31.1334613
          ],
          [
            -68.6446737,
            -31.133247
          ],
          [
            -68.6446537,
            -31.133053
          ],
          [
            -68.6446253,
            -31.1328466
          ],
          [
            -68.6445937,
            -31.1326306
          ],
          [
            -68.6445518,
            -31.1324024
          ],
          [
            -68.644503,
            -31.132199
          ],
          [
            -68.6444484,
            -31.1320089
          ],
          [
            -68.6443973,
            -31.1318471
          ],
          [
            -68.6443454,
            -31.131684
          ],
          [
            -68.6442845,
            -31.1314973
          ],
          [
            -68.6442091,
            -31.1312989
          ],
          [
            -68.6441477,
            -31.1311445
          ],
          [
            -68.6440777,
            -31.1309807
          ],
          [
            -68.6439945,
            -31.1308094
          ],
          [
            -68.6439318,
            -31.13068
          ],
          [
            -68.6438713,
            -31.130565
          ],
          [
            -68.6438093,
            -31.1304524
          ],
          [
            -68.6437266,
            -31.1303119
          ],
          [
            -68.6436554,
            -31.1302035
          ],
          [
            -68.643398,
            -31.1298293
          ],
          [
            -68.6430677,
            -31.129346
          ],
          [
            -68.6427491,
            -31.1288857
          ],
          [
            -68.6424443,
            -31.1284762
          ],
          [
            -68.6421564,
            -31.1281082
          ],
          [
            -68.6419226,
            -31.1278111
          ],
          [
            -68.6417496,
            -31.1276228
          ],
          [
            -68.6416152,
            -31.1274824
          ],
          [
            -68.6414664,
            -31.1273425
          ],
          [
            -68.6413394,
            -31.1272326
          ],
          [
            -68.6411405,
            -31.1270638
          ],
          [
            -68.6407199,
            -31.1267207
          ],
          [
            -68.6402047,
            -31.1263014
          ],
          [
            -68.6397437,
            -31.1259362
          ],
          [
            -68.6392518,
            -31.1255432
          ],
          [
            -68.6389635,
            -31.1253105
          ],
          [
            -68.6384235,
            -31.1248781
          ],
          [
            -68.638028,
            -31.1245588
          ],
          [
            -68.6374816,
            -31.1241273
          ],
          [
            -68.6373838,
            -31.1240458
          ],
          [
            -68.6373162,
            -31.1239929
          ],
          [
            -68.6368493,
            -31.1236249
          ],
          [
            -68.6365507,
            -31.1233872
          ],
          [
            -68.6363827,
            -31.1232423
          ],
          [
            -68.636247,
            -31.1231138
          ],
          [
            -68.6360824,
            -31.1229496
          ],
          [
            -68.6359493,
            -31.1228043
          ],
          [
            -68.6358343,
            -31.1226703
          ],
          [
            -68.6357417,
            -31.1225503
          ],
          [
            -68.6356388,
            -31.1224121
          ],
          [
            -68.635535,
            -31.1222707
          ],
          [
            -68.6354279,
            -31.1221034
          ],
          [
            -68.6353159,
            -31.1218938
          ],
          [
            -68.6352541,
            -31.1217441
          ],
          [
            -68.635213,
            -31.121611
          ],
          [
            -68.6351751,
            -31.1214778
          ],
          [
            -68.6351522,
            -31.1213697
          ],
          [
            -68.6351272,
            -31.1212522
          ],
          [
            -68.6351141,
            -31.121133
          ],
          [
            -68.6351054,
            -31.1210327
          ],
          [
            -68.6351078,
            -31.1209014
          ],
          [
            -68.6351262,
            -31.1206974
          ],
          [
            -68.6351634,
            -31.1204619
          ],
          [
            -68.6352004,
            -31.1202524
          ],
          [
            -68.6352341,
            -31.1201135
          ],
          [
            -68.6352617,
            -31.1200193
          ],
          [
            -68.6353001,
            -31.1198695
          ],
          [
            -68.6353855,
            -31.1196599
          ],
          [
            -68.6355365,
            -31.1193312
          ],
          [
            -68.6358237,
            -31.1187953
          ],
          [
            -68.6361303,
            -31.1182153
          ],
          [
            -68.6364287,
            -31.1176749
          ],
          [
            -68.6367805,
            -31.1170096
          ],
          [
            -68.6372375,
            -31.1161515
          ],
          [
            -68.6376941,
            -31.1153156
          ],
          [
            -68.6378023,
            -31.1150946
          ],
          [
            -68.6378672,
            -31.1149298
          ],
          [
            -68.6379338,
            -31.1147485
          ],
          [
            -68.6379736,
            -31.1145922
          ],
          [
            -68.6380189,
            -31.1143816
          ],
          [
            -68.6380468,
            -31.1142342
          ],
          [
            -68.6380778,
            -31.114019
          ],
          [
            -68.6381007,
            -31.1138577
          ],
          [
            -68.6381374,
            -31.1135429
          ],
          [
            -68.6381489,
            -31.1134436
          ],
          [
            -68.6382103,
            -31.1128023
          ],
          [
            -68.63828,
            -31.1121332
          ],
          [
            -68.6383085,
            -31.1118557
          ],
          [
            -68.6383709,
            -31.1112682
          ],
          [
            -68.6385119,
            -31.1098301
          ],
          [
            -68.6386126,
            -31.1088603
          ],
          [
            -68.6387698,
            -31.107266
          ],
          [
            -68.6387933,
            -31.1070303
          ],
          [
            -68.6388226,
            -31.1068114
          ],
          [
            -68.6389646,
            -31.1053989
          ],
          [
            -68.6391465,
            -31.1035724
          ],
          [
            -68.6391585,
            -31.1032939
          ],
          [
            -68.639161,
            -31.102943
          ],
          [
            -68.6391537,
            -31.1026822
          ],
          [
            -68.6391061,
            -31.1022776
          ],
          [
            -68.6390525,
            -31.1018842
          ],
          [
            -68.638968,
            -31.1014695
          ],
          [
            -68.6389359,
            -31.1013236
          ],
          [
            -68.6388721,
            -31.1010365
          ],
          [
            -68.6388216,
            -31.1007944
          ],
          [
            -68.6387639,
            -31.1005758
          ],
          [
            -68.6387134,
            -31.1003848
          ],
          [
            -68.638663,
            -31.1002005
          ],
          [
            -68.6386195,
            -31.1000418
          ],
          [
            -68.6385901,
            -31.0999253
          ],
          [
            -68.6385804,
            -31.0998866
          ],
          [
            -68.6385648,
            -31.0998242
          ],
          [
            -68.6385394,
            -31.0997227
          ],
          [
            -68.638514,
            -31.0996213
          ],
          [
            -68.63849,
            -31.0995269
          ],
          [
            -68.6384651,
            -31.099429
          ],
          [
            -68.6383556,
            -31.0989982
          ]
        ]
      }
    },
    {
      "type": "Feature",
      "id": "hualilan-rp436-public-v2",
      "properties": {
        "id": "hualilan-rp436-public-v2",
        "corridorId": "hualilan",
        "geometryClass": "PUBLIC_ROAD",
        "sourceFeatureIds": [
          "vial_provincial.10291",
          "vial_provincial.10290",
          "vial_provincial.10289"
        ],
        "evidenceRefs": [
          "hualilan-ign-road-geometry-v2"
        ],
        "sourceDatasetId": "ign-rutas-provinciales-2016-20260830",
        "sourceRetrievedAt": "2026-09-02T02:02:45.989Z",
        "sourceLicense": "Otra (Abierta)",
        "limitations": [
          "Frozen corridor-only source extract; not a live road-status or navigation feed.",
          "Published reference geometry may be stale relative to current road works."
        ],
        "geometryChainageStartKm": 60.004704,
        "geometryChainageEndKm": 83.22715
      },
      "geometry": {
        "type": "LineString",
        "coordinates": [
          [
            -68.6383556,
            -31.0989982
          ],
          [
            -68.63835538,
            -31.09888614
          ],
          [
            -68.6383552,
            -31.0987965
          ],
          [
            -68.6383668,
            -31.0986773
          ],
          [
            -68.6383919,
            -31.0985619
          ],
          [
            -68.6384294,
            -31.0984542
          ],
          [
            -68.6384721,
            -31.098362
          ],
          [
            -68.638521,
            -31.0982782
          ],
          [
            -68.6385852,
            -31.0981728
          ],
          [
            -68.6386796,
            -31.0980494
          ],
          [
            -68.6388128,
            -31.097932
          ],
          [
            -68.6389243,
            -31.0978392
          ],
          [
            -68.6389799,
            -31.0978059
          ],
          [
            -68.6391483,
            -31.0977201
          ],
          [
            -68.6392025,
            -31.0977021
          ],
          [
            -68.6395533,
            -31.0975859
          ],
          [
            -68.6398513,
            -31.0974877
          ],
          [
            -68.639912,
            -31.097467
          ],
          [
            -68.6399919,
            -31.0974423
          ],
          [
            -68.6402425,
            -31.0973613
          ],
          [
            -68.6403494,
            -31.0973227
          ],
          [
            -68.6405231,
            -31.0972625
          ],
          [
            -68.6406425,
            -31.0972118
          ],
          [
            -68.6407882,
            -31.0971246
          ],
          [
            -68.6409083,
            -31.0970533
          ],
          [
            -68.6410205,
            -31.0969703
          ],
          [
            -68.6411096,
            -31.0968953
          ],
          [
            -68.6412052,
            -31.0967957
          ],
          [
            -68.6412889,
            -31.0967096
          ],
          [
            -68.6414027,
            -31.0965591
          ],
          [
            -68.6419882,
            -31.0957148
          ],
          [
            -68.6426428,
            -31.0948288
          ],
          [
            -68.644526,
            -31.0921954
          ],
          [
            -68.6473419,
            -31.0883089
          ],
          [
            -68.6474744,
            -31.0881003
          ],
          [
            -68.648325,
            -31.0869232
          ],
          [
            -68.6488106,
            -31.0862726
          ],
          [
            -68.6489798,
            -31.086073
          ],
          [
            -68.6491212,
            -31.0859044
          ],
          [
            -68.6493931,
            -31.0856508
          ],
          [
            -68.650193,
            -31.0848204
          ],
          [
            -68.6505747,
            -31.084417
          ],
          [
            -68.650746,
            -31.0842325
          ],
          [
            -68.6508198,
            -31.0841376
          ],
          [
            -68.6509025,
            -31.0840268
          ],
          [
            -68.6509674,
            -31.0839357
          ],
          [
            -68.6516575,
            -31.0829679
          ],
          [
            -68.6524959,
            -31.0816494
          ],
          [
            -68.6526063,
            -31.0815009
          ],
          [
            -68.6526947,
            -31.0813828
          ],
          [
            -68.6528052,
            -31.0812545
          ],
          [
            -68.6529181,
            -31.0811414
          ],
          [
            -68.6529867,
            -31.0810723
          ],
          [
            -68.6530515,
            -31.081011
          ],
          [
            -68.6531868,
            -31.0808913
          ],
          [
            -68.653265,
            -31.0808347
          ],
          [
            -68.6533511,
            -31.0807787
          ],
          [
            -68.6534721,
            -31.0806919
          ],
          [
            -68.6536058,
            -31.0806113
          ],
          [
            -68.6558229,
            -31.0793088
          ],
          [
            -68.6571489,
            -31.0785485
          ],
          [
            -68.658401,
            -31.0778416
          ],
          [
            -68.6587605,
            -31.0776333
          ],
          [
            -68.6595864,
            -31.07719
          ],
          [
            -68.6603055,
            -31.0767683
          ],
          [
            -68.6607433,
            -31.0765404
          ],
          [
            -68.6619092,
            -31.0759679
          ],
          [
            -68.6628418,
            -31.0755201
          ],
          [
            -68.6642929,
            -31.0748163
          ],
          [
            -68.6644649,
            -31.0747341
          ],
          [
            -68.6646133,
            -31.0746651
          ],
          [
            -68.6647868,
            -31.0745908
          ],
          [
            -68.6649847,
            -31.0745086
          ],
          [
            -68.665159,
            -31.074439
          ],
          [
            -68.6652957,
            -31.0743888
          ],
          [
            -68.6654975,
            -31.0743236
          ],
          [
            -68.665622,
            -31.0742855
          ],
          [
            -68.6657465,
            -31.074252
          ],
          [
            -68.665913,
            -31.0742078
          ],
          [
            -68.6709366,
            -31.0729448
          ],
          [
            -68.6718505,
            -31.0727221
          ],
          [
            -68.6719782,
            -31.0726874
          ],
          [
            -68.6721525,
            -31.0726357
          ],
          [
            -68.6722947,
            -31.0725908
          ],
          [
            -68.67245,
            -31.0725415
          ],
          [
            -68.6725975,
            -31.0724886
          ],
          [
            -68.6727568,
            -31.0724226
          ],
          [
            -68.6728818,
            -31.0723646
          ],
          [
            -68.6730218,
            -31.0722965
          ],
          [
            -68.6731986,
            -31.0721996
          ],
          [
            -68.6733807,
            -31.0720935
          ],
          [
            -68.6738372,
            -31.0718148
          ],
          [
            -68.6745582,
            -31.071356
          ],
          [
            -68.6749412,
            -31.0711152
          ],
          [
            -68.6755781,
            -31.0707128
          ],
          [
            -68.6773854,
            -31.0695627
          ],
          [
            -68.6800361,
            -31.0678877
          ],
          [
            -68.6805886,
            -31.0675306
          ],
          [
            -68.6812932,
            -31.0670966
          ],
          [
            -68.6825925,
            -31.066266
          ],
          [
            -68.6841277,
            -31.0652872
          ],
          [
            -68.6842959,
            -31.0651807
          ],
          [
            -68.6862973,
            -31.0639126
          ],
          [
            -68.6893663,
            -31.0619659
          ],
          [
            -68.6895745,
            -31.0618368
          ],
          [
            -68.6905435,
            -31.06123
          ],
          [
            -68.6990553,
            -31.0558202
          ],
          [
            -68.700794,
            -31.0546858
          ],
          [
            -68.7013395,
            -31.0543519
          ],
          [
            -68.7014812,
            -31.0542594
          ],
          [
            -68.7020184,
            -31.0539237
          ],
          [
            -68.703251,
            -31.0531353
          ],
          [
            -68.7057761,
            -31.051542
          ],
          [
            -68.7060714,
            -31.0513445
          ],
          [
            -68.706611,
            -31.0510044
          ],
          [
            -68.709793,
            -31.0489863
          ],
          [
            -68.7124766,
            -31.0472921
          ],
          [
            -68.7133338,
            -31.0467316
          ],
          [
            -68.7144619,
            -31.0460264
          ],
          [
            -68.7151292,
            -31.0456016
          ],
          [
            -68.7158731,
            -31.0451352
          ],
          [
            -68.7166218,
            -31.0446568
          ],
          [
            -68.7171732,
            -31.044312
          ],
          [
            -68.7183642,
            -31.0435611
          ],
          [
            -68.7188668,
            -31.043242
          ],
          [
            -68.7198471,
            -31.0426092
          ],
          [
            -68.7202777,
            -31.0423283
          ],
          [
            -68.7209578,
            -31.0418898
          ],
          [
            -68.7215287,
            -31.0415374
          ],
          [
            -68.7216221,
            -31.0414793
          ],
          [
            -68.7236043,
            -31.0402263
          ],
          [
            -68.7243427,
            -31.0397529
          ],
          [
            -68.7245924,
            -31.0395997
          ],
          [
            -68.7247027,
            -31.039538
          ],
          [
            -68.7248102,
            -31.0394785
          ],
          [
            -68.724926,
            -31.0394169
          ],
          [
            -68.7250425,
            -31.0393587
          ],
          [
            -68.7251656,
            -31.0393052
          ],
          [
            -68.725283,
            -31.0392553
          ],
          [
            -68.7253971,
            -31.0392119
          ],
          [
            -68.7255243,
            -31.0391677
          ],
          [
            -68.7256492,
            -31.0391303
          ],
          [
            -68.7257657,
            -31.0390996
          ],
          [
            -68.7258776,
            -31.0390722
          ],
          [
            -68.725993,
            -31.0390524
          ],
          [
            -68.7288706,
            -31.0386387
          ],
          [
            -68.7305051,
            -31.0384167
          ],
          [
            -68.7309592,
            -31.0383564
          ],
          [
            -68.7313196,
            -31.0383065
          ],
          [
            -68.7316467,
            -31.0382554
          ],
          [
            -68.7318653,
            -31.0382178
          ],
          [
            -68.7320609,
            -31.0381761
          ],
          [
            -68.7322198,
            -31.0381347
          ],
          [
            -68.7323921,
            -31.0380818
          ],
          [
            -68.7325479,
            -31.0380256
          ],
          [
            -68.7327578,
            -31.0379389
          ],
          [
            -68.7334128,
            -31.0376407
          ],
          [
            -68.7338387,
            -31.0374335
          ],
          [
            -68.7343165,
            -31.0372045
          ],
          [
            -68.7345162,
            -31.0371095
          ],
          [
            -68.7347255,
            -31.0370088
          ],
          [
            -68.7351162,
            -31.0368256
          ],
          [
            -68.7353373,
            -31.0367247
          ],
          [
            -68.7355092,
            -31.0366386
          ],
          [
            -68.735631,
            -31.0365743
          ],
          [
            -68.7357552,
            -31.036506
          ],
          [
            -68.7358834,
            -31.0364308
          ],
          [
            -68.7360055,
            -31.0363553
          ],
          [
            -68.7361232,
            -31.0362752
          ],
          [
            -68.7362463,
            -31.0361904
          ],
          [
            -68.7363715,
            -31.0360986
          ],
          [
            -68.7364976,
            -31.0359971
          ],
          [
            -68.7372866,
            -31.0353405
          ],
          [
            -68.7378219,
            -31.0349003
          ],
          [
            -68.7378961,
            -31.0348307
          ],
          [
            -68.7379649,
            -31.0347656
          ],
          [
            -68.738073,
            -31.0346517
          ],
          [
            -68.7381829,
            -31.0345316
          ],
          [
            -68.7382848,
            -31.0344093
          ],
          [
            -68.7386064,
            -31.0339905
          ],
          [
            -68.7391412,
            -31.0332794
          ],
          [
            -68.7396133,
            -31.0326514
          ],
          [
            -68.7398965,
            -31.0322696
          ],
          [
            -68.7401164,
            -31.0319679
          ],
          [
            -68.7403592,
            -31.0316423
          ],
          [
            -68.7407714,
            -31.0310927
          ],
          [
            -68.7411782,
            -31.0305454
          ],
          [
            -68.7413165,
            -31.0303704
          ],
          [
            -68.7414548,
            -31.030223
          ],
          [
            -68.7415308,
            -31.0301535
          ],
          [
            -68.7415907,
            -31.0301069
          ],
          [
            -68.7416935,
            -31.030035
          ],
          [
            -68.741799,
            -31.0299654
          ],
          [
            -68.7421136,
            -31.0297656
          ],
          [
            -68.7424282,
            -31.0295841
          ],
          [
            -68.7432345,
            -31.0290927
          ],
          [
            -68.7435259,
            -31.0289127
          ],
          [
            -68.7436711,
            -31.0288181
          ],
          [
            -68.7438533,
            -31.0286856
          ],
          [
            -68.7439306,
            -31.0286258
          ],
          [
            -68.7440142,
            -31.0285528
          ],
          [
            -68.7440859,
            -31.0284797
          ],
          [
            -68.7441917,
            -31.0283772
          ],
          [
            -68.744276,
            -31.028282
          ],
          [
            -68.7443423,
            -31.0281903
          ],
          [
            -68.7444059,
            -31.0280842
          ],
          [
            -68.7446397,
            -31.0276166
          ],
          [
            -68.7448406,
            -31.0272017
          ],
          [
            -68.7449465,
            -31.0269804
          ],
          [
            -68.7450101,
            -31.0268744
          ],
          [
            -68.7450684,
            -31.0267775
          ],
          [
            -68.7451462,
            -31.0266695
          ],
          [
            -68.74524,
            -31.0265523
          ],
          [
            -68.7455802,
            -31.0261829
          ],
          [
            -68.7463906,
            -31.0252804
          ],
          [
            -68.7469503,
            -31.0246995
          ],
          [
            -68.7470543,
            -31.0245981
          ],
          [
            -68.7471274,
            -31.0245436
          ],
          [
            -68.7472112,
            -31.0244825
          ],
          [
            -68.7473021,
            -31.0244243
          ],
          [
            -68.7475083,
            -31.0243225
          ],
          [
            -68.7477602,
            -31.0242129
          ],
          [
            -68.7479531,
            -31.0241308
          ],
          [
            -68.7481567,
            -31.0240188
          ],
          [
            -68.748275,
            -31.0239359
          ],
          [
            -68.7483611,
            -31.0238577
          ],
          [
            -68.7484533,
            -31.0237515
          ],
          [
            -68.7485053,
            -31.0236591
          ],
          [
            -68.7485658,
            -31.0234935
          ],
          [
            -68.7486353,
            -31.0231725
          ],
          [
            -68.7487641,
            -31.0226576
          ],
          [
            -68.7488719,
            -31.0222562
          ],
          [
            -68.748895,
            -31.0221664
          ],
          [
            -68.748908,
            -31.0221286
          ],
          [
            -68.7489298,
            -31.0220836
          ],
          [
            -68.748958,
            -31.0220388
          ],
          [
            -68.7489969,
            -31.0220078
          ],
          [
            -68.7490452,
            -31.0219836
          ],
          [
            -68.7490935,
            -31.0219641
          ],
          [
            -68.7491552,
            -31.021948
          ],
          [
            -68.749249,
            -31.0219342
          ],
          [
            -68.7493375,
            -31.0219434
          ],
          [
            -68.7493992,
            -31.0219641
          ],
          [
            -68.7494636,
            -31.0220032
          ],
          [
            -68.7495038,
            -31.0220537
          ],
          [
            -68.7495414,
            -31.0221112
          ],
          [
            -68.7495682,
            -31.0222008
          ],
          [
            -68.7495929,
            -31.0223129
          ],
          [
            -68.7497056,
            -31.0228898
          ],
          [
            -68.7497951,
            -31.0233607
          ],
          [
            -68.7498611,
            -31.0237196
          ],
          [
            -68.7500499,
            -31.0245333
          ],
          [
            -68.7501894,
            -31.0249654
          ],
          [
            -68.7503063,
            -31.0252833
          ],
          [
            -68.7504453,
            -31.0255552
          ],
          [
            -68.7506409,
            -31.0258343
          ],
          [
            -68.7509376,
            -31.0261101
          ],
          [
            -68.7511795,
            -31.0263134
          ],
          [
            -68.7514299,
            -31.0264695
          ],
          [
            -68.751611,
            -31.0265524
          ],
          [
            -68.7517566,
            -31.026594
          ],
          [
            -68.7518345,
            -31.0266171
          ],
          [
            -68.7519579,
            -31.0266265
          ],
          [
            -68.7521112,
            -31.0266397
          ],
          [
            -68.7522011,
            -31.0266296
          ],
          [
            -68.7523985,
            -31.0266234
          ],
          [
            -68.7525641,
            -31.0266025
          ],
          [
            -68.7527965,
            -31.026588
          ],
          [
            -68.7529919,
            -31.0265992
          ],
          [
            -68.7533218,
            -31.026619
          ],
          [
            -68.7535766,
            -31.0266391
          ],
          [
            -68.7538028,
            -31.0266569
          ],
          [
            -68.7539459,
            -31.026668
          ],
          [
            -68.7540707,
            -31.0266792
          ],
          [
            -68.7541929,
            -31.0266792
          ],
          [
            -68.7543125,
            -31.0266703
          ],
          [
            -68.7544893,
            -31.026648
          ],
          [
            -68.7546428,
            -31.0266101
          ],
          [
            -68.7548508,
            -31.0265254
          ],
          [
            -68.7550094,
            -31.0264318
          ],
          [
            -68.7551888,
            -31.026307
          ],
          [
            -68.7554359,
            -31.0261221
          ],
          [
            -68.755891,
            -31.0257656
          ],
          [
            -68.7562108,
            -31.0255405
          ],
          [
            -68.7564656,
            -31.0253511
          ],
          [
            -68.7565931,
            -31.0252575
          ],
          [
            -68.7566841,
            -31.025204
          ],
          [
            -68.7567595,
            -31.0251684
          ],
          [
            -68.7568245,
            -31.0251483
          ],
          [
            -68.7569025,
            -31.0251416
          ],
          [
            -68.7569805,
            -31.0251461
          ],
          [
            -68.7571183,
            -31.025175
          ],
          [
            -68.7576696,
            -31.0252798
          ],
          [
            -68.7582989,
            -31.0254202
          ],
          [
            -68.7583717,
            -31.0254335
          ],
          [
            -68.7586006,
            -31.0254714
          ],
          [
            -68.7599554,
            -31.0256876
          ],
          [
            -68.7600906,
            -31.0257098
          ],
          [
            -68.7602076,
            -31.0257321
          ],
          [
            -68.760322,
            -31.0257633
          ],
          [
            -68.7604104,
            -31.025799
          ],
          [
            -68.7604884,
            -31.0258618
          ],
          [
            -68.760562,
            -31.0259271
          ],
          [
            -68.7607008,
            -31.0261092
          ],
          [
            -68.7607978,
            -31.0262649
          ],
          [
            -68.7608956,
            -31.0263937
          ],
          [
            -68.7610301,
            -31.0265745
          ],
          [
            -68.7611589,
            -31.0267011
          ],
          [
            -68.7612828,
            -31.0268157
          ],
          [
            -68.7613593,
            -31.0268868
          ],
          [
            -68.761464,
            -31.026961
          ],
          [
            -68.7615486,
            -31.0270036
          ],
          [
            -68.7617022,
            -31.0271057
          ],
          [
            -68.7618042,
            -31.0271804
          ],
          [
            -68.7618578,
            -31.0272379
          ],
          [
            -68.7619105,
            -31.027307
          ],
          [
            -68.7619931,
            -31.0274601
          ],
          [
            -68.7620588,
            -31.0276094
          ],
          [
            -68.7621167,
            -31.027748
          ],
          [
            -68.7621879,
            -31.0278459
          ],
          [
            -68.7622638,
            -31.0279001
          ],
          [
            -68.7623451,
            -31.0279516
          ],
          [
            -68.7624517,
            -31.0279939
          ],
          [
            -68.7625791,
            -31.0280251
          ],
          [
            -68.7626858,
            -31.028034
          ],
          [
            -68.7627976,
            -31.0280117
          ],
          [
            -68.7629016,
            -31.0279783
          ],
          [
            -68.7629952,
            -31.0279404
          ],
          [
            -68.7630914,
            -31.0278825
          ],
          [
            -68.7631746,
            -31.0278134
          ],
          [
            -68.7632448,
            -31.0277198
          ],
          [
            -68.7632968,
            -31.0276329
          ],
          [
            -68.7633541,
            -31.0274903
          ],
          [
            -68.7634425,
            -31.0272006
          ],
          [
            -68.7639307,
            -31.0256981
          ],
          [
            -68.7640626,
            -31.0252649
          ],
          [
            -68.7641026,
            -31.0251629
          ],
          [
            -68.7641439,
            -31.0250677
          ],
          [
            -68.7641894,
            -31.0249796
          ],
          [
            -68.7642488,
            -31.0248752
          ],
          [
            -68.7643597,
            -31.0246747
          ],
          [
            -68.7644617,
            -31.024478
          ],
          [
            -68.7645524,
            -31.0242909
          ],
          [
            -68.7646235,
            -31.0241271
          ],
          [
            -68.7646853,
            -31.0239737
          ],
          [
            -68.7647265,
            -31.023856
          ],
          [
            -68.7647575,
            -31.0237499
          ],
          [
            -68.7647858,
            -31.0236254
          ],
          [
            -68.7648095,
            -31.0234806
          ],
          [
            -68.7648378,
            -31.0233054
          ],
          [
            -68.7648922,
            -31.0229243
          ],
          [
            -68.764915,
            -31.0228128
          ],
          [
            -68.7649431,
            -31.0227197
          ],
          [
            -68.7649793,
            -31.022622
          ],
          [
            -68.7650236,
            -31.0225301
          ],
          [
            -68.7650773,
            -31.0224347
          ],
          [
            -68.7651507,
            -31.022324
          ],
          [
            -68.7652366,
            -31.0221834
          ],
          [
            -68.765316,
            -31.0220554
          ],
          [
            -68.7653813,
            -31.0219436
          ],
          [
            -68.765443,
            -31.0218387
          ],
          [
            -68.765502,
            -31.0217107
          ],
          [
            -68.7655855,
            -31.0215067
          ],
          [
            -68.7656664,
            -31.0213372
          ],
          [
            -68.7657581,
            -31.0211769
          ],
          [
            -68.7658573,
            -31.0210165
          ],
          [
            -68.7659717,
            -31.0208347
          ],
          [
            -68.7660192,
            -31.0207459
          ],
          [
            -68.7660391,
            -31.020695
          ],
          [
            -68.766054,
            -31.0206441
          ],
          [
            -68.766069,
            -31.0205563
          ],
          [
            -68.7660763,
            -31.020449
          ],
          [
            -68.7660991,
            -31.0197302
          ],
          [
            -68.7661347,
            -31.018996
          ],
          [
            -68.7661299,
            -31.0187241
          ],
          [
            -68.7660981,
            -31.0184416
          ],
          [
            -68.7660539,
            -31.0182289
          ],
          [
            -68.7660135,
            -31.0180792
          ],
          [
            -68.7659731,
            -31.0179294
          ],
          [
            -68.7659366,
            -31.0177434
          ],
          [
            -68.7659087,
            -31.0175501
          ],
          [
            -68.7658924,
            -31.0173962
          ],
          [
            -68.7658653,
            -31.0168457
          ],
          [
            -68.7658332,
            -31.0161607
          ],
          [
            -68.7658063,
            -31.0156733
          ],
          [
            -68.7658063,
            -31.0154481
          ],
          [
            -68.7658171,
            -31.0152757
          ],
          [
            -68.7658412,
            -31.0150826
          ],
          [
            -68.7658761,
            -31.0148895
          ],
          [
            -68.7659378,
            -31.0146642
          ],
          [
            -68.7660236,
            -31.0143378
          ],
          [
            -68.766088,
            -31.0140849
          ],
          [
            -68.7661168,
            -31.0139352
          ],
          [
            -68.7661089,
            -31.013692
          ],
          [
            -68.7661286,
            -31.0134825
          ],
          [
            -68.7661443,
            -31.0133243
          ],
          [
            -68.7662119,
            -31.0131586
          ],
          [
            -68.766287,
            -31.0129889
          ],
          [
            -68.7663035,
            -31.0128031
          ],
          [
            -68.7662733,
            -31.0125653
          ],
          [
            -68.7662371,
            -31.0123069
          ],
          [
            -68.7661634,
            -31.0119821
          ],
          [
            -68.7659523,
            -31.0114213
          ],
          [
            -68.7658868,
            -31.0112325
          ],
          [
            -68.7658739,
            -31.0110717
          ],
          [
            -68.7658902,
            -31.0108817
          ],
          [
            -68.7659366,
            -31.0107123
          ],
          [
            -68.766025,
            -31.010535
          ],
          [
            -68.7661655,
            -31.0103227
          ],
          [
            -68.7663389,
            -31.0102036
          ],
          [
            -68.7664884,
            -31.0101721
          ],
          [
            -68.7666697,
            -31.0101746
          ],
          [
            -68.7669704,
            -31.0102325
          ],
          [
            -68.7672018,
            -31.0102949
          ],
          [
            -68.767465,
            -31.0103523
          ],
          [
            -68.7675665,
            -31.0103584
          ],
          [
            -68.7676976,
            -31.0103578
          ],
          [
            -68.7678805,
            -31.0103028
          ],
          [
            -68.7680164,
            -31.0102574
          ],
          [
            -68.7681548,
            -31.0102118
          ],
          [
            -68.7683082,
            -31.0101645
          ],
          [
            -68.7684157,
            -31.0101348
          ],
          [
            -68.7685611,
            -31.0101285
          ],
          [
            -68.7687309,
            -31.0101441
          ],
          [
            -68.768862,
            -31.0101574
          ],
          [
            -68.7691063,
            -31.0101711
          ],
          [
            -68.7692534,
            -31.010165
          ],
          [
            -68.7694445,
            -31.0101223
          ],
          [
            -68.7696206,
            -31.0100693
          ],
          [
            -68.7698296,
            -31.0099707
          ],
          [
            -68.7708809,
            -31.0095392
          ],
          [
            -68.7711604,
            -31.009432
          ],
          [
            -68.7714417,
            -31.0093733
          ],
          [
            -68.771624,
            -31.0093242
          ],
          [
            -68.7717697,
            -31.0092724
          ],
          [
            -68.7719868,
            -31.0092077
          ],
          [
            -68.772254,
            -31.0091793
          ],
          [
            -68.7724559,
            -31.0091945
          ],
          [
            -68.7727383,
            -31.0092247
          ],
          [
            -68.7730175,
            -31.0092744
          ],
          [
            -68.773207,
            -31.0092786
          ],
          [
            -68.7734261,
            -31.0092699
          ],
          [
            -68.7736071,
            -31.0092249
          ],
          [
            -68.7744131,
            -31.0089562
          ],
          [
            -68.7752718,
            -31.0086582
          ],
          [
            -68.7754613,
            -31.0085887
          ],
          [
            -68.7756509,
            -31.0085146
          ],
          [
            -68.7757716,
            -31.0084571
          ],
          [
            -68.7758822,
            -31.0083906
          ],
          [
            -68.7759873,
            -31.0083104
          ],
          [
            -68.7761147,
            -31.0081962
          ],
          [
            -68.776351,
            -31.0079307
          ],
          [
            -68.7765225,
            -31.0077311
          ],
          [
            -68.7766538,
            -31.007589
          ],
          [
            -68.7771642,
            -31.0070604
          ],
          [
            -68.7772219,
            -31.0069966
          ],
          [
            -68.7772659,
            -31.0069366
          ],
          [
            -68.7773228,
            -31.0068508
          ],
          [
            -68.7773711,
            -31.0067626
          ],
          [
            -68.777413,
            -31.0066761
          ],
          [
            -68.7774521,
            -31.0065871
          ],
          [
            -68.7774963,
            -31.0064873
          ],
          [
            -68.7775317,
            -31.0064132
          ],
          [
            -68.777578,
            -31.0063163
          ],
          [
            -68.7776268,
            -31.0062373
          ],
          [
            -68.7776842,
            -31.0061533
          ],
          [
            -68.7777566,
            -31.0060715
          ],
          [
            -68.7778242,
            -31.0059988
          ],
          [
            -68.7778922,
            -31.0059355
          ],
          [
            -68.7779574,
            -31.0058796
          ],
          [
            -68.7780561,
            -31.0058123
          ],
          [
            -68.778144,
            -31.0057652
          ],
          [
            -68.778263,
            -31.0057053
          ],
          [
            -68.7783958,
            -31.0056481
          ],
          [
            -68.77858,
            -31.0055811
          ],
          [
            -68.7788056,
            -31.0054934
          ],
          [
            -68.7791182,
            -31.0053722
          ],
          [
            -68.7794179,
            -31.0052453
          ],
          [
            -68.779825,
            -31.0050764
          ],
          [
            -68.7803959,
            -31.0048635
          ],
          [
            -68.7810215,
            -31.0046181
          ],
          [
            -68.7812687,
            -31.0045035
          ],
          [
            -68.7815445,
            -31.0043753
          ],
          [
            -68.7818521,
            -31.0042352
          ],
          [
            -68.7819708,
            -31.0041859
          ],
          [
            -68.7821086,
            -31.0041361
          ],
          [
            -68.7822204,
            -31.0041043
          ],
          [
            -68.7823166,
            -31.0040844
          ],
          [
            -68.7823935,
            -31.0040733
          ],
          [
            -68.7824936,
            -31.0040603
          ],
          [
            -68.7825951,
            -31.0040542
          ],
          [
            -68.7827789,
            -31.0040521
          ],
          [
            -68.7835541,
            -31.0040328
          ],
          [
            -68.7845649,
            -31.0040107
          ],
          [
            -68.7855706,
            -31.0039907
          ],
          [
            -68.7863351,
            -31.0039699
          ],
          [
            -68.7875296,
            -31.0039468
          ],
          [
            -68.7884158,
            -31.0039422
          ],
          [
            -68.7885209,
            -31.0039435
          ],
          [
            -68.7886114,
            -31.0039522
          ],
          [
            -68.7887276,
            -31.0039671
          ],
          [
            -68.7888706,
            -31.0039825
          ],
          [
            -68.7890173,
            -31.0040273
          ],
          [
            -68.7891718,
            -31.004054
          ],
          [
            -68.7893273,
            -31.0040939
          ],
          [
            -68.7894786,
            -31.0041333
          ],
          [
            -68.7897491,
            -31.0042126
          ],
          [
            -68.7899311,
            -31.0042776
          ],
          [
            -68.7901592,
            -31.0043833
          ],
          [
            -68.7902528,
            -31.0044258
          ],
          [
            -68.7904686,
            -31.0045236
          ],
          [
            -68.7907202,
            -31.004652
          ],
          [
            -68.790941,
            -31.0047583
          ],
          [
            -68.7910802,
            -31.004828
          ],
          [
            -68.791165,
            -31.0048639
          ],
          [
            -68.7912617,
            -31.004899
          ],
          [
            -68.7913648,
            -31.0049274
          ],
          [
            -68.7914576,
            -31.0049321
          ],
          [
            -68.7915085,
            -31.0049345
          ],
          [
            -68.7916681,
            -31.0049266
          ],
          [
            -68.7917281,
            -31.0049256
          ],
          [
            -68.791856,
            -31.0049027
          ],
          [
            -68.7919933,
            -31.0048618
          ],
          [
            -68.7920862,
            -31.0048207
          ],
          [
            -68.7921956,
            -31.0047758
          ],
          [
            -68.7922995,
            -31.0047246
          ],
          [
            -68.7924297,
            -31.0046478
          ],
          [
            -68.7925429,
            -31.0045766
          ],
          [
            -68.792651,
            -31.004499
          ],
          [
            -68.7927544,
            -31.00442
          ],
          [
            -68.7928397,
            -31.0043322
          ],
          [
            -68.7929053,
            -31.0042496
          ],
          [
            -68.7929605,
            -31.0041491
          ],
          [
            -68.7929935,
            -31.0040611
          ],
          [
            -68.79301,
            -31.0039524
          ],
          [
            -68.7930109,
            -31.0038571
          ],
          [
            -68.7929938,
            -31.0037155
          ],
          [
            -68.792956,
            -31.0035738
          ],
          [
            -68.7929033,
            -31.0033985
          ],
          [
            -68.7928246,
            -31.003163
          ],
          [
            -68.7927389,
            -31.0029297
          ],
          [
            -68.7926237,
            -31.0026885
          ],
          [
            -68.7924155,
            -31.0022873
          ],
          [
            -68.792288,
            -31.0020809
          ],
          [
            -68.7922509,
            -31.0019904
          ],
          [
            -68.7922329,
            -31.0019248
          ],
          [
            -68.7922281,
            -31.0018435
          ],
          [
            -68.7922502,
            -31.0017398
          ],
          [
            -68.7922759,
            -31.0016604
          ],
          [
            -68.7923336,
            -31.0015381
          ],
          [
            -68.7923678,
            -31.001465
          ],
          [
            -68.7923976,
            -31.0014193
          ],
          [
            -68.792451,
            -31.0013585
          ],
          [
            -68.792525,
            -31.0012741
          ],
          [
            -68.7925962,
            -31.0012047
          ],
          [
            -68.7926852,
            -31.0011356
          ],
          [
            -68.792818,
            -31.0010374
          ],
          [
            -68.7929266,
            -31.0009637
          ],
          [
            -68.7931704,
            -31.000802
          ],
          [
            -68.7933028,
            -31.0006973
          ],
          [
            -68.7933718,
            -31.0006356
          ],
          [
            -68.7934198,
            -31.0005854
          ],
          [
            -68.7934775,
            -31.0005089
          ],
          [
            -68.793536,
            -31.0004143
          ],
          [
            -68.7935672,
            -31.0003206
          ],
          [
            -68.7935987,
            -31.0001964
          ],
          [
            -68.7937914,
            -30.9995921
          ],
          [
            -68.7938436,
            -30.9994076
          ],
          [
            -68.7939042,
            -30.9992166
          ],
          [
            -68.7939482,
            -30.999115
          ],
          [
            -68.7939917,
            -30.9990392
          ],
          [
            -68.7940392,
            -30.9989736
          ],
          [
            -68.7940977,
            -30.9989019
          ],
          [
            -68.7941574,
            -30.9988401
          ],
          [
            -68.7942333,
            -30.9987737
          ],
          [
            -68.7943702,
            -30.9986606
          ],
          [
            -68.7945359,
            -30.9985174
          ],
          [
            -68.7947348,
            -30.9983299
          ],
          [
            -68.7950292,
            -30.99805
          ],
          [
            -68.7953236,
            -30.9977701
          ],
          [
            -68.7955992,
            -30.9974855
          ],
          [
            -68.7957209,
            -30.9973709
          ],
          [
            -68.7958051,
            -30.9972884
          ],
          [
            -68.7959443,
            -30.9971773
          ],
          [
            -68.7961202,
            -30.9970397
          ],
          [
            -68.7965425,
            -30.9967465
          ],
          [
            -68.7966365,
            -30.996679
          ],
          [
            -68.7967171,
            -30.9966136
          ],
          [
            -68.796797,
            -30.9965302
          ],
          [
            -68.7968631,
            -30.9964527
          ],
          [
            -68.7969189,
            -30.9963865
          ],
          [
            -68.7969834,
            -30.9963172
          ],
          [
            -68.7970332,
            -30.9962721
          ],
          [
            -68.7971034,
            -30.996218
          ],
          [
            -68.797163,
            -30.9961776
          ],
          [
            -68.7972328,
            -30.9961367
          ],
          [
            -68.7976046,
            -30.9959393
          ],
          [
            -68.797657,
            -30.995908
          ],
          [
            -68.7976993,
            -30.9958797
          ],
          [
            -68.7977337,
            -30.9958455
          ],
          [
            -68.797804,
            -30.9957844
          ],
          [
            -68.7978378,
            -30.9957385
          ],
          [
            -68.7978931,
            -30.9956567
          ],
          [
            -68.7979497,
            -30.9955814
          ],
          [
            -68.7984878,
            -30.994987
          ],
          [
            -68.798585,
            -30.9948803
          ],
          [
            -68.798674,
            -30.9947703
          ],
          [
            -68.7987646,
            -30.9946805
          ],
          [
            -68.7988568,
            -30.9945966
          ],
          [
            -68.7989324,
            -30.9945294
          ],
          [
            -68.7989804,
            -30.9944506
          ],
          [
            -68.7990457,
            -30.9943617
          ],
          [
            -68.7991187,
            -30.9942344
          ],
          [
            -68.7991797,
            -30.9941497
          ],
          [
            -68.7992215,
            -30.9940856
          ],
          [
            -68.799292,
            -30.9939876
          ],
          [
            -68.7995143,
            -30.993659
          ],
          [
            -68.7995762,
            -30.9935531
          ],
          [
            -68.7996506,
            -30.9934365
          ],
          [
            -68.7997104,
            -30.9933075
          ],
          [
            -68.7997604,
            -30.9932194
          ],
          [
            -68.7997979,
            -30.9930822
          ],
          [
            -68.799837,
            -30.9929824
          ],
          [
            -68.7998738,
            -30.9928809
          ],
          [
            -68.7999382,
            -30.9927659
          ],
          [
            -68.7999864,
            -30.9926894
          ],
          [
            -68.8000502,
            -30.9926171
          ],
          [
            -68.8001112,
            -30.9925464
          ],
          [
            -68.800197,
            -30.9924659
          ],
          [
            -68.8002962,
            -30.9923924
          ],
          [
            -68.8004792,
            -30.9922651
          ],
          [
            -68.8006037,
            -30.9921814
          ],
          [
            -68.8007082,
            -30.9920978
          ],
          [
            -68.8007587,
            -30.9920549
          ],
          [
            -68.8011133,
            -30.9917209
          ],
          [
            -68.8012613,
            -30.9916188
          ],
          [
            -68.8014307,
            -30.9914976
          ],
          [
            -68.8016164,
            -30.9913765
          ],
          [
            -68.8017369,
            -30.9912911
          ],
          [
            -68.8018634,
            -30.9911902
          ],
          [
            -68.8019413,
            -30.9911263
          ],
          [
            -68.8020133,
            -30.9910597
          ],
          [
            -68.802132,
            -30.9909189
          ],
          [
            -68.8022102,
            -30.9907975
          ],
          [
            -68.8023588,
            -30.9905608
          ],
          [
            -68.8025032,
            -30.9903093
          ],
          [
            -68.8026181,
            -30.9900988
          ],
          [
            -68.8026848,
            -30.9899631
          ],
          [
            -68.8027208,
            -30.9898623
          ],
          [
            -68.8027388,
            -30.9897789
          ],
          [
            -68.8027488,
            -30.9896927
          ],
          [
            -68.8027468,
            -30.989602
          ],
          [
            -68.8027351,
            -30.989498
          ],
          [
            -68.8027223,
            -30.9894307
          ],
          [
            -68.8027009,
            -30.9893426
          ],
          [
            -68.8026657,
            -30.9892353
          ],
          [
            -68.8026223,
            -30.9891032
          ],
          [
            -68.8025707,
            -30.9889075
          ],
          [
            -68.8025413,
            -30.9887743
          ],
          [
            -68.8025253,
            -30.9886669
          ],
          [
            -68.8025194,
            -30.9885704
          ],
          [
            -68.8025278,
            -30.98845
          ],
          [
            -68.8025444,
            -30.9883451
          ],
          [
            -68.8025807,
            -30.9881841
          ],
          [
            -68.8026956,
            -30.9876975
          ],
          [
            -68.8027446,
            -30.9874966
          ],
          [
            -68.8028318,
            -30.9870348
          ],
          [
            -68.8028555,
            -30.9869004
          ],
          [
            -68.802883,
            -30.9867353
          ],
          [
            -68.8028786,
            -30.9866201
          ],
          [
            -68.8028738,
            -30.9865431
          ],
          [
            -68.80283011,
            -30.98641147
          ],
          [
            -68.8028137,
            -30.98629583
          ],
          [
            -68.80279954,
            -30.98620162
          ],
          [
            -68.80278735,
            -30.98603012
          ],
          [
            -68.80277348,
            -30.98589372
          ],
          [
            -68.8027955,
            -30.9856283
          ]
        ]
      }
    },
    {
      "type": "Feature",
      "id": "hualilan-rn149-public-v2",
      "properties": {
        "id": "hualilan-rn149-public-v2",
        "corridorId": "hualilan",
        "geometryClass": "PUBLIC_ROAD",
        "sourceFeatureIds": [
          "vial_nacional.280",
          "vial_nacional.1870"
        ],
        "evidenceRefs": [
          "hualilan-dnv-road-geometry-v2"
        ],
        "sourceDatasetId": "dnv-rutas-nacionales-20260830",
        "sourceRetrievedAt": "2026-09-02T02:02:45.989Z",
        "sourceLicense": "Otra (Abierta)",
        "limitations": [
          "Frozen corridor-only source extract; not a live road-status or navigation feed.",
          "Published reference geometry may be stale relative to current road works."
        ],
        "geometryChainageStartKm": 83.22715,
        "geometryChainageEndKm": 122.764712
      },
      "geometry": {
        "type": "LineString",
        "coordinates": [
          [
            -68.8027955,
            -30.9856283
          ],
          [
            -68.8028009,
            -30.9855708
          ],
          [
            -68.8028163,
            -30.9855202
          ],
          [
            -68.8028465,
            -30.9854719
          ],
          [
            -68.8029229,
            -30.9853581
          ],
          [
            -68.8031006,
            -30.985127
          ],
          [
            -68.8032542,
            -30.9849052
          ],
          [
            -68.8033485,
            -30.9847448
          ],
          [
            -68.8034495,
            -30.9845589
          ],
          [
            -68.8035691,
            -30.9842587
          ],
          [
            -68.8036476,
            -30.9840569
          ],
          [
            -68.8039092,
            -30.983313
          ],
          [
            -68.8046333,
            -30.9810449
          ],
          [
            -68.8051223,
            -30.9795909
          ],
          [
            -68.8053934,
            -30.9789058
          ],
          [
            -68.8058086,
            -30.977977
          ],
          [
            -68.8068273,
            -30.9758129
          ],
          [
            -68.8079898,
            -30.9733399
          ],
          [
            -68.809515,
            -30.9699861
          ],
          [
            -68.8102569,
            -30.9683894
          ],
          [
            -68.8104753,
            -30.9679259
          ],
          [
            -68.8105779,
            -30.967611
          ],
          [
            -68.8106575,
            -30.967217
          ],
          [
            -68.8107219,
            -30.9664578
          ],
          [
            -68.8110317,
            -30.9635807
          ],
          [
            -68.8113054,
            -30.9612022
          ],
          [
            -68.8115098,
            -30.9593853
          ],
          [
            -68.8121877,
            -30.9533199
          ],
          [
            -68.812226,
            -30.9527279
          ],
          [
            -68.8124045,
            -30.9510347
          ],
          [
            -68.8124319,
            -30.9505178
          ],
          [
            -68.8123972,
            -30.9502143
          ],
          [
            -68.8122814,
            -30.949577
          ],
          [
            -68.8114343,
            -30.9459018
          ],
          [
            -68.8113064,
            -30.9452124
          ],
          [
            -68.8112617,
            -30.9448071
          ],
          [
            -68.8112716,
            -30.9445136
          ],
          [
            -68.8113057,
            -30.9442062
          ],
          [
            -68.8113666,
            -30.9438391
          ],
          [
            -68.811496,
            -30.9433596
          ],
          [
            -68.8117397,
            -30.9425984
          ],
          [
            -68.8118019,
            -30.9423063
          ],
          [
            -68.8118912,
            -30.9418251
          ],
          [
            -68.8119931,
            -30.940878
          ],
          [
            -68.811991,
            -30.9405699
          ],
          [
            -68.8119629,
            -30.9402669
          ],
          [
            -68.811864,
            -30.9398906
          ],
          [
            -68.8113623,
            -30.9382411
          ],
          [
            -68.8112583,
            -30.9378637
          ],
          [
            -68.8112407,
            -30.9375689
          ],
          [
            -68.8112936,
            -30.9373061
          ],
          [
            -68.8113941,
            -30.9370375
          ],
          [
            -68.8120048,
            -30.9356137
          ],
          [
            -68.8122484,
            -30.9348856
          ],
          [
            -68.8124508,
            -30.9342143
          ],
          [
            -68.8125868,
            -30.9336167
          ],
          [
            -68.8128306,
            -30.9318857
          ],
          [
            -68.8128506,
            -30.9313822
          ],
          [
            -68.8128164,
            -30.931179
          ],
          [
            -68.8127354,
            -30.9309678
          ],
          [
            -68.8121726,
            -30.9297935
          ],
          [
            -68.8120004,
            -30.9293884
          ],
          [
            -68.8119472,
            -30.9290756
          ],
          [
            -68.8120066,
            -30.9287358
          ],
          [
            -68.812108,
            -30.9283961
          ],
          [
            -68.8126941,
            -30.9271087
          ],
          [
            -68.8127967,
            -30.9267553
          ],
          [
            -68.8128349,
            -30.9265542
          ],
          [
            -68.812845,
            -30.9263531
          ],
          [
            -68.8127643,
            -30.9242526
          ],
          [
            -68.8127457,
            -30.9237042
          ],
          [
            -68.8126265,
            -30.9233251
          ],
          [
            -68.8124094,
            -30.9229562
          ],
          [
            -68.8120795,
            -30.9226291
          ],
          [
            -68.8108845,
            -30.9215298
          ],
          [
            -68.8103435,
            -30.9208955
          ],
          [
            -68.8102171,
            -30.9206554
          ],
          [
            -68.8101463,
            -30.9204386
          ],
          [
            -68.8101129,
            -30.9202321
          ],
          [
            -68.8101493,
            -30.9198659
          ],
          [
            -68.8105671,
            -30.9186998
          ],
          [
            -68.8106397,
            -30.9182295
          ],
          [
            -68.8109349,
            -30.9168914
          ],
          [
            -68.8110065,
            -30.9165355
          ],
          [
            -68.8112022,
            -30.9162115
          ],
          [
            -68.8112857,
            -30.9159656
          ],
          [
            -68.8113631,
            -30.9156636
          ],
          [
            -68.8114202,
            -30.915273
          ],
          [
            -68.8115614,
            -30.9149688
          ],
          [
            -68.8118252,
            -30.9146409
          ],
          [
            -68.8122734,
            -30.9142186
          ],
          [
            -68.8127198,
            -30.9138816
          ],
          [
            -68.8130413,
            -30.9135076
          ],
          [
            -68.8133305,
            -30.9131123
          ],
          [
            -68.8140432,
            -30.9113746
          ],
          [
            -68.8141453,
            -30.9110659
          ],
          [
            -68.8141382,
            -30.9107613
          ],
          [
            -68.8140854,
            -30.910406
          ],
          [
            -68.8139251,
            -30.9098984
          ],
          [
            -68.8134223,
            -30.9086479
          ],
          [
            -68.8131985,
            -30.9081396
          ],
          [
            -68.8128528,
            -30.9076454
          ],
          [
            -68.8124386,
            -30.9070846
          ],
          [
            -68.8122948,
            -30.9067225
          ],
          [
            -68.8122207,
            -30.9062836
          ],
          [
            -68.8122677,
            -30.9058081
          ],
          [
            -68.812589,
            -30.9035158
          ],
          [
            -68.8126908,
            -30.9025616
          ],
          [
            -68.8128269,
            -30.9021492
          ],
          [
            -68.8130361,
            -30.9017773
          ],
          [
            -68.8135864,
            -30.9009205
          ],
          [
            -68.8138123,
            -30.9005422
          ],
          [
            -68.8139845,
            -30.9001215
          ],
          [
            -68.8141938,
            -30.8990893
          ],
          [
            -68.8142567,
            -30.8988477
          ],
          [
            -68.8143692,
            -30.8986532
          ],
          [
            -68.8145559,
            -30.898473
          ],
          [
            -68.8147298,
            -30.8983716
          ],
          [
            -68.8149418,
            -30.8983345
          ],
          [
            -68.8151791,
            -30.8983333
          ],
          [
            -68.8154143,
            -30.8983918
          ],
          [
            -68.8156242,
            -30.8985245
          ],
          [
            -68.8158707,
            -30.8987783
          ],
          [
            -68.8161634,
            -30.8990998
          ],
          [
            -68.8163902,
            -30.8993553
          ],
          [
            -68.8164979,
            -30.8994623
          ],
          [
            -68.8166445,
            -30.899536
          ],
          [
            -68.8169689,
            -30.8995551
          ],
          [
            -68.8172318,
            -30.8994787
          ],
          [
            -68.8175089,
            -30.8993097
          ],
          [
            -68.8177544,
            -30.8990692
          ],
          [
            -68.8180517,
            -30.8987614
          ],
          [
            -68.8182293,
            -30.8986797
          ],
          [
            -68.8184411,
            -30.8986846
          ],
          [
            -68.8186171,
            -30.8987316
          ],
          [
            -68.8187643,
            -30.8987938
          ],
          [
            -68.818891,
            -30.8989008
          ],
          [
            -68.8189453,
            -30.8990113
          ],
          [
            -68.8189672,
            -30.8991219
          ],
          [
            -68.8189898,
            -30.8992832
          ],
          [
            -68.8190216,
            -30.8995724
          ],
          [
            -68.8190977,
            -30.8997776
          ],
          [
            -68.8191201,
            -30.8998351
          ],
          [
            -68.8192103,
            -30.9000265
          ],
          [
            -68.8192897,
            -30.900139
          ],
          [
            -68.8193853,
            -30.9002459
          ],
          [
            -68.8194653,
            -30.9003268
          ],
          [
            -68.8195648,
            -30.9003994
          ],
          [
            -68.8197334,
            -30.9004896
          ],
          [
            -68.8198532,
            -30.9005202
          ],
          [
            -68.8199632,
            -30.9005258
          ],
          [
            -68.8201427,
            -30.9004961
          ],
          [
            -68.8203087,
            -30.9004192
          ],
          [
            -68.8206128,
            -30.9001747
          ],
          [
            -68.8207827,
            -30.9000437
          ],
          [
            -68.8209659,
            -30.8998887
          ],
          [
            -68.8211537,
            -30.8995953
          ],
          [
            -68.8212458,
            -30.8994561
          ],
          [
            -68.821369,
            -30.8993855
          ],
          [
            -68.821502,
            -30.8993852
          ],
          [
            -68.8216442,
            -30.8994526
          ],
          [
            -68.8217089,
            -30.8995992
          ],
          [
            -68.8216901,
            -30.8997461
          ],
          [
            -68.8215304,
            -30.8999589
          ],
          [
            -68.8213596,
            -30.9001547
          ],
          [
            -68.8212925,
            -30.9003164
          ],
          [
            -68.8212949,
            -30.9004871
          ],
          [
            -68.8213845,
            -30.9006976
          ],
          [
            -68.8215001,
            -30.9009108
          ],
          [
            -68.821639,
            -30.9010618
          ],
          [
            -68.8217429,
            -30.9011177
          ],
          [
            -68.8218646,
            -30.9011429
          ],
          [
            -68.8221539,
            -30.9011355
          ],
          [
            -68.8225045,
            -30.9010712
          ],
          [
            -68.8226436,
            -30.90104
          ],
          [
            -68.8227827,
            -30.9009949
          ],
          [
            -68.8228959,
            -30.9008992
          ],
          [
            -68.8229289,
            -30.9008365
          ],
          [
            -68.8229485,
            -30.9007865
          ],
          [
            -68.8229565,
            -30.9006667
          ],
          [
            -68.8229532,
            -30.9005483
          ],
          [
            -68.8229362,
            -30.9002453
          ],
          [
            -68.8229445,
            -30.9000452
          ],
          [
            -68.8229711,
            -30.8999469
          ],
          [
            -68.8230392,
            -30.8998177
          ],
          [
            -68.8233997,
            -30.8992137
          ],
          [
            -68.823657,
            -30.8988961
          ],
          [
            -68.8242081,
            -30.898411
          ],
          [
            -68.8247826,
            -30.8979746
          ],
          [
            -68.8251619,
            -30.8976932
          ],
          [
            -68.8253448,
            -30.8976072
          ],
          [
            -68.8255058,
            -30.8976198
          ],
          [
            -68.8256231,
            -30.8976803
          ],
          [
            -68.8257105,
            -30.897761
          ],
          [
            -68.8257808,
            -30.8978965
          ],
          [
            -68.8258482,
            -30.898142
          ],
          [
            -68.8259108,
            -30.8984078
          ],
          [
            -68.8259409,
            -30.8985251
          ],
          [
            -68.8259852,
            -30.8986343
          ],
          [
            -68.8261252,
            -30.8987353
          ],
          [
            -68.8263012,
            -30.8987628
          ],
          [
            -68.8264888,
            -30.8987526
          ],
          [
            -68.826846,
            -30.8986749
          ],
          [
            -68.8279407,
            -30.8983702
          ],
          [
            -68.8281974,
            -30.8983156
          ],
          [
            -68.828437,
            -30.8983164
          ],
          [
            -68.8286179,
            -30.8983995
          ],
          [
            -68.8287587,
            -30.8985535
          ],
          [
            -68.8288884,
            -30.8989013
          ],
          [
            -68.829057,
            -30.899375
          ],
          [
            -68.8291214,
            -30.8994992
          ],
          [
            -68.8292063,
            -30.8996506
          ],
          [
            -68.8293115,
            -30.8997199
          ],
          [
            -68.8294687,
            -30.8997724
          ],
          [
            -68.8297224,
            -30.8997719
          ],
          [
            -68.8311632,
            -30.8994002
          ],
          [
            -68.8314199,
            -30.8992957
          ],
          [
            -68.8316201,
            -30.89916
          ],
          [
            -68.8318709,
            -30.8988958
          ],
          [
            -68.8324224,
            -30.8982351
          ],
          [
            -68.8325172,
            -30.8981432
          ],
          [
            -68.8327545,
            -30.8979499
          ],
          [
            -68.8329511,
            -30.8978379
          ],
          [
            -68.8337083,
            -30.8976336
          ],
          [
            -68.8346868,
            -30.8974606
          ],
          [
            -68.8357119,
            -30.8973219
          ],
          [
            -68.8366058,
            -30.8972825
          ],
          [
            -68.8382674,
            -30.8972774
          ],
          [
            -68.8452344,
            -30.8973742
          ],
          [
            -68.8456817,
            -30.8973532
          ],
          [
            -68.8461253,
            -30.8973289
          ],
          [
            -68.8465528,
            -30.8972678
          ],
          [
            -68.8469751,
            -30.8971949
          ],
          [
            -68.847398,
            -30.8970905
          ],
          [
            -68.8479993,
            -30.8969292
          ],
          [
            -68.8577858,
            -30.8938862
          ],
          [
            -68.8739274,
            -30.8888271
          ],
          [
            -68.8865582,
            -30.884865
          ],
          [
            -68.8921477,
            -30.8831382
          ],
          [
            -68.8922725,
            -30.8831
          ],
          [
            -68.8962589,
            -30.881848
          ],
          [
            -68.8999166,
            -30.8806964
          ],
          [
            -68.9056368,
            -30.8789142
          ],
          [
            -68.9136402,
            -30.8763848
          ],
          [
            -68.9185647,
            -30.8748378
          ],
          [
            -68.9264935,
            -30.8723398
          ],
          [
            -68.9410313,
            -30.8677803
          ],
          [
            -68.9440086,
            -30.8668409
          ],
          [
            -68.9445074,
            -30.8666338
          ],
          [
            -68.9448267,
            -30.8664173
          ],
          [
            -68.9450989,
            -30.8661825
          ],
          [
            -68.9452584,
            -30.8659523
          ],
          [
            -68.9454007,
            -30.8656828
          ],
          [
            -68.945516,
            -30.8653352
          ],
          [
            -68.9456742,
            -30.8647021
          ],
          [
            -68.9458325,
            -30.8640229
          ],
          [
            -68.9459719,
            -30.8634105
          ],
          [
            -68.9460202,
            -30.8629961
          ],
          [
            -68.9460236,
            -30.862485
          ],
          [
            -68.9459709,
            -30.8613176
          ],
          [
            -68.9458807,
            -30.8593444
          ],
          [
            -68.94587,
            -30.8587688
          ],
          [
            -68.9459317,
            -30.8582587
          ],
          [
            -68.9460148,
            -30.8577879
          ],
          [
            -68.9461865,
            -30.8573181
          ],
          [
            -68.9463045,
            -30.8570602
          ],
          [
            -68.9463501,
            -30.856975
          ],
          [
            -68.9477788,
            -30.8542154
          ],
          [
            -68.9499269,
            -30.8502582
          ],
          [
            -68.9500026,
            -30.850105
          ],
          [
            -68.9502302,
            -30.8495985
          ],
          [
            -68.9504081,
            -30.8491123
          ],
          [
            -68.9505585,
            -30.8486142
          ],
          [
            -68.9507363,
            -30.8478092
          ],
          [
            -68.9508545,
            -30.8469753
          ],
          [
            -68.9516693,
            -30.841078
          ],
          [
            -68.9524084,
            -30.8358252
          ],
          [
            -68.9524323,
            -30.8356243
          ],
          [
            -68.9527097,
            -30.8336774
          ],
          [
            -68.9531106,
            -30.8308744
          ],
          [
            -68.9535113,
            -30.8281163
          ],
          [
            -68.9540464,
            -30.8243113
          ],
          [
            -68.9551762,
            -30.8163603
          ],
          [
            -68.9558301,
            -30.811732
          ],
          [
            -68.9564296,
            -30.8075716
          ],
          [
            -68.9572043,
            -30.8019112
          ],
          [
            -68.9585406,
            -30.7925756
          ],
          [
            -68.958562,
            -30.7924309
          ],
          [
            -68.9595701,
            -30.7853099
          ],
          [
            -68.9599157,
            -30.782978
          ],
          [
            -68.9599431,
            -30.7828193
          ],
          [
            -68.9603162,
            -30.7802243
          ],
          [
            -68.9603335,
            -30.780105
          ],
          [
            -68.9606927,
            -30.7776456
          ],
          [
            -68.9611761,
            -30.7740967
          ],
          [
            -68.9616146,
            -30.7709786
          ],
          [
            -68.9619481,
            -30.7685357
          ],
          [
            -68.961968,
            -30.7684025
          ],
          [
            -68.9625127,
            -30.7647329
          ],
          [
            -68.9626842,
            -30.76341
          ],
          [
            -68.9627012,
            -30.7632924
          ],
          [
            -68.9630311,
            -30.7609669
          ],
          [
            -68.9632804,
            -30.759055
          ],
          [
            -68.9632951,
            -30.7589476
          ],
          [
            -68.9635905,
            -30.7565621
          ],
          [
            -68.9636225,
            -30.7561788
          ],
          [
            -68.9636197,
            -30.7558625
          ],
          [
            -68.9635885,
            -30.7553464
          ],
          [
            -68.9634219,
            -30.7538247
          ],
          [
            -68.9634066,
            -30.7537516
          ],
          [
            -68.9628095,
            -30.7496621
          ],
          [
            -68.9611903,
            -30.7380344
          ],
          [
            -68.9607933,
            -30.7353138
          ],
          [
            -68.9607544,
            -30.7350461
          ],
          [
            -68.9604146,
            -30.7324076
          ],
          [
            -68.9603871,
            -30.7320336
          ],
          [
            -68.9604166,
            -30.7316866
          ],
          [
            -68.9605413,
            -30.7312047
          ],
          [
            -68.960644,
            -30.7309413
          ],
          [
            -68.9608727,
            -30.7305878
          ]
        ]
      }
    },
    {
      "type": "Feature",
      "id": "hualilan-osm-access-v2",
      "properties": {
        "id": "hualilan-osm-access-v2",
        "corridorId": "hualilan",
        "geometryClass": "RECONSTRUCTED_ACCESS",
        "sourceFeatureIds": [
          "osm-way-408648158",
          "osm-way-644573146"
        ],
        "evidenceRefs": [
          "hualilan-osm-access-geometry-v2"
        ],
        "sourceDatasetId": "osm-hualilan-access-v2",
        "sourceRetrievedAt": "2026-09-02T02:02:45.989Z",
        "sourceLicense": "ODbL 1.0",
        "limitations": [
          "OSM-mapped access only; not operator navigation, access authorization or a current road-status feed.",
          "Publicly mapped Hualilan access geometry only; not operator-supplied navigation or authorization evidence.",
          "OSM tags and geometry do not establish current road condition, closure, safety or transitability."
        ],
        "geometryChainageStartKm": 122.764712,
        "geometryChainageEndKm": 124.22554
      },
      "geometry": {
        "type": "LineString",
        "coordinates": [
          [
            -68.9608727,
            -30.7305878
          ],
          [
            -68.9605427,
            -30.7308167
          ],
          [
            -68.9601779,
            -30.7312594
          ],
          [
            -68.9600071,
            -30.7314103
          ],
          [
            -68.9598185,
            -30.7315729
          ],
          [
            -68.9596208,
            -30.731853
          ],
          [
            -68.9577727,
            -30.7338359
          ],
          [
            -68.9574025,
            -30.7342301
          ],
          [
            -68.9569626,
            -30.7346312
          ],
          [
            -68.9566595,
            -30.7349056
          ],
          [
            -68.9563672,
            -30.7351108
          ],
          [
            -68.9561097,
            -30.7351915
          ],
          [
            -68.9559166,
            -30.7351869
          ],
          [
            -68.9558193,
            -30.735098
          ],
          [
            -68.9556779,
            -30.7349264
          ],
          [
            -68.9555652,
            -30.7347788
          ],
          [
            -68.955525,
            -30.7346082
          ],
          [
            -68.955474,
            -30.7344676
          ],
          [
            -68.9553748,
            -30.7343823
          ],
          [
            -68.9551548,
            -30.7342232
          ],
          [
            -68.9550502,
            -30.7340872
          ],
          [
            -68.9548672,
            -30.7338922
          ],
          [
            -68.9545989,
            -30.7336386
          ],
          [
            -68.9542511,
            -30.7332871
          ],
          [
            -68.9539506,
            -30.7329781
          ],
          [
            -68.9537361,
            -30.7327522
          ],
          [
            -68.9536333,
            -30.7326012
          ],
          [
            -68.9536065,
            -30.7323937
          ],
          [
            -68.9536073,
            -30.732102
          ],
          [
            -68.9536012,
            -30.7318772
          ],
          [
            -68.9535851,
            -30.7316836
          ],
          [
            -68.9536127,
            -30.7315072
          ],
          [
            -68.9536387,
            -30.7312409
          ],
          [
            -68.9536717,
            -30.7309077
          ],
          [
            -68.9536655,
            -30.7307798
          ],
          [
            -68.9536226,
            -30.7306553
          ],
          [
            -68.9533767,
            -30.7306541
          ],
          [
            -68.9531889,
            -30.7307049
          ],
          [
            -68.9530119,
            -30.7306956
          ],
          [
            -68.9528509,
            -30.7307048
          ],
          [
            -68.9526525,
            -30.7307187
          ],
          [
            -68.9524433,
            -30.7308155
          ],
          [
            -68.9521528,
            -30.7308859
          ],
          [
            -68.9519658,
            -30.7310231
          ]
        ]
      }
    },
    {
      "type": "Feature",
      "id": "hualilan-project-approach-v2",
      "properties": {
        "id": "hualilan-project-approach-v2",
        "corridorId": "hualilan",
        "geometryClass": "APPROXIMATE_APPROACH",
        "sourceFeatureIds": [],
        "evidenceRefs": [
          "hualilan-route-geometry-build-v2"
        ],
        "sourceDatasetId": "hualilan-derived-geometry-v2",
        "sourceRetrievedAt": "2026-09-02T02:02:45.989Z",
        "limitations": [
          "Approximate final approach to the project-location anchor; not operator navigation or access authorization.",
          "These geometries are explicit derived connectors, not source road features.",
          "They only connect the scenario origin and project-location anchor to the reviewed source-backed path."
        ],
        "geometryChainageStartKm": 124.22554,
        "geometryChainageEndKm": 124.543508
      },
      "geometry": {
        "type": "LineString",
        "coordinates": [
          [
            -68.9519658,
            -30.7310231
          ],
          [
            -68.95,
            -30.73333
          ]
        ]
      }
    }
  ]
}
