{
  "type": "FeatureCollection",
  "features": [
    {
      "type": "Feature",
      "id": "vial_nacional.2175",
      "properties": {
        "gid": 2175,
        "designacion_de_red_vial": "A014",
        "tipo_de_via_de_transporte": "Autopista",
        "tipo_de_superficie_de_via": "Pavimentado",
        "jurisdiccion_de_via_de_transporte": "Ruta Nacional",
        "autoridad_de_fuente": "IGN",
        "fuente_de_captura": "Dirección Nacional de Vialidad",
        "sourceFeatureId": "vial_nacional.2175",
        "selectedForCorridor": "los-azules",
        "selectionMethod": "reviewed source-junction clip between pinned coordinates",
        "selectionLengthKm": 5.49449,
        "sourceGeometryClipped": true
      },
      "geometry": {
        "type": "LineString",
        "coordinates": [
          [
            -68.55289386,
            -31.5383514
          ],
          [
            -68.55291607,
            -31.53805702
          ],
          [
            -68.55293807,
            -31.5378019
          ],
          [
            -68.5530106,
            -31.53726776
          ],
          [
            -68.55306389,
            -31.53699466
          ],
          [
            -68.55315483,
            -31.53671299
          ],
          [
            -68.55330253,
            -31.53638903
          ],
          [
            -68.55340735,
            -31.53620245
          ],
          [
            -68.55358453,
            -31.53590666
          ],
          [
            -68.55385383,
            -31.53557888
          ],
          [
            -68.55409469,
            -31.53534832
          ],
          [
            -68.55532897,
            -31.53431791
          ],
          [
            -68.55617803,
            -31.53359624
          ],
          [
            -68.55668706,
            -31.53314028
          ],
          [
            -68.55690045,
            -31.53291595
          ],
          [
            -68.5570534,
            -31.53271578
          ],
          [
            -68.55727516,
            -31.53238498
          ],
          [
            -68.55747097,
            -31.53202383
          ],
          [
            -68.55759528,
            -31.53173487
          ],
          [
            -68.5576817,
            -31.5314565
          ],
          [
            -68.5577478,
            -31.53113396
          ],
          [
            -68.55778149,
            -31.53086992
          ],
          [
            -68.55778581,
            -31.53060056
          ],
          [
            -68.55778733,
            -31.5303073
          ],
          [
            -68.55776075,
            -31.53005261
          ],
          [
            -68.55771363,
            -31.52973952
          ],
          [
            -68.557615,
            -31.52925503
          ],
          [
            -68.55746106,
            -31.52847921
          ],
          [
            -68.55730121,
            -31.52801955
          ],
          [
            -68.5571901,
            -31.52772471
          ],
          [
            -68.55702196,
            -31.5273928
          ],
          [
            -68.55676934,
            -31.52693605
          ],
          [
            -68.55650939,
            -31.52654993
          ],
          [
            -68.55596127,
            -31.525889
          ],
          [
            -68.55578221,
            -31.52571688
          ],
          [
            -68.55531275,
            -31.52529019
          ],
          [
            -68.55470988,
            -31.52485828
          ],
          [
            -68.55410339,
            -31.52450584
          ],
          [
            -68.55317963,
            -31.52409934
          ],
          [
            -68.55245321,
            -31.52388546
          ],
          [
            -68.5517743,
            -31.52373232
          ],
          [
            -68.55093585,
            -31.52363133
          ],
          [
            -68.55008568,
            -31.52360003
          ],
          [
            -68.548639,
            -31.52368887
          ],
          [
            -68.54815885,
            -31.52369651
          ],
          [
            -68.54733305,
            -31.52367512
          ],
          [
            -68.54644016,
            -31.52363994
          ],
          [
            -68.54572105,
            -31.52357347
          ],
          [
            -68.54507268,
            -31.52350203
          ],
          [
            -68.54390088,
            -31.52330452
          ],
          [
            -68.54238775,
            -31.52296171
          ],
          [
            -68.54175822,
            -31.5227836
          ],
          [
            -68.54114182,
            -31.52259172
          ],
          [
            -68.53968123,
            -31.5220419
          ],
          [
            -68.53899749,
            -31.5217432
          ],
          [
            -68.53641565,
            -31.52043663
          ],
          [
            -68.53465389,
            -31.51953276
          ],
          [
            -68.53246034,
            -31.51840036
          ],
          [
            -68.53115673,
            -31.51778947
          ],
          [
            -68.52958159,
            -31.517207
          ],
          [
            -68.52907639,
            -31.5170544
          ],
          [
            -68.52826659,
            -31.5168279
          ],
          [
            -68.52707978,
            -31.51655141
          ],
          [
            -68.52616581,
            -31.5163599
          ],
          [
            -68.52525324,
            -31.51622535
          ],
          [
            -68.52427657,
            -31.51611358
          ],
          [
            -68.52336823,
            -31.51604554
          ],
          [
            -68.52248673,
            -31.51600625
          ],
          [
            -68.52132115,
            -31.51601721
          ],
          [
            -68.51851067,
            -31.51619092
          ],
          [
            -68.5174353,
            -31.51626151
          ]
        ]
      }
    },
    {
      "type": "Feature",
      "id": "vial_nacional.2570",
      "properties": {
        "gid": 2570,
        "designacion_de_red_vial": "40",
        "tipo_de_via_de_transporte": "Ruta",
        "tipo_de_superficie_de_via": "Pavimentado",
        "jurisdiccion_de_via_de_transporte": "Ruta Nacional",
        "autoridad_de_fuente": "IGN",
        "fuente_de_captura": "Dirección Nacional de Vialidad",
        "sourceFeatureId": "vial_nacional.2570",
        "selectedForCorridor": "los-azules",
        "selectionMethod": "reviewed source-junction clip between pinned coordinates",
        "selectionLengthKm": 0.011312,
        "sourceGeometryClipped": true
      },
      "geometry": {
        "type": "LineString",
        "coordinates": [
          [
            -68.5174353,
            -31.51626151
          ],
          [
            -68.51746356,
            -31.51616267
          ]
        ]
      }
    },
    {
      "type": "Feature",
      "id": "vial_nacional.2565",
      "properties": {
        "gid": 2565,
        "designacion_de_red_vial": "40",
        "tipo_de_via_de_transporte": "Ruta",
        "tipo_de_superficie_de_via": "Pavimentado",
        "jurisdiccion_de_via_de_transporte": "Ruta Nacional",
        "autoridad_de_fuente": "IGN",
        "fuente_de_captura": "Dirección Nacional de Vialidad",
        "sourceFeatureId": "vial_nacional.2565",
        "selectedForCorridor": "los-azules",
        "selectionMethod": "reviewed source-junction clip between pinned coordinates",
        "selectionLengthKm": 0.171974,
        "sourceGeometryClipped": true
      },
      "geometry": {
        "type": "LineString",
        "coordinates": [
          [
            -68.51746356,
            -31.51616267
          ],
          [
            -68.5175473,
            -31.5158697
          ],
          [
            -68.5176411,
            -31.5155118
          ],
          [
            -68.5176931,
            -31.515349
          ],
          [
            -68.5177374,
            -31.5152209
          ],
          [
            -68.5178244,
            -31.5150221
          ],
          [
            -68.5178849,
            -31.5148563
          ],
          [
            -68.5179021,
            -31.5147798
          ],
          [
            -68.5179294,
            -31.5146699
          ]
        ]
      }
    },
    {
      "type": "Feature",
      "id": "vial_nacional.1192",
      "properties": {
        "gid": 1192,
        "designacion_de_red_vial": "40",
        "tipo_de_via_de_transporte": "Ruta",
        "tipo_de_superficie_de_via": "Pavimentado",
        "jurisdiccion_de_via_de_transporte": "Ruta Nacional",
        "autoridad_de_fuente": "IGN",
        "fuente_de_captura": "Dirección Nacional de Vialidad",
        "sourceFeatureId": "vial_nacional.1192",
        "selectedForCorridor": "los-azules",
        "selectionMethod": "reviewed source-junction clip between pinned coordinates",
        "selectionLengthKm": 0.024057,
        "sourceGeometryClipped": true
      },
      "geometry": {
        "type": "LineString",
        "coordinates": [
          [
            -68.5179294,
            -31.5146699
          ],
          [
            -68.51796007,
            -31.5146013
          ],
          [
            -68.51796578,
            -31.51453087
          ],
          [
            -68.51796578,
            -31.51445853
          ]
        ]
      }
    },
    {
      "type": "Feature",
      "id": "vial_nacional.2201",
      "properties": {
        "gid": 2201,
        "designacion_de_red_vial": "40",
        "tipo_de_via_de_transporte": "Ruta",
        "tipo_de_superficie_de_via": "Pavimentado",
        "jurisdiccion_de_via_de_transporte": "Ruta Nacional",
        "autoridad_de_fuente": "IGN",
        "fuente_de_captura": "Dirección Nacional de Vialidad",
        "sourceFeatureId": "vial_nacional.2201",
        "selectedForCorridor": "los-azules",
        "selectionMethod": "reviewed source-junction clip between pinned coordinates",
        "selectionLengthKm": 5.953661,
        "sourceGeometryClipped": true
      },
      "geometry": {
        "type": "LineString",
        "coordinates": [
          [
            -68.51796578,
            -31.51445853
          ],
          [
            -68.5179789,
            -31.5141302
          ],
          [
            -68.5179506,
            -31.5139174
          ],
          [
            -68.5179251,
            -31.5138179
          ],
          [
            -68.5178956,
            -31.5136841
          ],
          [
            -68.5178795,
            -31.5135469
          ],
          [
            -68.5178581,
            -31.5133411
          ],
          [
            -68.5178479,
            -31.5131471
          ],
          [
            -68.5176699,
            -31.5114493
          ],
          [
            -68.5176166,
            -31.5107436
          ],
          [
            -68.517599,
            -31.5102775
          ],
          [
            -68.5176002,
            -31.5098712
          ],
          [
            -68.5176079,
            -31.5094637
          ],
          [
            -68.5176211,
            -31.5080514
          ],
          [
            -68.51762512,
            -31.50785425
          ],
          [
            -68.51762632,
            -31.50779559
          ],
          [
            -68.5176287,
            -31.5076787
          ],
          [
            -68.5177834,
            -31.5043108
          ],
          [
            -68.5178179,
            -31.5030096
          ],
          [
            -68.5178525,
            -31.5021371
          ],
          [
            -68.5178604,
            -31.5019079
          ],
          [
            -68.5179273,
            -31.5008349
          ],
          [
            -68.5179664,
            -31.5003109
          ],
          [
            -68.5179895,
            -31.4999748
          ],
          [
            -68.518013,
            -31.4996289
          ],
          [
            -68.5180376,
            -31.4993225
          ],
          [
            -68.5180772,
            -31.4989021
          ],
          [
            -68.5180973,
            -31.4986457
          ],
          [
            -68.5181294,
            -31.4983552
          ],
          [
            -68.5182151,
            -31.4977685
          ],
          [
            -68.51823984,
            -31.49758828
          ],
          [
            -68.5182646,
            -31.497408
          ],
          [
            -68.518348,
            -31.4969343
          ],
          [
            -68.5185608,
            -31.4957301
          ],
          [
            -68.5187833,
            -31.494439
          ],
          [
            -68.5188751,
            -31.4938944
          ],
          [
            -68.5190815,
            -31.4926848
          ],
          [
            -68.5192966,
            -31.4913291
          ],
          [
            -68.51933355,
            -31.49114487
          ],
          [
            -68.519367,
            -31.4909781
          ],
          [
            -68.5197636,
            -31.488693
          ],
          [
            -68.5198008,
            -31.4884709
          ],
          [
            -68.5199097,
            -31.4879499
          ],
          [
            -68.5204533,
            -31.4848621
          ],
          [
            -68.5206528,
            -31.4837625
          ],
          [
            -68.5208897,
            -31.4824097
          ],
          [
            -68.5210675,
            -31.4811623
          ],
          [
            -68.5210994,
            -31.4810252
          ],
          [
            -68.5211327,
            -31.4808199
          ],
          [
            -68.5211704,
            -31.4805611
          ],
          [
            -68.5212066,
            -31.4802746
          ],
          [
            -68.5212303,
            -31.4799601
          ],
          [
            -68.5212527,
            -31.4796688
          ],
          [
            -68.5212619,
            -31.4792888
          ],
          [
            -68.5212661,
            -31.478904
          ],
          [
            -68.52125794,
            -31.47878307
          ],
          [
            -68.5212437,
            -31.4785721
          ],
          [
            -68.5212248,
            -31.4784215
          ],
          [
            -68.5211816,
            -31.4781562
          ],
          [
            -68.5211347,
            -31.4778366
          ],
          [
            -68.5210021,
            -31.4771337
          ],
          [
            -68.5206545,
            -31.4748775
          ],
          [
            -68.5205883,
            -31.4744656
          ],
          [
            -68.5204343,
            -31.4737156
          ],
          [
            -68.5203525,
            -31.473257
          ],
          [
            -68.5202498,
            -31.4727399
          ],
          [
            -68.5201697,
            -31.4723285
          ],
          [
            -68.5199455,
            -31.4710954
          ],
          [
            -68.5198701,
            -31.4706742
          ],
          [
            -68.5197826,
            -31.4701803
          ],
          [
            -68.519743,
            -31.4699262
          ],
          [
            -68.5197115,
            -31.4696757
          ],
          [
            -68.5196949,
            -31.4694327
          ],
          [
            -68.5196807,
            -31.4691484
          ],
          [
            -68.5196686,
            -31.4688653
          ],
          [
            -68.5196585,
            -31.4686441
          ],
          [
            -68.5196277,
            -31.4677877
          ],
          [
            -68.519624,
            -31.4676562
          ],
          [
            -68.519521,
            -31.4656086
          ],
          [
            -68.5195111,
            -31.4653459
          ],
          [
            -68.5194607,
            -31.4646804
          ],
          [
            -68.5193543,
            -31.4624963
          ],
          [
            -68.5193422,
            -31.4619241
          ],
          [
            -68.5193172,
            -31.4615483
          ],
          [
            -68.5193146,
            -31.46151
          ],
          [
            -68.51929325,
            -31.46124165
          ]
        ]
      }
    },
    {
      "type": "Feature",
      "id": "vial_nacional.1174",
      "properties": {
        "gid": 1174,
        "designacion_de_red_vial": "40",
        "tipo_de_via_de_transporte": "Ruta",
        "tipo_de_superficie_de_via": "Pavimentado",
        "jurisdiccion_de_via_de_transporte": "Ruta Nacional",
        "autoridad_de_fuente": "IGN",
        "fuente_de_captura": "Dirección Nacional de Vialidad",
        "sourceFeatureId": "vial_nacional.1174",
        "selectedForCorridor": "los-azules",
        "selectionMethod": "reviewed source-junction clip between pinned coordinates",
        "selectionLengthKm": 1.380335,
        "sourceGeometryClipped": true
      },
      "geometry": {
        "type": "LineString",
        "coordinates": [
          [
            -68.51929325,
            -31.46124165
          ],
          [
            -68.5191066,
            -31.458896
          ],
          [
            -68.5189776,
            -31.4569938
          ],
          [
            -68.5187852,
            -31.4544214
          ],
          [
            -68.5185937,
            -31.4515575
          ],
          [
            -68.5185526,
            -31.4509441
          ],
          [
            -68.5185277,
            -31.4505526
          ],
          [
            -68.5185071,
            -31.4501326
          ],
          [
            -68.5184891,
            -31.4497653
          ],
          [
            -68.5184861,
            -31.4497131
          ],
          [
            -68.5184714,
            -31.4494613
          ],
          [
            -68.5184617,
            -31.4491916
          ],
          [
            -68.5184635,
            -31.449009
          ],
          [
            -68.518468,
            -31.4488493
          ]
        ]
      }
    },
    {
      "type": "Feature",
      "id": "vial_nacional.1175",
      "properties": {
        "gid": 1175,
        "designacion_de_red_vial": "40",
        "tipo_de_via_de_transporte": "Ruta",
        "tipo_de_superficie_de_via": "Pavimentado",
        "jurisdiccion_de_via_de_transporte": "Ruta Nacional",
        "autoridad_de_fuente": "IGN",
        "fuente_de_captura": "Dirección Nacional de Vialidad",
        "sourceFeatureId": "vial_nacional.1175",
        "selectedForCorridor": "los-azules",
        "selectionMethod": "reviewed source-junction clip between pinned coordinates",
        "selectionLengthKm": 0.270281,
        "sourceGeometryClipped": true
      },
      "geometry": {
        "type": "LineString",
        "coordinates": [
          [
            -68.518468,
            -31.4488493
          ],
          [
            -68.5184844,
            -31.4483588
          ],
          [
            -68.5185075,
            -31.4477248
          ],
          [
            -68.5185118,
            -31.4475999
          ],
          [
            -68.5185556,
            -31.4474915
          ],
          [
            -68.5186044,
            -31.4474198
          ],
          [
            -68.5186979,
            -31.4473146
          ],
          [
            -68.5187717,
            -31.4472332
          ],
          [
            -68.518859,
            -31.4471526
          ],
          [
            -68.5189205,
            -31.4470728
          ],
          [
            -68.5190036,
            -31.4469579
          ],
          [
            -68.5190683,
            -31.4468563
          ],
          [
            -68.519234,
            -31.4466004
          ]
        ]
      }
    },
    {
      "type": "Feature",
      "id": "vial_nacional.1172",
      "properties": {
        "gid": 1172,
        "designacion_de_red_vial": "40",
        "tipo_de_via_de_transporte": "Ruta",
        "tipo_de_superficie_de_via": "Pavimentado",
        "jurisdiccion_de_via_de_transporte": "Ruta Nacional",
        "autoridad_de_fuente": "IGN",
        "fuente_de_captura": "Dirección Nacional de Vialidad",
        "sourceFeatureId": "vial_nacional.1172",
        "selectedForCorridor": "los-azules",
        "selectionMethod": "reviewed source-junction clip between pinned coordinates",
        "selectionLengthKm": 45.132592,
        "sourceGeometryClipped": true
      },
      "geometry": {
        "type": "LineString",
        "coordinates": [
          [
            -68.519234,
            -31.4466004
          ],
          [
            -68.5192948,
            -31.4464955
          ],
          [
            -68.5193351,
            -31.446424
          ],
          [
            -68.5194344,
            -31.4462837
          ],
          [
            -68.5195368,
            -31.4461446
          ],
          [
            -68.5196523,
            -31.4459875
          ],
          [
            -68.5199573,
            -31.4455807
          ],
          [
            -68.5202555,
            -31.4451934
          ],
          [
            -68.520458,
            -31.4449472
          ],
          [
            -68.5208588,
            -31.4444491
          ],
          [
            -68.5211077,
            -31.4441355
          ],
          [
            -68.521148,
            -31.444084
          ],
          [
            -68.5230914,
            -31.4415984
          ],
          [
            -68.5231571,
            -31.441529
          ],
          [
            -68.5232647,
            -31.4414031
          ],
          [
            -68.5235297,
            -31.4411244
          ],
          [
            -68.5237246,
            -31.4409399
          ],
          [
            -68.523898,
            -31.4407804
          ],
          [
            -68.5241158,
            -31.4406055
          ],
          [
            -68.5243198,
            -31.4404529
          ],
          [
            -68.5246564,
            -31.4402387
          ],
          [
            -68.5249684,
            -31.4400454
          ],
          [
            -68.5253173,
            -31.4398417
          ],
          [
            -68.5258891,
            -31.4395033
          ],
          [
            -68.5265237,
            -31.4391309
          ],
          [
            -68.5269058,
            -31.4388981
          ],
          [
            -68.5273018,
            -31.4386608
          ],
          [
            -68.5276341,
            -31.4384715
          ],
          [
            -68.5276999,
            -31.4384338
          ],
          [
            -68.5278056,
            -31.4383706
          ],
          [
            -68.5284153,
            -31.4380015
          ],
          [
            -68.5289901,
            -31.4376595
          ],
          [
            -68.5296307,
            -31.4372819
          ],
          [
            -68.5316884,
            -31.436051
          ],
          [
            -68.5322992,
            -31.435696
          ],
          [
            -68.5326801,
            -31.4354673
          ],
          [
            -68.5331965,
            -31.4351598
          ],
          [
            -68.5336914,
            -31.4348748
          ],
          [
            -68.5339873,
            -31.4347199
          ],
          [
            -68.5343659,
            -31.4345283
          ],
          [
            -68.5347384,
            -31.4343472
          ],
          [
            -68.5351032,
            -31.4341825
          ],
          [
            -68.5355049,
            -31.43401
          ],
          [
            -68.537392,
            -31.4332479
          ],
          [
            -68.5384978,
            -31.4328007
          ],
          [
            -68.5395641,
            -31.4323695
          ],
          [
            -68.5402299,
            -31.4321036
          ],
          [
            -68.5407883,
            -31.4318743
          ],
          [
            -68.541255,
            -31.4316786
          ],
          [
            -68.5416654,
            -31.4314943
          ],
          [
            -68.5419122,
            -31.431373
          ],
          [
            -68.5421911,
            -31.4312173
          ],
          [
            -68.5424475,
            -31.4310645
          ],
          [
            -68.542746,
            -31.4308682
          ],
          [
            -68.5429962,
            -31.4306879
          ],
          [
            -68.5431963,
            -31.4305332
          ],
          [
            -68.5433575,
            -31.4303992
          ],
          [
            -68.5435107,
            -31.4302697
          ],
          [
            -68.5437205,
            -31.4300753
          ],
          [
            -68.5438146,
            -31.429988
          ],
          [
            -68.543842,
            -31.4299613
          ],
          [
            -68.5439355,
            -31.4298676
          ],
          [
            -68.5440407,
            -31.4297613
          ],
          [
            -68.5441518,
            -31.4296384
          ],
          [
            -68.5442845,
            -31.4294933
          ],
          [
            -68.5445337,
            -31.4291728
          ],
          [
            -68.5453263,
            -31.4281509
          ],
          [
            -68.5455488,
            -31.4278533
          ],
          [
            -68.5461066,
            -31.4271276
          ],
          [
            -68.5475996,
            -31.4252067
          ],
          [
            -68.5483034,
            -31.4243065
          ],
          [
            -68.5485568,
            -31.423974
          ],
          [
            -68.5490452,
            -31.423337
          ],
          [
            -68.555944,
            -31.414425
          ],
          [
            -68.5570938,
            -31.4129416
          ],
          [
            -68.5576273,
            -31.4122473
          ],
          [
            -68.5581968,
            -31.4115229
          ],
          [
            -68.5582356,
            -31.4114735
          ],
          [
            -68.5582572,
            -31.4114439
          ],
          [
            -68.55828675,
            -31.4114039
          ],
          [
            -68.5583514,
            -31.4113193
          ],
          [
            -68.55891,
            -31.4105925
          ],
          [
            -68.5590444,
            -31.4104245
          ],
          [
            -68.5597368,
            -31.4095237
          ],
          [
            -68.561678,
            -31.4070158
          ],
          [
            -68.564112,
            -31.4038629
          ],
          [
            -68.5655105,
            -31.4020533
          ],
          [
            -68.5657079,
            -31.4017978
          ],
          [
            -68.5699586,
            -31.3962974
          ],
          [
            -68.570091,
            -31.3961198
          ],
          [
            -68.5702675,
            -31.3959078
          ],
          [
            -68.5703955,
            -31.3957505
          ],
          [
            -68.570531,
            -31.3956039
          ],
          [
            -68.5706791,
            -31.3954523
          ],
          [
            -68.5708191,
            -31.3953181
          ],
          [
            -68.5709695,
            -31.3951861
          ],
          [
            -68.5711233,
            -31.3950602
          ],
          [
            -68.5713067,
            -31.3949186
          ],
          [
            -68.5714934,
            -31.3947892
          ],
          [
            -68.5717366,
            -31.3946364
          ],
          [
            -68.5719159,
            -31.3945417
          ],
          [
            -68.5721399,
            -31.3944228
          ],
          [
            -68.5724924,
            -31.3942469
          ],
          [
            -68.5728359,
            -31.3940752
          ],
          [
            -68.5750626,
            -31.3930166
          ],
          [
            -68.5754635,
            -31.3928281
          ],
          [
            -68.5758564,
            -31.3926533
          ],
          [
            -68.5760644,
            -31.3925642
          ],
          [
            -68.576275,
            -31.392482
          ],
          [
            -68.5765714,
            -31.3923758
          ],
          [
            -68.576833,
            -31.3922924
          ],
          [
            -68.5770934,
            -31.3922202
          ],
          [
            -68.577386,
            -31.3921502
          ],
          [
            -68.5776842,
            -31.3920939
          ],
          [
            -68.5780406,
            -31.3920419
          ],
          [
            -68.5784849,
            -31.391988
          ],
          [
            -68.5790325,
            -31.3919364
          ],
          [
            -68.5795143,
            -31.3918967
          ],
          [
            -68.5799962,
            -31.3918514
          ],
          [
            -68.5805906,
            -31.3917798
          ],
          [
            -68.5808845,
            -31.3917265
          ],
          [
            -68.5814187,
            -31.3916015
          ],
          [
            -68.5821009,
            -31.3914249
          ],
          [
            -68.5832828,
            -31.3911176
          ],
          [
            -68.5857742,
            -31.390485
          ],
          [
            -68.5861847,
            -31.3903671
          ],
          [
            -68.5865294,
            -31.3902573
          ],
          [
            -68.5867747,
            -31.3901729
          ],
          [
            -68.5870308,
            -31.3900755
          ],
          [
            -68.5872152,
            -31.3899973
          ],
          [
            -68.5873435,
            -31.3899425
          ],
          [
            -68.5876612,
            -31.389797
          ],
          [
            -68.5879736,
            -31.3896405
          ],
          [
            -68.5882285,
            -31.3895108
          ],
          [
            -68.5885382,
            -31.3893326
          ],
          [
            -68.5887809,
            -31.3891803
          ],
          [
            -68.5890829,
            -31.3889705
          ],
          [
            -68.5893344,
            -31.3887812
          ],
          [
            -68.5895861,
            -31.3885659
          ],
          [
            -68.5899813,
            -31.3882014
          ],
          [
            -68.5904972,
            -31.3877147
          ],
          [
            -68.590724,
            -31.3875199
          ],
          [
            -68.5908384,
            -31.387422
          ],
          [
            -68.5909671,
            -31.3873242
          ],
          [
            -68.5911233,
            -31.3872103
          ],
          [
            -68.5912644,
            -31.387117
          ],
          [
            -68.5914085,
            -31.3870288
          ],
          [
            -68.591604,
            -31.3869072
          ],
          [
            -68.5917944,
            -31.3868011
          ],
          [
            -68.5919587,
            -31.3867036
          ],
          [
            -68.5922797,
            -31.3865262
          ],
          [
            -68.592552,
            -31.3863783
          ],
          [
            -68.5928298,
            -31.3862277
          ],
          [
            -68.5931422,
            -31.386072
          ],
          [
            -68.5933152,
            -31.3859808
          ],
          [
            -68.5934863,
            -31.3859018
          ],
          [
            -68.5936732,
            -31.3858172
          ],
          [
            -68.593858,
            -31.3857413
          ],
          [
            -68.5940375,
            -31.3856666
          ],
          [
            -68.5941966,
            -31.3856074
          ],
          [
            -68.594477,
            -31.3855163
          ],
          [
            -68.594786,
            -31.3854303
          ],
          [
            -68.5953727,
            -31.3852883
          ],
          [
            -68.5959736,
            -31.3851402
          ],
          [
            -68.5963689,
            -31.3850435
          ],
          [
            -68.5967226,
            -31.3849573
          ],
          [
            -68.5971946,
            -31.384836
          ],
          [
            -68.5974841,
            -31.3847544
          ],
          [
            -68.5976604,
            -31.384699
          ],
          [
            -68.5977936,
            -31.3846459
          ],
          [
            -68.5979462,
            -31.3845728
          ],
          [
            -68.5980801,
            -31.3844969
          ],
          [
            -68.598204,
            -31.3844177
          ],
          [
            -68.5983195,
            -31.3843354
          ],
          [
            -68.5984364,
            -31.3842494
          ],
          [
            -68.5987871,
            -31.3839501
          ],
          [
            -68.5989981,
            -31.3837736
          ],
          [
            -68.5992863,
            -31.3835396
          ],
          [
            -68.5995798,
            -31.3832974
          ],
          [
            -68.5999509,
            -31.382986
          ],
          [
            -68.6001021,
            -31.3828586
          ],
          [
            -68.6001993,
            -31.3827767
          ],
          [
            -68.6003583,
            -31.3826437
          ],
          [
            -68.6007222,
            -31.3823498
          ],
          [
            -68.6010728,
            -31.3820697
          ],
          [
            -68.6012532,
            -31.3819263
          ],
          [
            -68.6013562,
            -31.3818414
          ],
          [
            -68.6017258,
            -31.3815305
          ],
          [
            -68.6020782,
            -31.3812361
          ],
          [
            -68.6024545,
            -31.3809135
          ],
          [
            -68.6029374,
            -31.3804949
          ],
          [
            -68.6032981,
            -31.3801913
          ],
          [
            -68.6035035,
            -31.3800361
          ],
          [
            -68.6037261,
            -31.3798723
          ],
          [
            -68.6038892,
            -31.3797562
          ],
          [
            -68.6040158,
            -31.3796805
          ],
          [
            -68.6044629,
            -31.3794297
          ],
          [
            -68.6049618,
            -31.3791822
          ],
          [
            -68.6051085,
            -31.3791124
          ],
          [
            -68.605244,
            -31.3790454
          ],
          [
            -68.6054915,
            -31.3789294
          ],
          [
            -68.6057311,
            -31.3788226
          ],
          [
            -68.6059346,
            -31.3787244
          ],
          [
            -68.6061211,
            -31.3786439
          ],
          [
            -68.6062771,
            -31.3785718
          ],
          [
            -68.6064089,
            -31.3785118
          ],
          [
            -68.6065057,
            -31.3784656
          ],
          [
            -68.6066055,
            -31.3784179
          ],
          [
            -68.6067029,
            -31.3783729
          ],
          [
            -68.6068049,
            -31.3783192
          ],
          [
            -68.606905,
            -31.3782658
          ],
          [
            -68.6069988,
            -31.378215
          ],
          [
            -68.6070923,
            -31.3781584
          ],
          [
            -68.6071745,
            -31.3780929
          ],
          [
            -68.6072514,
            -31.3780262
          ],
          [
            -68.6073279,
            -31.377954
          ],
          [
            -68.6074098,
            -31.3778681
          ],
          [
            -68.6074679,
            -31.3777984
          ],
          [
            -68.6075391,
            -31.3777117
          ],
          [
            -68.6075928,
            -31.3776427
          ],
          [
            -68.6076554,
            -31.3775572
          ],
          [
            -68.6076883,
            -31.3775099
          ],
          [
            -68.6077169,
            -31.377471
          ],
          [
            -68.6077718,
            -31.3773873
          ],
          [
            -68.6078272,
            -31.3773
          ],
          [
            -68.6078542,
            -31.3772613
          ],
          [
            -68.607884,
            -31.3772165
          ],
          [
            -68.6079364,
            -31.3771326
          ],
          [
            -68.6079904,
            -31.3770464
          ],
          [
            -68.6080209,
            -31.3769976
          ],
          [
            -68.608051,
            -31.3769547
          ],
          [
            -68.6081046,
            -31.3768755
          ],
          [
            -68.6081589,
            -31.3767901
          ],
          [
            -68.6082163,
            -31.3767007
          ],
          [
            -68.6082739,
            -31.3766162
          ],
          [
            -68.6083293,
            -31.3765322
          ],
          [
            -68.6083811,
            -31.3764459
          ],
          [
            -68.6084346,
            -31.3763578
          ],
          [
            -68.6084858,
            -31.3762738
          ],
          [
            -68.6085322,
            -31.3761802
          ],
          [
            -68.6085711,
            -31.3760909
          ],
          [
            -68.6086072,
            -31.3760017
          ],
          [
            -68.6086329,
            -31.3759055
          ],
          [
            -68.6086579,
            -31.3758104
          ],
          [
            -68.6086775,
            -31.3757068
          ],
          [
            -68.6086876,
            -31.3756122
          ],
          [
            -68.6086926,
            -31.3755089
          ],
          [
            -68.608696,
            -31.3753991
          ],
          [
            -68.6086927,
            -31.3752939
          ],
          [
            -68.6086813,
            -31.3751857
          ],
          [
            -68.6086698,
            -31.3750826
          ],
          [
            -68.6086502,
            -31.3749777
          ],
          [
            -68.6086257,
            -31.3748779
          ],
          [
            -68.6085863,
            -31.37477
          ],
          [
            -68.608547,
            -31.3746762
          ],
          [
            -68.6085086,
            -31.3745793
          ],
          [
            -68.6084642,
            -31.3744812
          ],
          [
            -68.6084157,
            -31.3743806
          ],
          [
            -68.6083599,
            -31.3742676
          ],
          [
            -68.6083079,
            -31.3741624
          ],
          [
            -68.6082502,
            -31.3740455
          ],
          [
            -68.6081954,
            -31.3739338
          ],
          [
            -68.6081443,
            -31.373827
          ],
          [
            -68.608094,
            -31.3737219
          ],
          [
            -68.6080367,
            -31.3736021
          ],
          [
            -68.6079642,
            -31.3734508
          ],
          [
            -68.6078803,
            -31.3732754
          ],
          [
            -68.607839,
            -31.3731892
          ],
          [
            -68.6077941,
            -31.373087
          ],
          [
            -68.6076887,
            -31.3728685
          ],
          [
            -68.6075774,
            -31.3726237
          ],
          [
            -68.6074496,
            -31.3723533
          ],
          [
            -68.6073938,
            -31.3722355
          ],
          [
            -68.6073156,
            -31.3720703
          ],
          [
            -68.606992,
            -31.3714116
          ],
          [
            -68.6067809,
            -31.3709692
          ],
          [
            -68.6065999,
            -31.3705827
          ],
          [
            -68.6065226,
            -31.3704133
          ],
          [
            -68.6064236,
            -31.3701754
          ],
          [
            -68.6063464,
            -31.369975
          ],
          [
            -68.606284,
            -31.3698038
          ],
          [
            -68.6062299,
            -31.3696336
          ],
          [
            -68.6061934,
            -31.3694867
          ],
          [
            -68.6061593,
            -31.3693426
          ],
          [
            -68.606125,
            -31.3691828
          ],
          [
            -68.6060917,
            -31.3690181
          ],
          [
            -68.6060539,
            -31.3687749
          ],
          [
            -68.6060322,
            -31.3685763
          ],
          [
            -68.6060119,
            -31.3683297
          ],
          [
            -68.6060023,
            -31.36811
          ],
          [
            -68.6059993,
            -31.3678184
          ],
          [
            -68.605999,
            -31.3675144
          ],
          [
            -68.6060773,
            -31.3643777
          ],
          [
            -68.606079,
            -31.3642515
          ],
          [
            -68.6060824,
            -31.3640904
          ],
          [
            -68.6061131,
            -31.3624274
          ],
          [
            -68.606118,
            -31.3622724
          ],
          [
            -68.6061215,
            -31.362088
          ],
          [
            -68.6061773,
            -31.3594267
          ],
          [
            -68.6061822,
            -31.3592557
          ],
          [
            -68.6061858,
            -31.3591262
          ],
          [
            -68.6062227,
            -31.3565347
          ],
          [
            -68.6062333,
            -31.3562974
          ],
          [
            -68.6062399,
            -31.3561175
          ],
          [
            -68.6062687,
            -31.3544928
          ],
          [
            -68.6062739,
            -31.3542159
          ],
          [
            -68.6062809,
            -31.3539804
          ],
          [
            -68.6063361,
            -31.3511408
          ],
          [
            -68.6063384,
            -31.3510577
          ],
          [
            -68.6063433,
            -31.3509715
          ],
          [
            -68.6063914,
            -31.348311
          ],
          [
            -68.6063984,
            -31.3480695
          ],
          [
            -68.6064053,
            -31.3478406
          ],
          [
            -68.6064533,
            -31.3456142
          ],
          [
            -68.6064565,
            -31.3453772
          ],
          [
            -68.6064657,
            -31.345056
          ],
          [
            -68.6065062,
            -31.3419472
          ],
          [
            -68.6065088,
            -31.3418086
          ],
          [
            -68.6065114,
            -31.3417006
          ],
          [
            -68.6065638,
            -31.3390359
          ],
          [
            -68.6065665,
            -31.3388878
          ],
          [
            -68.6065698,
            -31.3387473
          ],
          [
            -68.6065955,
            -31.336524
          ],
          [
            -68.6066006,
            -31.3363975
          ],
          [
            -68.6066042,
            -31.3362581
          ],
          [
            -68.606638,
            -31.3337104
          ],
          [
            -68.6066428,
            -31.3334913
          ],
          [
            -68.6066462,
            -31.3333539
          ],
          [
            -68.6066737,
            -31.3315914
          ],
          [
            -68.6067005,
            -31.3297949
          ],
          [
            -68.606706,
            -31.3296138
          ],
          [
            -68.6067071,
            -31.3294875
          ],
          [
            -68.6067255,
            -31.3279105
          ],
          [
            -68.6067289,
            -31.3277238
          ],
          [
            -68.6067368,
            -31.32738
          ],
          [
            -68.6067843,
            -31.3242684
          ],
          [
            -68.6067895,
            -31.3239856
          ],
          [
            -68.6067932,
            -31.3237067
          ],
          [
            -68.6068372,
            -31.3210533
          ],
          [
            -68.606842,
            -31.3207727
          ],
          [
            -68.6068463,
            -31.3204693
          ],
          [
            -68.6068945,
            -31.3178165
          ],
          [
            -68.6068969,
            -31.3176612
          ],
          [
            -68.6068993,
            -31.3175085
          ],
          [
            -68.6069389,
            -31.3147075
          ],
          [
            -68.6069777,
            -31.3124143
          ],
          [
            -68.6070022,
            -31.3112819
          ],
          [
            -68.6070045,
            -31.3112191
          ],
          [
            -68.6070713,
            -31.3071349
          ],
          [
            -68.6070717,
            -31.3070777
          ],
          [
            -68.6070807,
            -31.3064497
          ],
          [
            -68.6071373,
            -31.3033553
          ],
          [
            -68.6071464,
            -31.3030168
          ],
          [
            -68.607155,
            -31.3027737
          ],
          [
            -68.6071687,
            -31.3025537
          ],
          [
            -68.6071838,
            -31.302374
          ],
          [
            -68.6072084,
            -31.3021701
          ],
          [
            -68.6072243,
            -31.3020655
          ],
          [
            -68.6072428,
            -31.3019643
          ],
          [
            -68.6072787,
            -31.3017901
          ],
          [
            -68.6073096,
            -31.3016566
          ],
          [
            -68.6073405,
            -31.3015342
          ],
          [
            -68.60739,
            -31.3013594
          ],
          [
            -68.6074623,
            -31.3011445
          ],
          [
            -68.6075566,
            -31.3008591
          ],
          [
            -68.607678,
            -31.3005391
          ],
          [
            -68.6077489,
            -31.3003738
          ],
          [
            -68.6078098,
            -31.3002342
          ],
          [
            -68.6084558,
            -31.2987028
          ],
          [
            -68.6084894,
            -31.298628
          ],
          [
            -68.6087294,
            -31.2980697
          ],
          [
            -68.6088535,
            -31.297825
          ],
          [
            -68.6089449,
            -31.2976473
          ],
          [
            -68.6090442,
            -31.2974771
          ],
          [
            -68.6091425,
            -31.2973203
          ],
          [
            -68.6092748,
            -31.2971225
          ],
          [
            -68.6093109,
            -31.2970691
          ],
          [
            -68.609395,
            -31.296954
          ],
          [
            -68.6095212,
            -31.2967943
          ],
          [
            -68.6096613,
            -31.2966167
          ],
          [
            -68.6098685,
            -31.2963736
          ],
          [
            -68.6100818,
            -31.2961483
          ],
          [
            -68.610342,
            -31.2958898
          ],
          [
            -68.6106035,
            -31.2956577
          ],
          [
            -68.6109465,
            -31.2953857
          ],
          [
            -68.611258,
            -31.295149
          ],
          [
            -68.6116457,
            -31.2948599
          ],
          [
            -68.6118805,
            -31.2946892
          ],
          [
            -68.6121543,
            -31.2944878
          ],
          [
            -68.6123124,
            -31.2943638
          ],
          [
            -68.6124666,
            -31.2942431
          ],
          [
            -68.6126112,
            -31.2941142
          ],
          [
            -68.6127402,
            -31.2939942
          ],
          [
            -68.612856,
            -31.2938768
          ],
          [
            -68.6129613,
            -31.2937639
          ],
          [
            -68.6131026,
            -31.2936042
          ],
          [
            -68.6132218,
            -31.2934622
          ],
          [
            -68.6135005,
            -31.293109
          ],
          [
            -68.6136614,
            -31.2929068
          ],
          [
            -68.613821,
            -31.2927224
          ],
          [
            -68.6139369,
            -31.2925864
          ],
          [
            -68.6140645,
            -31.2924504
          ],
          [
            -68.6142098,
            -31.2923096
          ],
          [
            -68.614355,
            -31.2921833
          ],
          [
            -68.6145653,
            -31.2920196
          ],
          [
            -68.6147783,
            -31.291867
          ],
          [
            -68.6150367,
            -31.2917012
          ],
          [
            -68.6153186,
            -31.2915442
          ],
          [
            -68.6158081,
            -31.291285
          ],
          [
            -68.6168531,
            -31.2907357
          ],
          [
            -68.6170868,
            -31.2906105
          ],
          [
            -68.6172574,
            -31.2905094
          ],
          [
            -68.6174318,
            -31.290403
          ],
          [
            -68.6175814,
            -31.2903056
          ],
          [
            -68.6178686,
            -31.2901063
          ],
          [
            -68.6181594,
            -31.2899057
          ],
          [
            -68.6186323,
            -31.2895662
          ],
          [
            -68.6190099,
            -31.2892933
          ],
          [
            -68.6193837,
            -31.2890181
          ],
          [
            -68.6195342,
            -31.2888866
          ],
          [
            -68.6196547,
            -31.2887775
          ],
          [
            -68.6197751,
            -31.2886525
          ],
          [
            -68.6199159,
            -31.2884999
          ],
          [
            -68.6200607,
            -31.2883307
          ],
          [
            -68.6201696,
            -31.2881914
          ],
          [
            -68.6203329,
            -31.2879534
          ],
          [
            -68.6204795,
            -31.2877063
          ],
          [
            -68.6205935,
            -31.2874679
          ],
          [
            -68.6207102,
            -31.287183
          ],
          [
            -68.6208618,
            -31.2868091
          ],
          [
            -68.6209933,
            -31.2864598
          ],
          [
            -68.6211082,
            -31.2861719
          ],
          [
            -68.6212344,
            -31.285876
          ],
          [
            -68.6213778,
            -31.2855906
          ],
          [
            -68.6215211,
            -31.2853389
          ],
          [
            -68.621702,
            -31.285057
          ],
          [
            -68.6218619,
            -31.2848062
          ],
          [
            -68.6220509,
            -31.2845023
          ],
          [
            -68.6222942,
            -31.2841154
          ],
          [
            -68.6227782,
            -31.2833337
          ],
          [
            -68.6232027,
            -31.2826734
          ],
          [
            -68.6233961,
            -31.2824102
          ],
          [
            -68.6236112,
            -31.2821215
          ],
          [
            -68.6237804,
            -31.2819284
          ],
          [
            -68.624071,
            -31.2815974
          ],
          [
            -68.6245549,
            -31.2810821
          ],
          [
            -68.6249026,
            -31.2807125
          ],
          [
            -68.6254341,
            -31.2801461
          ],
          [
            -68.6258896,
            -31.2796717
          ],
          [
            -68.6265414,
            -31.278981
          ],
          [
            -68.6269214,
            -31.2785781
          ],
          [
            -68.6271407,
            -31.278342
          ],
          [
            -68.627316,
            -31.2781535
          ],
          [
            -68.6274484,
            -31.2780029
          ],
          [
            -68.6275841,
            -31.2778338
          ],
          [
            -68.6277129,
            -31.2776351
          ],
          [
            -68.6278227,
            -31.2774542
          ],
          [
            -68.6279166,
            -31.277263
          ],
          [
            -68.6280255,
            -31.2770437
          ],
          [
            -68.6281094,
            -31.2768613
          ],
          [
            -68.6281644,
            -31.2767045
          ],
          [
            -68.6282207,
            -31.276515
          ],
          [
            -68.6282622,
            -31.2763659
          ],
          [
            -68.6282986,
            -31.2761747
          ],
          [
            -68.6283164,
            -31.2759982
          ],
          [
            -68.6283403,
            -31.2757168
          ],
          [
            -68.6283692,
            -31.2752089
          ],
          [
            -68.6284066,
            -31.2747681
          ],
          [
            -68.6284195,
            -31.2744581
          ],
          [
            -68.6284325,
            -31.2741481
          ],
          [
            -68.6285202,
            -31.2722928
          ],
          [
            -68.6285944,
            -31.2709006
          ],
          [
            -68.6286073,
            -31.2706038
          ],
          [
            -68.6286201,
            -31.2703874
          ],
          [
            -68.6288198,
            -31.2664997
          ],
          [
            -68.6288351,
            -31.2661314
          ],
          [
            -68.628845,
            -31.2658987
          ],
          [
            -68.6288709,
            -31.2653789
          ],
          [
            -68.6289502,
            -31.2637843
          ],
          [
            -68.6289758,
            -31.263501
          ],
          [
            -68.6290026,
            -31.263263
          ],
          [
            -68.6290376,
            -31.2630195
          ],
          [
            -68.6290914,
            -31.2627901
          ],
          [
            -68.6291814,
            -31.2625152
          ],
          [
            -68.6292963,
            -31.2622461
          ],
          [
            -68.6293834,
            -31.2620605
          ],
          [
            -68.6294979,
            -31.2618468
          ],
          [
            -68.629643,
            -31.2616056
          ],
          [
            -68.6298187,
            -31.2613462
          ],
          [
            -68.6301896,
            -31.2608357
          ],
          [
            -68.6305216,
            -31.2603692
          ],
          [
            -68.6310187,
            -31.2596714
          ],
          [
            -68.6315515,
            -31.2589334
          ],
          [
            -68.6320757,
            -31.258197
          ],
          [
            -68.6325599,
            -31.257526
          ],
          [
            -68.6330836,
            -31.2568001
          ],
          [
            -68.6332472,
            -31.2565754
          ],
          [
            -68.6336022,
            -31.2560909
          ],
          [
            -68.6339212,
            -31.2556446
          ],
          [
            -68.6342689,
            -31.2551567
          ],
          [
            -68.6344236,
            -31.2549389
          ],
          [
            -68.6345704,
            -31.2547357
          ],
          [
            -68.6348786,
            -31.2543076
          ],
          [
            -68.6351459,
            -31.2539411
          ],
          [
            -68.6352928,
            -31.2537282
          ],
          [
            -68.635333,
            -31.2536711
          ],
          [
            -68.6353729,
            -31.2536158
          ],
          [
            -68.63551615,
            -31.25341118
          ],
          [
            -68.6355239,
            -31.2534001
          ],
          [
            -68.6359239,
            -31.2528414
          ],
          [
            -68.6365131,
            -31.252022
          ],
          [
            -68.6365904,
            -31.2519203
          ],
          [
            -68.6393003,
            -31.2481641
          ],
          [
            -68.6395634,
            -31.2478346
          ],
          [
            -68.6397701,
            -31.2475974
          ],
          [
            -68.6399773,
            -31.2473703
          ],
          [
            -68.6401676,
            -31.2471727
          ],
          [
            -68.6404009,
            -31.2469422
          ],
          [
            -68.6406817,
            -31.2466958
          ],
          [
            -68.6410322,
            -31.2463995
          ],
          [
            -68.6414359,
            -31.2460961
          ],
          [
            -68.6422091,
            -31.2455362
          ],
          [
            -68.6423219,
            -31.2454552
          ],
          [
            -68.6424456,
            -31.2453715
          ],
          [
            -68.6427231,
            -31.2451818
          ],
          [
            -68.6432692,
            -31.2447898
          ],
          [
            -68.6438331,
            -31.2443674
          ],
          [
            -68.6447197,
            -31.243743
          ],
          [
            -68.6455984,
            -31.243095
          ],
          [
            -68.6468185,
            -31.2422022
          ],
          [
            -68.6478327,
            -31.2414687
          ],
          [
            -68.6482678,
            -31.2411555
          ],
          [
            -68.6488971,
            -31.2407074
          ],
          [
            -68.6499097,
            -31.2399865
          ],
          [
            -68.6505396,
            -31.2395366
          ],
          [
            -68.6512444,
            -31.2390309
          ],
          [
            -68.6518402,
            -31.238599
          ],
          [
            -68.6520789,
            -31.2384052
          ],
          [
            -68.6522554,
            -31.2382612
          ],
          [
            -68.6524278,
            -31.2381146
          ],
          [
            -68.6525935,
            -31.2379581
          ],
          [
            -68.6527501,
            -31.2378055
          ],
          [
            -68.6529226,
            -31.2376223
          ],
          [
            -68.6530815,
            -31.2374546
          ],
          [
            -68.6533274,
            -31.2371764
          ],
          [
            -68.6534874,
            -31.2369861
          ],
          [
            -68.6536786,
            -31.2367481
          ],
          [
            -68.6538546,
            -31.2365037
          ],
          [
            -68.6539169,
            -31.2364108
          ],
          [
            -68.653985,
            -31.2363093
          ],
          [
            -68.6541097,
            -31.2361299
          ],
          [
            -68.6542503,
            -31.2359087
          ],
          [
            -68.6543902,
            -31.2356748
          ],
          [
            -68.654494,
            -31.2354889
          ],
          [
            -68.6546146,
            -31.2352396
          ],
          [
            -68.6549739,
            -31.2344502
          ],
          [
            -68.6552443,
            -31.233843
          ],
          [
            -68.6555735,
            -31.2330846
          ],
          [
            -68.6558802,
            -31.2323639
          ],
          [
            -68.6561506,
            -31.2317364
          ],
          [
            -68.6563189,
            -31.2313324
          ],
          [
            -68.6563988,
            -31.2311298
          ],
          [
            -68.6564697,
            -31.2309273
          ],
          [
            -68.6565433,
            -31.2307069
          ],
          [
            -68.6566124,
            -31.2304944
          ],
          [
            -68.6566744,
            -31.2302934
          ],
          [
            -68.6567272,
            -31.2301041
          ],
          [
            -68.6567809,
            -31.229853
          ],
          [
            -68.6568077,
            -31.2297281
          ],
          [
            -68.6568827,
            -31.2292992
          ],
          [
            -68.6569228,
            -31.2290025
          ],
          [
            -68.6569537,
            -31.2287
          ],
          [
            -68.6569716,
            -31.2283263
          ],
          [
            -68.6569712,
            -31.2278543
          ],
          [
            -68.656957,
            -31.2274875
          ],
          [
            -68.6569371,
            -31.2271962
          ],
          [
            -68.6568986,
            -31.2268927
          ],
          [
            -68.6568511,
            -31.2266286
          ],
          [
            -68.6568101,
            -31.2264401
          ],
          [
            -68.6567291,
            -31.2260971
          ],
          [
            -68.6566306,
            -31.2257647
          ],
          [
            -68.6565421,
            -31.2255135
          ],
          [
            -68.6564536,
            -31.2252853
          ],
          [
            -68.656236,
            -31.2247796
          ],
          [
            -68.6558522,
            -31.2239133
          ],
          [
            -68.6557595,
            -31.2236844
          ],
          [
            -68.6556133,
            -31.2233389
          ],
          [
            -68.6549943,
            -31.2219024
          ],
          [
            -68.6541668,
            -31.2199886
          ],
          [
            -68.6541307,
            -31.2199007
          ],
          [
            -68.653835,
            -31.2192404
          ],
          [
            -68.6534958,
            -31.2184607
          ],
          [
            -68.6533674,
            -31.2181656
          ],
          [
            -68.6532412,
            -31.2178685
          ],
          [
            -68.6529763,
            -31.2172617
          ],
          [
            -68.6527388,
            -31.2167248
          ],
          [
            -68.6525266,
            -31.2162284
          ],
          [
            -68.6523084,
            -31.2157232
          ],
          [
            -68.6517997,
            -31.2145424
          ],
          [
            -68.6515359,
            -31.2139208
          ],
          [
            -68.6507361,
            -31.2121102
          ],
          [
            -68.6500409,
            -31.2105097
          ],
          [
            -68.6490073,
            -31.2081239
          ],
          [
            -68.6489196,
            -31.2079184
          ],
          [
            -68.6488267,
            -31.2077055
          ],
          [
            -68.6455592,
            -31.2002557
          ],
          [
            -68.6454848,
            -31.2000806
          ],
          [
            -68.6454126,
            -31.1999129
          ],
          [
            -68.6430813,
            -31.1945346
          ],
          [
            -68.6430375,
            -31.19443
          ],
          [
            -68.6429897,
            -31.1943221
          ],
          [
            -68.6415265,
            -31.1909657
          ],
          [
            -68.6414934,
            -31.1908845
          ],
          [
            -68.6414719,
            -31.1908299
          ],
          [
            -68.6413263,
            -31.1904084
          ],
          [
            -68.6411926,
            -31.1900073
          ],
          [
            -68.6411213,
            -31.1897347
          ],
          [
            -68.6410753,
            -31.1894979
          ],
          [
            -68.6410316,
            -31.1892696
          ],
          [
            -68.6410192,
            -31.1891734
          ],
          [
            -68.6410083,
            -31.1890924
          ],
          [
            -68.640954,
            -31.1887839
          ],
          [
            -68.6409121,
            -31.1884742
          ],
          [
            -68.6409015,
            -31.1881935
          ],
          [
            -68.6408955,
            -31.1878768
          ],
          [
            -68.6409004,
            -31.1875892
          ],
          [
            -68.6409192,
            -31.1872576
          ],
          [
            -68.6409761,
            -31.1864634
          ],
          [
            -68.6410666,
            -31.1852677
          ],
          [
            -68.6410781,
            -31.1851041
          ],
          [
            -68.6410907,
            -31.1849405
          ],
          [
            -68.6411967,
            -31.1834554
          ],
          [
            -68.6412777,
            -31.1823752
          ],
          [
            -68.6415638,
            -31.1786058
          ],
          [
            -68.6415866,
            -31.1782956
          ],
          [
            -68.6415972,
            -31.1781247
          ],
          [
            -68.6420982,
            -31.1710937
          ],
          [
            -68.6421157,
            -31.1708292
          ],
          [
            -68.6421274,
            -31.170634
          ],
          [
            -68.6425375,
            -31.1648872
          ],
          [
            -68.6425548,
            -31.1646347
          ],
          [
            -68.6425716,
            -31.1644493
          ],
          [
            -68.6426386,
            -31.1637058
          ],
          [
            -68.6427004,
            -31.162989
          ],
          [
            -68.6429266,
            -31.1595309
          ],
          [
            -68.6429313,
            -31.1594709
          ],
          [
            -68.642935,
            -31.1594192
          ],
          [
            -68.6430532,
            -31.1577992
          ],
          [
            -68.6432446,
            -31.1549665
          ],
          [
            -68.6432564,
            -31.1548418
          ],
          [
            -68.6432653,
            -31.1547373
          ],
          [
            -68.6433159,
            -31.1539292
          ],
          [
            -68.6433753,
            -31.1530537
          ],
          [
            -68.6436627,
            -31.1490227
          ],
          [
            -68.64367,
            -31.148944
          ],
          [
            -68.6436773,
            -31.1488468
          ],
          [
            -68.6437222,
            -31.1482883
          ],
          [
            -68.6438705,
            -31.1460229
          ],
          [
            -68.6438771,
            -31.1459125
          ],
          [
            -68.6441554,
            -31.1417285
          ],
          [
            -68.6441603,
            -31.1416545
          ],
          [
            -68.6442325,
            -31.1405615
          ],
          [
            -68.6442393,
            -31.1404547
          ],
          [
            -68.6442462,
            -31.1403526
          ],
          [
            -68.6444849,
            -31.1370469
          ],
          [
            -68.6446118,
            -31.1350151
          ],
          [
            -68.644626,
            -31.1348249
          ],
          [
            -68.6446368,
            -31.134639
          ],
          [
            -68.644687,
            -31.1339495
          ],
          [
            -68.6446906,
            -31.1336762
          ],
          [
            -68.6446876,
            -31.1334613
          ],
          [
            -68.6446737,
            -31.133247
          ],
          [
            -68.6446537,
            -31.133053
          ],
          [
            -68.6446253,
            -31.1328466
          ],
          [
            -68.6445937,
            -31.1326306
          ],
          [
            -68.6445518,
            -31.1324024
          ],
          [
            -68.644503,
            -31.132199
          ],
          [
            -68.6444484,
            -31.1320089
          ],
          [
            -68.6443973,
            -31.1318471
          ],
          [
            -68.6443454,
            -31.131684
          ],
          [
            -68.6442845,
            -31.1314973
          ],
          [
            -68.6442091,
            -31.1312989
          ],
          [
            -68.6441477,
            -31.1311445
          ],
          [
            -68.6440777,
            -31.1309807
          ],
          [
            -68.6439945,
            -31.1308094
          ],
          [
            -68.6439318,
            -31.13068
          ],
          [
            -68.6438713,
            -31.130565
          ],
          [
            -68.6438093,
            -31.1304524
          ],
          [
            -68.6437266,
            -31.1303119
          ],
          [
            -68.6436554,
            -31.1302035
          ],
          [
            -68.643398,
            -31.1298293
          ],
          [
            -68.6430677,
            -31.129346
          ],
          [
            -68.6427491,
            -31.1288857
          ],
          [
            -68.6424443,
            -31.1284762
          ],
          [
            -68.6421564,
            -31.1281082
          ],
          [
            -68.6419226,
            -31.1278111
          ],
          [
            -68.6417496,
            -31.1276228
          ],
          [
            -68.6416152,
            -31.1274824
          ],
          [
            -68.6414664,
            -31.1273425
          ],
          [
            -68.6413394,
            -31.1272326
          ],
          [
            -68.6411405,
            -31.1270638
          ],
          [
            -68.6407199,
            -31.1267207
          ],
          [
            -68.6402047,
            -31.1263014
          ],
          [
            -68.6397437,
            -31.1259362
          ],
          [
            -68.6392518,
            -31.1255432
          ],
          [
            -68.6389635,
            -31.1253105
          ],
          [
            -68.6384235,
            -31.1248781
          ],
          [
            -68.638028,
            -31.1245588
          ],
          [
            -68.6374816,
            -31.1241273
          ],
          [
            -68.6373838,
            -31.1240458
          ],
          [
            -68.6373162,
            -31.1239929
          ],
          [
            -68.6368493,
            -31.1236249
          ],
          [
            -68.6365507,
            -31.1233872
          ],
          [
            -68.6363827,
            -31.1232423
          ],
          [
            -68.636247,
            -31.1231138
          ],
          [
            -68.6360824,
            -31.1229496
          ],
          [
            -68.6359493,
            -31.1228043
          ],
          [
            -68.6358343,
            -31.1226703
          ],
          [
            -68.6357417,
            -31.1225503
          ],
          [
            -68.6356388,
            -31.1224121
          ],
          [
            -68.635535,
            -31.1222707
          ],
          [
            -68.6354279,
            -31.1221034
          ],
          [
            -68.6353159,
            -31.1218938
          ],
          [
            -68.6352541,
            -31.1217441
          ],
          [
            -68.635213,
            -31.121611
          ],
          [
            -68.6351751,
            -31.1214778
          ],
          [
            -68.6351522,
            -31.1213697
          ],
          [
            -68.6351272,
            -31.1212522
          ],
          [
            -68.6351141,
            -31.121133
          ],
          [
            -68.6351054,
            -31.1210327
          ],
          [
            -68.6351078,
            -31.1209014
          ],
          [
            -68.6351262,
            -31.1206974
          ],
          [
            -68.6351634,
            -31.1204619
          ],
          [
            -68.6352004,
            -31.1202524
          ],
          [
            -68.6352341,
            -31.1201135
          ],
          [
            -68.6352617,
            -31.1200193
          ],
          [
            -68.6353001,
            -31.1198695
          ],
          [
            -68.6353855,
            -31.1196599
          ],
          [
            -68.6355365,
            -31.1193312
          ],
          [
            -68.6358237,
            -31.1187953
          ],
          [
            -68.6361303,
            -31.1182153
          ],
          [
            -68.6364287,
            -31.1176749
          ],
          [
            -68.6367805,
            -31.1170096
          ],
          [
            -68.6372375,
            -31.1161515
          ],
          [
            -68.6376941,
            -31.1153156
          ],
          [
            -68.6378023,
            -31.1150946
          ],
          [
            -68.6378672,
            -31.1149298
          ],
          [
            -68.6379338,
            -31.1147485
          ],
          [
            -68.6379736,
            -31.1145922
          ],
          [
            -68.6380189,
            -31.1143816
          ],
          [
            -68.6380468,
            -31.1142342
          ],
          [
            -68.6380778,
            -31.114019
          ],
          [
            -68.6381007,
            -31.1138577
          ],
          [
            -68.6381374,
            -31.1135429
          ],
          [
            -68.6381489,
            -31.1134436
          ],
          [
            -68.6382103,
            -31.1128023
          ],
          [
            -68.63828,
            -31.1121332
          ],
          [
            -68.6383085,
            -31.1118557
          ],
          [
            -68.6383709,
            -31.1112682
          ],
          [
            -68.6385119,
            -31.1098301
          ],
          [
            -68.6386126,
            -31.1088603
          ],
          [
            -68.6387698,
            -31.107266
          ],
          [
            -68.6387933,
            -31.1070303
          ],
          [
            -68.6388226,
            -31.1068114
          ],
          [
            -68.6389646,
            -31.1053989
          ],
          [
            -68.6391465,
            -31.1035724
          ],
          [
            -68.6391585,
            -31.1032939
          ],
          [
            -68.639161,
            -31.102943
          ],
          [
            -68.6391537,
            -31.1026822
          ],
          [
            -68.6391061,
            -31.1022776
          ],
          [
            -68.6390525,
            -31.1018842
          ],
          [
            -68.638968,
            -31.1014695
          ],
          [
            -68.6389359,
            -31.1013236
          ],
          [
            -68.6388721,
            -31.1010365
          ],
          [
            -68.6388216,
            -31.1007944
          ],
          [
            -68.6387639,
            -31.1005758
          ],
          [
            -68.6387134,
            -31.1003848
          ],
          [
            -68.638663,
            -31.1002005
          ],
          [
            -68.6386195,
            -31.1000418
          ],
          [
            -68.6385901,
            -31.0999253
          ],
          [
            -68.6385804,
            -31.0998866
          ],
          [
            -68.6385648,
            -31.0998242
          ],
          [
            -68.6385394,
            -31.0997227
          ],
          [
            -68.638514,
            -31.0996213
          ],
          [
            -68.63849,
            -31.0995269
          ],
          [
            -68.6384651,
            -31.099429
          ],
          [
            -68.6383556,
            -31.0989982
          ]
        ]
      }
    },
    {
      "type": "Feature",
      "id": "vial_nacional.280",
      "properties": {
        "gid": 280,
        "designacion_de_red_vial": "149",
        "tipo_de_via_de_transporte": "Ruta",
        "tipo_de_superficie_de_via": "Pavimentado",
        "jurisdiccion_de_via_de_transporte": "Ruta Nacional",
        "autoridad_de_fuente": "IGN",
        "fuente_de_captura": "Dirección Nacional de Vialidad",
        "sourceFeatureId": "vial_nacional.280",
        "selectedForCorridor": "los-azules",
        "selectionMethod": "reviewed source-junction clip between pinned coordinates",
        "selectionLengthKm": 0.233019,
        "sourceGeometryClipped": true
      },
      "geometry": {
        "type": "LineString",
        "coordinates": [
          [
            -68.8027955,
            -30.9856283
          ],
          [
            -68.8027956,
            -30.9856801
          ],
          [
            -68.8028131,
            -30.9857317
          ],
          [
            -68.8028359,
            -30.9857789
          ],
          [
            -68.802872,
            -30.9858329
          ],
          [
            -68.8029169,
            -30.9858693
          ],
          [
            -68.8029537,
            -30.9858851
          ],
          [
            -68.8029946,
            -30.9858937
          ],
          [
            -68.8030438,
            -30.9858993
          ],
          [
            -68.8030882,
            -30.9858979
          ],
          [
            -68.8031567,
            -30.9858921
          ],
          [
            -68.8032843,
            -30.9858749
          ],
          [
            -68.8033535,
            -30.9858662
          ],
          [
            -68.8034447,
            -30.9858532
          ],
          [
            -68.8036042,
            -30.9858243
          ],
          [
            -68.8037719,
            -30.9858048
          ],
          [
            -68.8039382,
            -30.9857918
          ],
          [
            -68.8041541,
            -30.9857915
          ],
          [
            -68.8043916,
            -30.9858002
          ],
          [
            -68.8050273,
            -30.9858314
          ]
        ]
      }
    },
    {
      "type": "Feature",
      "id": "vial_nacional.1869",
      "properties": {
        "gid": 1869,
        "designacion_de_red_vial": "149",
        "tipo_de_via_de_transporte": "Ruta",
        "tipo_de_superficie_de_via": "Pavimentado",
        "jurisdiccion_de_via_de_transporte": "Ruta Nacional",
        "autoridad_de_fuente": "IGN",
        "fuente_de_captura": "Dirección Nacional de Vialidad",
        "sourceFeatureId": "vial_nacional.1869",
        "selectedForCorridor": "los-azules",
        "selectionMethod": "reviewed source-junction clip between pinned coordinates",
        "selectionLengthKm": 119.817163,
        "sourceGeometryClipped": true
      },
      "geometry": {
        "type": "LineString",
        "coordinates": [
          [
            -68.8050273,
            -30.9858314
          ],
          [
            -68.806134,
            -30.9859393
          ],
          [
            -68.8080462,
            -30.9861256
          ],
          [
            -68.8107143,
            -30.9863522
          ],
          [
            -68.8118096,
            -30.9864562
          ],
          [
            -68.8129961,
            -30.9865879
          ],
          [
            -68.8137851,
            -30.9866761
          ],
          [
            -68.8143307,
            -30.9867642
          ],
          [
            -68.8148235,
            -30.9868589
          ],
          [
            -68.8154396,
            -30.9869903
          ],
          [
            -68.8166171,
            -30.9872617
          ],
          [
            -68.8174834,
            -30.9874525
          ],
          [
            -68.8179099,
            -30.9875422
          ],
          [
            -68.8184544,
            -30.9876893
          ],
          [
            -68.8192028,
            -30.9879009
          ],
          [
            -68.8232959,
            -30.9891954
          ],
          [
            -68.8266204,
            -30.9901267
          ],
          [
            -68.8299075,
            -30.9909659
          ],
          [
            -68.83046,
            -30.9911223
          ],
          [
            -68.8308932,
            -30.9912625
          ],
          [
            -68.8313424,
            -30.9914626
          ],
          [
            -68.8318547,
            -30.9917362
          ],
          [
            -68.8324958,
            -30.992111
          ],
          [
            -68.834325,
            -30.9931962
          ],
          [
            -68.8350734,
            -30.9935917
          ],
          [
            -68.8356099,
            -30.9937987
          ],
          [
            -68.8361509,
            -30.9938865
          ],
          [
            -68.8365759,
            -30.9938988
          ],
          [
            -68.8370676,
            -30.9938423
          ],
          [
            -68.8375129,
            -30.9937504
          ],
          [
            -68.837952,
            -30.9936136
          ],
          [
            -68.8397323,
            -30.9931227
          ],
          [
            -68.8401563,
            -30.9929755
          ],
          [
            -68.8404526,
            -30.9928306
          ],
          [
            -68.8407701,
            -30.9926404
          ],
          [
            -68.8410963,
            -30.9924064
          ],
          [
            -68.8413726,
            -30.9921409
          ],
          [
            -68.8418299,
            -30.9916419
          ],
          [
            -68.8422161,
            -30.9912545
          ],
          [
            -68.842533,
            -30.9909698
          ],
          [
            -68.8428424,
            -30.9907268
          ],
          [
            -68.8431871,
            -30.9905153
          ],
          [
            -68.843517,
            -30.9903451
          ],
          [
            -68.8438818,
            -30.9902026
          ],
          [
            -68.844323,
            -30.9900842
          ],
          [
            -68.8447181,
            -30.9899928
          ],
          [
            -68.8468165,
            -30.9897131
          ],
          [
            -68.8476546,
            -30.9896014
          ],
          [
            -68.848044,
            -30.989587
          ],
          [
            -68.8483959,
            -30.9895794
          ],
          [
            -68.8488251,
            -30.9896231
          ],
          [
            -68.8492824,
            -30.989737
          ],
          [
            -68.850362,
            -30.9900433
          ],
          [
            -68.850783,
            -30.9901163
          ],
          [
            -68.85118,
            -30.9901566
          ],
          [
            -68.8516964,
            -30.9901796
          ],
          [
            -68.852084,
            -30.9902072
          ],
          [
            -68.8524474,
            -30.9903227
          ],
          [
            -68.8527558,
            -30.9905027
          ],
          [
            -68.8530348,
            -30.9907556
          ],
          [
            -68.8542297,
            -30.9918007
          ],
          [
            -68.8545275,
            -30.9921156
          ],
          [
            -68.8547139,
            -30.9923967
          ],
          [
            -68.8548332,
            -30.9927065
          ],
          [
            -68.8551202,
            -30.9938171
          ],
          [
            -68.8552865,
            -30.9943091
          ],
          [
            -68.8554542,
            -30.9946264
          ],
          [
            -68.8556687,
            -30.9949172
          ],
          [
            -68.8559051,
            -30.9951768
          ],
          [
            -68.8562121,
            -30.9953952
          ],
          [
            -68.8565477,
            -30.9955869
          ],
          [
            -68.8568827,
            -30.9957194
          ],
          [
            -68.8572701,
            -30.9958132
          ],
          [
            -68.857789,
            -30.995868
          ],
          [
            -68.8591328,
            -30.9959852
          ],
          [
            -68.8596774,
            -30.9960151
          ],
          [
            -68.8601762,
            -30.9960283
          ],
          [
            -68.8607234,
            -30.9959852
          ],
          [
            -68.8611431,
            -30.9959376
          ],
          [
            -68.8622173,
            -30.995719
          ],
          [
            -68.8627859,
            -30.9956197
          ],
          [
            -68.8631427,
            -30.9956013
          ],
          [
            -68.8635176,
            -30.9956295
          ],
          [
            -68.8638897,
            -30.995691
          ],
          [
            -68.8641117,
            -30.995776
          ],
          [
            -68.8643336,
            -30.9958611
          ],
          [
            -68.8647802,
            -30.9960818
          ],
          [
            -68.8655769,
            -30.9965853
          ],
          [
            -68.8659546,
            -30.9968446
          ],
          [
            -68.8662326,
            -30.99699
          ],
          [
            -68.8665277,
            -30.9970785
          ],
          [
            -68.8668575,
            -30.9971394
          ],
          [
            -68.8672197,
            -30.9971762
          ],
          [
            -68.8679224,
            -30.9972027
          ],
          [
            -68.8682362,
            -30.9972395
          ],
          [
            -68.8685259,
            -30.9973211
          ],
          [
            -68.868845,
            -30.9974843
          ],
          [
            -68.8691669,
            -30.997728
          ],
          [
            -68.8695907,
            -30.9980522
          ],
          [
            -68.8699448,
            -30.9983695
          ],
          [
            -68.8702237,
            -30.9986798
          ],
          [
            -68.870494,
            -30.9990362
          ],
          [
            -68.8709727,
            -30.9997122
          ],
          [
            -68.8713114,
            -31.0000927
          ],
          [
            -68.8716615,
            -31.0004456
          ],
          [
            -68.8721154,
            -31.0008048
          ],
          [
            -68.8727616,
            -31.001272
          ],
          [
            -68.8734249,
            -31.0016832
          ],
          [
            -68.8743705,
            -31.002094
          ],
          [
            -68.8749337,
            -31.002325
          ],
          [
            -68.8752984,
            -31.0024067
          ],
          [
            -68.8756699,
            -31.0024343
          ],
          [
            -68.8760147,
            -31.002409
          ],
          [
            -68.8763177,
            -31.0023194
          ],
          [
            -68.876586,
            -31.0021607
          ],
          [
            -68.8768179,
            -31.0019483
          ],
          [
            -68.8771077,
            -31.0016405
          ],
          [
            -68.8773182,
            -31.001356
          ],
          [
            -68.8774684,
            -31.0010921
          ],
          [
            -68.8775475,
            -31.0008824
          ],
          [
            -68.8776602,
            -31.0005157
          ],
          [
            -68.8777394,
            -31.0001697
          ],
          [
            -68.877852,
            -30.999606
          ],
          [
            -68.8779509,
            -30.9990797
          ],
          [
            -68.8780271,
            -30.9988718
          ],
          [
            -68.8781566,
            -30.9986393
          ],
          [
            -68.8783323,
            -30.9983936
          ],
          [
            -68.878554,
            -30.9981543
          ],
          [
            -68.8788309,
            -30.9979556
          ],
          [
            -68.8791448,
            -30.9978016
          ],
          [
            -68.8794666,
            -30.9977016
          ],
          [
            -68.879818,
            -30.9976372
          ],
          [
            -68.8801506,
            -30.9976222
          ],
          [
            -68.880502,
            -30.9976682
          ],
          [
            -68.8808882,
            -30.9977855
          ],
          [
            -68.8812477,
            -30.9979499
          ],
          [
            -68.881599,
            -30.998181
          ],
          [
            -68.8823835,
            -30.9987718
          ],
          [
            -68.8837407,
            -30.9998179
          ],
          [
            -68.8842141,
            -31.000218
          ],
          [
            -68.8845795,
            -31.0005402
          ],
          [
            -68.8847206,
            -31.0006709
          ],
          [
            -68.8859868,
            -31.0020021
          ],
          [
            -68.8869312,
            -31.0029654
          ],
          [
            -68.8870333,
            -31.0030709
          ],
          [
            -68.8891061,
            -31.0052067
          ],
          [
            -68.8922823,
            -31.0084392
          ],
          [
            -68.8949028,
            -31.0111243
          ],
          [
            -68.8965899,
            -31.0128254
          ],
          [
            -68.8972791,
            -31.0135288
          ],
          [
            -68.8986861,
            -31.0149425
          ],
          [
            -68.8992023,
            -31.0153885
          ],
          [
            -68.8996542,
            -31.0157298
          ],
          [
            -68.9002805,
            -31.0161287
          ],
          [
            -68.902252,
            -31.0172459
          ],
          [
            -68.902794,
            -31.0176008
          ],
          [
            -68.9031476,
            -31.0178686
          ],
          [
            -68.9035291,
            -31.0181935
          ],
          [
            -68.9044851,
            -31.019109
          ],
          [
            -68.9066457,
            -31.0212187
          ],
          [
            -68.9083738,
            -31.0229007
          ],
          [
            -68.9089691,
            -31.0233869
          ],
          [
            -68.9094459,
            -31.0237333
          ],
          [
            -68.9101883,
            -31.0241408
          ],
          [
            -68.9115106,
            -31.0247693
          ],
          [
            -68.9121436,
            -31.02509
          ],
          [
            -68.9125204,
            -31.0253543
          ],
          [
            -68.9128799,
            -31.0256371
          ],
          [
            -68.913187,
            -31.0259727
          ],
          [
            -68.9135343,
            -31.0264254
          ],
          [
            -68.9139385,
            -31.0270628
          ],
          [
            -68.9143404,
            -31.0275701
          ],
          [
            -68.914499,
            -31.0277551
          ],
          [
            -68.9147326,
            -31.0279373
          ],
          [
            -68.9150965,
            -31.0281701
          ],
          [
            -68.9154063,
            -31.0283414
          ],
          [
            -68.9157892,
            -31.0285097
          ],
          [
            -68.9162449,
            -31.028664
          ],
          [
            -68.9173961,
            -31.028971
          ],
          [
            -68.9184999,
            -31.0292926
          ],
          [
            -68.9191394,
            -31.029509
          ],
          [
            -68.9196238,
            -31.0297123
          ],
          [
            -68.9206631,
            -31.0301527
          ],
          [
            -68.9214257,
            -31.0304923
          ],
          [
            -68.9218465,
            -31.0307236
          ],
          [
            -68.922262,
            -31.0309502
          ],
          [
            -68.9227633,
            -31.0312458
          ],
          [
            -68.9247295,
            -31.0325645
          ],
          [
            -68.925618,
            -31.0331588
          ],
          [
            -68.9262862,
            -31.0336697
          ],
          [
            -68.9267326,
            -31.0340594
          ],
          [
            -68.9293944,
            -31.0365824
          ],
          [
            -68.9298772,
            -31.0370124
          ],
          [
            -68.9304848,
            -31.0374649
          ],
          [
            -68.9311552,
            -31.0378935
          ],
          [
            -68.9320768,
            -31.038422
          ],
          [
            -68.9383745,
            -31.0418423
          ],
          [
            -68.9396147,
            -31.0425169
          ],
          [
            -68.9403136,
            -31.0429011
          ],
          [
            -68.9408408,
            -31.0432209
          ],
          [
            -68.9414163,
            -31.0435912
          ],
          [
            -68.9435777,
            -31.0453004
          ],
          [
            -68.945009,
            -31.0464406
          ],
          [
            -68.9469537,
            -31.0479157
          ],
          [
            -68.9488698,
            -31.0492729
          ],
          [
            -68.9509506,
            -31.0506282
          ],
          [
            -68.9541474,
            -31.052704
          ],
          [
            -68.9565457,
            -31.0542123
          ],
          [
            -68.9577557,
            -31.0549872
          ],
          [
            -68.9591895,
            -31.0559056
          ],
          [
            -68.9594671,
            -31.0560859
          ],
          [
            -68.9599955,
            -31.0563927
          ],
          [
            -68.9603777,
            -31.0565875
          ],
          [
            -68.9610926,
            -31.0568672
          ],
          [
            -68.9616827,
            -31.0571291
          ],
          [
            -68.9621226,
            -31.0573451
          ],
          [
            -68.9625396,
            -31.0575956
          ],
          [
            -68.9629969,
            -31.057931
          ],
          [
            -68.9657059,
            -31.0600231
          ],
          [
            -68.9683338,
            -31.0620796
          ],
          [
            -68.9688482,
            -31.0624959
          ],
          [
            -68.9692905,
            -31.0628956
          ],
          [
            -68.969606,
            -31.0632328
          ],
          [
            -68.9702925,
            -31.0639646
          ],
          [
            -68.9705124,
            -31.0642173
          ],
          [
            -68.9707217,
            -31.0644562
          ],
          [
            -68.9709711,
            -31.0646791
          ],
          [
            -68.9725375,
            -31.0658325
          ],
          [
            -68.9730344,
            -31.066219
          ],
          [
            -68.9733383,
            -31.0665065
          ],
          [
            -68.973732,
            -31.0668791
          ],
          [
            -68.9749775,
            -31.068213
          ],
          [
            -68.9754162,
            -31.0687225
          ],
          [
            -68.97576,
            -31.0691473
          ],
          [
            -68.9759852,
            -31.0694653
          ],
          [
            -68.9761531,
            -31.0697674
          ],
          [
            -68.9763912,
            -31.0703596
          ],
          [
            -68.9773638,
            -31.0729075
          ],
          [
            -68.9785142,
            -31.0759855
          ],
          [
            -68.9788286,
            -31.0768418
          ],
          [
            -68.9789899,
            -31.077368
          ],
          [
            -68.9791226,
            -31.0778455
          ],
          [
            -68.9792234,
            -31.0783449
          ],
          [
            -68.9792574,
            -31.0786893
          ],
          [
            -68.979364,
            -31.0806534
          ],
          [
            -68.9797158,
            -31.0861948
          ],
          [
            -68.9798854,
            -31.0889072
          ],
          [
            -68.9800638,
            -31.0916968
          ],
          [
            -68.9801271,
            -31.0922751
          ],
          [
            -68.9801767,
            -31.0926092
          ],
          [
            -68.980287,
            -31.0931706
          ],
          [
            -68.9804751,
            -31.0937409
          ],
          [
            -68.9806826,
            -31.0942915
          ],
          [
            -68.9809584,
            -31.0948575
          ],
          [
            -68.9826254,
            -31.0978686
          ],
          [
            -68.9830824,
            -31.0987116
          ],
          [
            -68.9834212,
            -31.0993378
          ],
          [
            -68.9836429,
            -31.0998296
          ],
          [
            -68.9837982,
            -31.1002244
          ],
          [
            -68.9839457,
            -31.1007307
          ],
          [
            -68.9840686,
            -31.1013257
          ],
          [
            -68.9844201,
            -31.1034726
          ],
          [
            -68.9855435,
            -31.1098707
          ],
          [
            -68.9860253,
            -31.1126754
          ],
          [
            -68.9861603,
            -31.1134379
          ],
          [
            -68.9862198,
            -31.1138238
          ],
          [
            -68.9862954,
            -31.1141866
          ],
          [
            -68.9863647,
            -31.1145424
          ],
          [
            -68.9864074,
            -31.1146904
          ],
          [
            -68.9864636,
            -31.1148482
          ],
          [
            -68.986536,
            -31.1150152
          ],
          [
            -68.9866111,
            -31.1151772
          ],
          [
            -68.9866862,
            -31.115327
          ],
          [
            -68.9867667,
            -31.11547
          ],
          [
            -68.9868579,
            -31.1156135
          ],
          [
            -68.9869518,
            -31.1157426
          ],
          [
            -68.9870242,
            -31.1158442
          ],
          [
            -68.9871503,
            -31.1159889
          ],
          [
            -68.9873004,
            -31.1161473
          ],
          [
            -68.9874956,
            -31.1163243
          ],
          [
            -68.9876525,
            -31.1164578
          ],
          [
            -68.9878782,
            -31.1166196
          ],
          [
            -68.9881332,
            -31.11679
          ],
          [
            -68.9886034,
            -31.1170843
          ],
          [
            -68.9892168,
            -31.1174448
          ],
          [
            -68.992917,
            -31.1195874
          ],
          [
            -68.9961775,
            -31.1214689
          ],
          [
            -68.9992014,
            -31.1232564
          ],
          [
            -68.9998514,
            -31.1236098
          ],
          [
            -69.000713,
            -31.124026
          ],
          [
            -69.0018519,
            -31.1245837
          ],
          [
            -69.0057851,
            -31.126474
          ],
          [
            -69.0075043,
            -31.1272844
          ],
          [
            -69.0084389,
            -31.1277611
          ],
          [
            -69.0090746,
            -31.128101
          ],
          [
            -69.0095977,
            -31.1284168
          ],
          [
            -69.0100643,
            -31.128767
          ],
          [
            -69.0105119,
            -31.1291258
          ],
          [
            -69.0108933,
            -31.1295073
          ],
          [
            -69.0111497,
            -31.1298029
          ],
          [
            -69.0114356,
            -31.1301669
          ],
          [
            -69.011731,
            -31.1306187
          ],
          [
            -69.0120711,
            -31.1311457
          ],
          [
            -69.0157567,
            -31.1370599
          ],
          [
            -69.0175505,
            -31.1402284
          ],
          [
            -69.0189151,
            -31.1425613
          ],
          [
            -69.019022,
            -31.1427221
          ],
          [
            -69.0192927,
            -31.1430953
          ],
          [
            -69.0206453,
            -31.144655
          ],
          [
            -69.0211263,
            -31.1452269
          ],
          [
            -69.0214798,
            -31.145664
          ],
          [
            -69.0217319,
            -31.146049
          ],
          [
            -69.0219465,
            -31.1464261
          ],
          [
            -69.0221681,
            -31.1468711
          ],
          [
            -69.0223627,
            -31.1473675
          ],
          [
            -69.0232552,
            -31.1504572
          ],
          [
            -69.023385,
            -31.1509066
          ],
          [
            -69.0241797,
            -31.1535178
          ],
          [
            -69.0244054,
            -31.1541989
          ],
          [
            -69.0245571,
            -31.1545872
          ],
          [
            -69.0246559,
            -31.154813
          ],
          [
            -69.0247553,
            -31.1550224
          ],
          [
            -69.0251021,
            -31.1555794
          ],
          [
            -69.0261395,
            -31.1571161
          ],
          [
            -69.0290924,
            -31.1613537
          ],
          [
            -69.029241,
            -31.1615386
          ],
          [
            -69.0293998,
            -31.1617307
          ],
          [
            -69.0296293,
            -31.161977
          ],
          [
            -69.0299888,
            -31.1623467
          ],
          [
            -69.0303473,
            -31.162647
          ],
          [
            -69.031886,
            -31.1639112
          ],
          [
            -69.0324705,
            -31.1644581
          ],
          [
            -69.0327236,
            -31.164753
          ],
          [
            -69.0329962,
            -31.1651418
          ],
          [
            -69.0332461,
            -31.1655908
          ],
          [
            -69.0334795,
            -31.1660353
          ],
          [
            -69.0336193,
            -31.1664031
          ],
          [
            -69.03372,
            -31.1667626
          ],
          [
            -69.0337952,
            -31.1670915
          ],
          [
            -69.0338688,
            -31.1676499
          ],
          [
            -69.0339061,
            -31.1683227
          ],
          [
            -69.0341294,
            -31.1728883
          ],
          [
            -69.0341743,
            -31.1733397
          ],
          [
            -69.0342441,
            -31.1737322
          ],
          [
            -69.0343779,
            -31.1741868
          ],
          [
            -69.0345046,
            -31.174535
          ],
          [
            -69.0347898,
            -31.1751197
          ],
          [
            -69.0356703,
            -31.1767136
          ],
          [
            -69.0358864,
            -31.1770646
          ],
          [
            -69.0360867,
            -31.1773328
          ],
          [
            -69.0363952,
            -31.1777132
          ],
          [
            -69.0368015,
            -31.1781248
          ],
          [
            -69.037338,
            -31.1785628
          ],
          [
            -69.037665,
            -31.178808
          ],
          [
            -69.0380027,
            -31.1790647
          ],
          [
            -69.0384751,
            -31.1794649
          ],
          [
            -69.0388879,
            -31.1798864
          ],
          [
            -69.0391435,
            -31.1802387
          ],
          [
            -69.0394041,
            -31.1806279
          ],
          [
            -69.040214,
            -31.1820287
          ],
          [
            -69.0404966,
            -31.1824235
          ],
          [
            -69.0407836,
            -31.1827747
          ],
          [
            -69.0411804,
            -31.1831543
          ],
          [
            -69.0421161,
            -31.183897
          ],
          [
            -69.0426775,
            -31.1843574
          ],
          [
            -69.0430185,
            -31.1846466
          ],
          [
            -69.0433089,
            -31.1849536
          ],
          [
            -69.0435469,
            -31.1852384
          ],
          [
            -69.0438122,
            -31.1856152
          ],
          [
            -69.0440345,
            -31.1859942
          ],
          [
            -69.0448738,
            -31.1877025
          ],
          [
            -69.0451356,
            -31.1881645
          ],
          [
            -69.0455197,
            -31.1887415
          ],
          [
            -69.0457775,
            -31.1890634
          ],
          [
            -69.0471613,
            -31.1905509
          ],
          [
            -69.0489885,
            -31.1927358
          ],
          [
            -69.0521959,
            -31.1962288
          ],
          [
            -69.0528921,
            -31.196987
          ],
          [
            -69.0534509,
            -31.1974994
          ],
          [
            -69.0562732,
            -31.1998772
          ],
          [
            -69.0566564,
            -31.2002127
          ],
          [
            -69.0569323,
            -31.2004852
          ],
          [
            -69.0573313,
            -31.2009414
          ],
          [
            -69.0575747,
            -31.2012756
          ],
          [
            -69.0578096,
            -31.2017102
          ],
          [
            -69.0593306,
            -31.2049007
          ],
          [
            -69.0596925,
            -31.2056498
          ],
          [
            -69.0599029,
            -31.2060237
          ],
          [
            -69.0601226,
            -31.2063272
          ],
          [
            -69.0603498,
            -31.2066137
          ],
          [
            -69.0605602,
            -31.2068489
          ],
          [
            -69.060737,
            -31.2070234
          ],
          [
            -69.0609192,
            -31.2071888
          ],
          [
            -69.0611611,
            -31.2073925
          ],
          [
            -69.0614904,
            -31.2076338
          ],
          [
            -69.064573,
            -31.2097278
          ],
          [
            -69.0650058,
            -31.2100592
          ],
          [
            -69.065205,
            -31.210256
          ],
          [
            -69.0653443,
            -31.2105004
          ],
          [
            -69.0654121,
            -31.2107584
          ],
          [
            -69.0654418,
            -31.210972
          ],
          [
            -69.0654337,
            -31.2111772
          ],
          [
            -69.0653962,
            -31.211365
          ],
          [
            -69.0653264,
            -31.2115496
          ],
          [
            -69.0651906,
            -31.2117445
          ],
          [
            -69.0649925,
            -31.2119568
          ],
          [
            -69.0646069,
            -31.2123472
          ],
          [
            -69.0644266,
            -31.2125403
          ],
          [
            -69.0643267,
            -31.2127165
          ],
          [
            -69.0642486,
            -31.2128875
          ],
          [
            -69.0641515,
            -31.2131523
          ],
          [
            -69.064137,
            -31.2134158
          ],
          [
            -69.064148,
            -31.2136306
          ],
          [
            -69.0642442,
            -31.2139017
          ],
          [
            -69.0644298,
            -31.2141571
          ],
          [
            -69.0648061,
            -31.2145762
          ],
          [
            -69.0653531,
            -31.2151422
          ],
          [
            -69.0656149,
            -31.2153504
          ],
          [
            -69.0658456,
            -31.2154904
          ],
          [
            -69.0660789,
            -31.2156114
          ],
          [
            -69.0664518,
            -31.2157387
          ],
          [
            -69.0667589,
            -31.2158121
          ],
          [
            -69.0672242,
            -31.215897
          ],
          [
            -69.0676574,
            -31.2160083
          ],
          [
            -69.067935,
            -31.2161275
          ],
          [
            -69.0681898,
            -31.2163133
          ],
          [
            -69.0683883,
            -31.216522
          ],
          [
            -69.0685519,
            -31.2168168
          ],
          [
            -69.0689047,
            -31.2174958
          ],
          [
            -69.0697308,
            -31.2191491
          ],
          [
            -69.0699067,
            -31.2194692
          ],
          [
            -69.0700158,
            -31.2197576
          ],
          [
            -69.0700781,
            -31.2199765
          ],
          [
            -69.0701008,
            -31.2202002
          ],
          [
            -69.0700992,
            -31.2204754
          ],
          [
            -69.0700734,
            -31.2207557
          ],
          [
            -69.0699815,
            -31.2213598
          ],
          [
            -69.0699097,
            -31.2218773
          ],
          [
            -69.0698879,
            -31.2221859
          ],
          [
            -69.0699003,
            -31.2224413
          ],
          [
            -69.0699474,
            -31.2226446
          ],
          [
            -69.0700611,
            -31.2230398
          ],
          [
            -69.0703104,
            -31.2237664
          ],
          [
            -69.070583,
            -31.2247104
          ],
          [
            -69.0707329,
            -31.2250874
          ],
          [
            -69.0709015,
            -31.225469
          ],
          [
            -69.07127,
            -31.2262426
          ],
          [
            -69.0715435,
            -31.2265775
          ],
          [
            -69.0717437,
            -31.2267739
          ],
          [
            -69.0719181,
            -31.2269023
          ],
          [
            -69.0722252,
            -31.2270927
          ],
          [
            -69.0727845,
            -31.2274
          ],
          [
            -69.0729991,
            -31.2275629
          ],
          [
            -69.0731801,
            -31.2277384
          ],
          [
            -69.0733303,
            -31.227954
          ],
          [
            -69.0734202,
            -31.2282097
          ],
          [
            -69.0734717,
            -31.2284832
          ],
          [
            -69.0734455,
            -31.2287992
          ],
          [
            -69.0733472,
            -31.2291512
          ],
          [
            -69.0731102,
            -31.2298966
          ],
          [
            -69.072983,
            -31.2302166
          ],
          [
            -69.0728756,
            -31.2304299
          ],
          [
            -69.0727415,
            -31.2306673
          ],
          [
            -69.0725993,
            -31.2308892
          ],
          [
            -69.0723713,
            -31.2312602
          ],
          [
            -69.0722211,
            -31.2315973
          ],
          [
            -69.0721408,
            -31.2318817
          ],
          [
            -69.072077,
            -31.2321687
          ],
          [
            -69.0720634,
            -31.2325467
          ],
          [
            -69.0721131,
            -31.2328982
          ],
          [
            -69.0721539,
            -31.2331743
          ],
          [
            -69.0722942,
            -31.2336233
          ],
          [
            -69.0724452,
            -31.2339022
          ],
          [
            -69.072578,
            -31.2341384
          ],
          [
            -69.0727306,
            -31.2343764
          ],
          [
            -69.0729022,
            -31.2346075
          ],
          [
            -69.0731474,
            -31.2348641
          ],
          [
            -69.073389,
            -31.2350911
          ],
          [
            -69.0735087,
            -31.2352418
          ],
          [
            -69.0736428,
            -31.235435
          ],
          [
            -69.0737769,
            -31.235755
          ],
          [
            -69.0742784,
            -31.2370464
          ],
          [
            -69.0748684,
            -31.2385407
          ],
          [
            -69.07502,
            -31.2389775
          ],
          [
            -69.0752107,
            -31.2393782
          ],
          [
            -69.0756586,
            -31.2401289
          ],
          [
            -69.075931,
            -31.2405718
          ],
          [
            -69.0761241,
            -31.2409314
          ],
          [
            -69.076279,
            -31.2412937
          ],
          [
            -69.0765682,
            -31.242093
          ],
          [
            -69.076793,
            -31.2427456
          ],
          [
            -69.0769389,
            -31.2433082
          ],
          [
            -69.077004,
            -31.2437547
          ],
          [
            -69.0770127,
            -31.2441809
          ],
          [
            -69.0769917,
            -31.2445568
          ],
          [
            -69.0769366,
            -31.2449227
          ],
          [
            -69.0769157,
            -31.2450572
          ],
          [
            -69.076862,
            -31.2452596
          ],
          [
            -69.0767005,
            -31.2455339
          ],
          [
            -69.0764738,
            -31.2458761
          ],
          [
            -69.0763571,
            -31.2460406
          ],
          [
            -69.0762164,
            -31.2462849
          ],
          [
            -69.0761426,
            -31.2465451
          ],
          [
            -69.0760031,
            -31.2478292
          ],
          [
            -69.0758127,
            -31.2490813
          ],
          [
            -69.0758087,
            -31.2495996
          ],
          [
            -69.075861,
            -31.2499412
          ],
          [
            -69.0759843,
            -31.2504618
          ],
          [
            -69.0760299,
            -31.25084
          ],
          [
            -69.0760514,
            -31.2512449
          ],
          [
            -69.0760338,
            -31.2517252
          ],
          [
            -69.0760135,
            -31.2524722
          ],
          [
            -69.0759883,
            -31.2528328
          ],
          [
            -69.0759468,
            -31.2533555
          ],
          [
            -69.0758725,
            -31.2539373
          ],
          [
            -69.0758685,
            -31.2541631
          ],
          [
            -69.0758904,
            -31.2543449
          ],
          [
            -69.0759253,
            -31.2544767
          ],
          [
            -69.0760158,
            -31.2547204
          ],
          [
            -69.0762291,
            -31.2552558
          ],
          [
            -69.0766746,
            -31.2564137
          ],
          [
            -69.0767517,
            -31.256604
          ],
          [
            -69.0768533,
            -31.2567754
          ],
          [
            -69.0770144,
            -31.2569645
          ],
          [
            -69.0775248,
            -31.2574641
          ],
          [
            -69.077787,
            -31.2577445
          ],
          [
            -69.0780535,
            -31.2580781
          ],
          [
            -69.0783172,
            -31.2584633
          ],
          [
            -69.0786405,
            -31.2588448
          ],
          [
            -69.0789098,
            -31.2590986
          ],
          [
            -69.079573,
            -31.2596529
          ],
          [
            -69.0805118,
            -31.2604486
          ],
          [
            -69.0810221,
            -31.2608767
          ],
          [
            -69.0813756,
            -31.2611776
          ],
          [
            -69.0815875,
            -31.2614482
          ],
          [
            -69.0817698,
            -31.2617348
          ],
          [
            -69.0819576,
            -31.2621246
          ],
          [
            -69.0821373,
            -31.2624021
          ],
          [
            -69.0823479,
            -31.2626364
          ],
          [
            -69.0826726,
            -31.2628628
          ],
          [
            -69.0831556,
            -31.2631551
          ],
          [
            -69.0833792,
            -31.2633122
          ],
          [
            -69.083567,
            -31.263546
          ],
          [
            -69.0837238,
            -31.2637833
          ],
          [
            -69.0839759,
            -31.2642373
          ],
          [
            -69.0841771,
            -31.2646764
          ],
          [
            -69.0844708,
            -31.2653733
          ],
          [
            -69.0846036,
            -31.2656049
          ],
          [
            -69.0847934,
            -31.265802
          ],
          [
            -69.0850415,
            -31.2660095
          ],
          [
            -69.0852408,
            -31.2662162
          ],
          [
            -69.0854308,
            -31.2664506
          ],
          [
            -69.0855669,
            -31.2667478
          ],
          [
            -69.0858065,
            -31.2674142
          ],
          [
            -69.0860855,
            -31.2683652
          ],
          [
            -69.0861466,
            -31.2686879
          ],
          [
            -69.0861647,
            -31.2689636
          ],
          [
            -69.0861177,
            -31.2692594
          ],
          [
            -69.0860761,
            -31.2695688
          ],
          [
            -69.0860167,
            -31.2698958
          ],
          [
            -69.0859857,
            -31.2705033
          ],
          [
            -69.0859304,
            -31.2708021
          ],
          [
            -69.0858489,
            -31.2710795
          ],
          [
            -69.0854211,
            -31.271951
          ],
          [
            -69.0852081,
            -31.2722304
          ],
          [
            -69.0850428,
            -31.272425
          ],
          [
            -69.0846361,
            -31.2728218
          ],
          [
            -69.0844988,
            -31.2729981
          ],
          [
            -69.0843931,
            -31.273198
          ],
          [
            -69.0843341,
            -31.2733997
          ],
          [
            -69.0843247,
            -31.2735785
          ],
          [
            -69.0843394,
            -31.2737893
          ],
          [
            -69.0843931,
            -31.2739257
          ],
          [
            -69.0844984,
            -31.2741836
          ],
          [
            -69.0850112,
            -31.2753004
          ],
          [
            -69.0851552,
            -31.2756388
          ],
          [
            -69.0853003,
            -31.2758571
          ],
          [
            -69.0855023,
            -31.276072
          ],
          [
            -69.08582,
            -31.2763821
          ],
          [
            -69.0860749,
            -31.2766498
          ],
          [
            -69.0862854,
            -31.2769575
          ],
          [
            -69.0865682,
            -31.2774309
          ],
          [
            -69.0867372,
            -31.2777484
          ],
          [
            -69.0868901,
            -31.2780452
          ],
          [
            -69.087059,
            -31.2784689
          ],
          [
            -69.0871932,
            -31.2789805
          ],
          [
            -69.0872707,
            -31.2794461
          ],
          [
            -69.087291,
            -31.2803153
          ],
          [
            -69.0873425,
            -31.2809707
          ],
          [
            -69.0873918,
            -31.2812258
          ],
          [
            -69.0875038,
            -31.2815516
          ],
          [
            -69.0876653,
            -31.2818574
          ],
          [
            -69.0878499,
            -31.282089
          ],
          [
            -69.0880973,
            -31.2823022
          ],
          [
            -69.0883751,
            -31.2824524
          ],
          [
            -69.088731,
            -31.2825947
          ],
          [
            -69.0889684,
            -31.2826748
          ],
          [
            -69.0893115,
            -31.2827212
          ],
          [
            -69.0896059,
            -31.2827243
          ],
          [
            -69.0898768,
            -31.2827
          ],
          [
            -69.0901702,
            -31.2826658
          ],
          [
            -69.0904955,
            -31.282605
          ],
          [
            -69.091422,
            -31.2823459
          ],
          [
            -69.0924521,
            -31.2820239
          ],
          [
            -69.0935217,
            -31.2816827
          ],
          [
            -69.0939611,
            -31.2815834
          ],
          [
            -69.0943023,
            -31.2815375
          ],
          [
            -69.0946592,
            -31.281556
          ],
          [
            -69.0949367,
            -31.2816293
          ],
          [
            -69.0951889,
            -31.2817188
          ],
          [
            -69.0954085,
            -31.2818497
          ],
          [
            -69.0956676,
            -31.2820179
          ],
          [
            -69.0958653,
            -31.2822017
          ],
          [
            -69.0960628,
            -31.2824558
          ],
          [
            -69.0964748,
            -31.283072
          ],
          [
            -69.0966562,
            -31.2833184
          ],
          [
            -69.0968868,
            -31.2834936
          ],
          [
            -69.0971218,
            -31.283634
          ],
          [
            -69.0973314,
            -31.2837456
          ],
          [
            -69.0975895,
            -31.2838464
          ],
          [
            -69.0978771,
            -31.2839137
          ],
          [
            -69.0983884,
            -31.283956
          ],
          [
            -69.1000116,
            -31.2840179
          ],
          [
            -69.1026911,
            -31.2840935
          ],
          [
            -69.1035455,
            -31.2840647
          ],
          [
            -69.1038727,
            -31.284012
          ],
          [
            -69.1040859,
            -31.2839491
          ],
          [
            -69.1042322,
            -31.2838859
          ],
          [
            -69.1049054,
            -31.2835374
          ],
          [
            -69.10512,
            -31.2834389
          ],
          [
            -69.1053694,
            -31.2833609
          ],
          [
            -69.1056779,
            -31.2833219
          ],
          [
            -69.1060319,
            -31.2833059
          ],
          [
            -69.1063136,
            -31.2832509
          ],
          [
            -69.1065791,
            -31.2831409
          ],
          [
            -69.1069761,
            -31.2829392
          ],
          [
            -69.1072148,
            -31.2828383
          ],
          [
            -69.1076681,
            -31.2826985
          ],
          [
            -69.1080731,
            -31.2825781
          ],
          [
            -69.1083172,
            -31.282491
          ],
          [
            -69.1085559,
            -31.282404
          ],
          [
            -69.1090897,
            -31.2821655
          ],
          [
            -69.10961,
            -31.2819501
          ],
          [
            -69.1098273,
            -31.2818584
          ],
          [
            -69.1103596,
            -31.2816647
          ],
          [
            -69.1109632,
            -31.2814378
          ],
          [
            -69.1113226,
            -31.2812589
          ],
          [
            -69.1115237,
            -31.2811214
          ],
          [
            -69.1117115,
            -31.2809678
          ],
          [
            -69.1118805,
            -31.2807844
          ],
          [
            -69.1120092,
            -31.2805621
          ],
          [
            -69.1121407,
            -31.2801838
          ],
          [
            -69.1123418,
            -31.2794847
          ],
          [
            -69.1124592,
            -31.2791862
          ],
          [
            -69.1125121,
            -31.2790824
          ],
          [
            -69.1126275,
            -31.2788577
          ],
          [
            -69.1136668,
            -31.2770319
          ],
          [
            -69.1137366,
            -31.2769035
          ],
          [
            -69.1138505,
            -31.2766548
          ],
          [
            -69.1139136,
            -31.2764885
          ],
          [
            -69.1139713,
            -31.2762742
          ],
          [
            -69.1140383,
            -31.2758455
          ],
          [
            -69.11421,
            -31.2748311
          ],
          [
            -69.1143199,
            -31.2741354
          ],
          [
            -69.1144004,
            -31.2735267
          ],
          [
            -69.1144178,
            -31.2732699
          ],
          [
            -69.114446,
            -31.2719289
          ],
          [
            -69.1144232,
            -31.2714749
          ],
          [
            -69.114387,
            -31.2712514
          ],
          [
            -69.1143011,
            -31.2710496
          ],
          [
            -69.1141805,
            -31.270849
          ],
          [
            -69.1140356,
            -31.2706415
          ],
          [
            -69.1135649,
            -31.2700432
          ],
          [
            -69.1131491,
            -31.2693898
          ],
          [
            -69.1128595,
            -31.2688671
          ],
          [
            -69.1127602,
            -31.2686276
          ],
          [
            -69.1127535,
            -31.268443
          ],
          [
            -69.1127951,
            -31.2682504
          ],
          [
            -69.1129641,
            -31.2676899
          ],
          [
            -69.1130164,
            -31.2675087
          ],
          [
            -69.1130996,
            -31.2672233
          ],
          [
            -69.113176,
            -31.2669367
          ],
          [
            -69.1132041,
            -31.2666169
          ],
          [
            -69.1132203,
            -31.2660782
          ],
          [
            -69.1132189,
            -31.2653113
          ],
          [
            -69.1131184,
            -31.2645982
          ],
          [
            -69.1131103,
            -31.2642096
          ],
          [
            -69.1131692,
            -31.2640124
          ],
          [
            -69.1133235,
            -31.2638588
          ],
          [
            -69.1135488,
            -31.263719
          ],
          [
            -69.1138211,
            -31.2636547
          ],
          [
            -69.114151,
            -31.2636456
          ],
          [
            -69.1143951,
            -31.2636869
          ],
          [
            -69.114623,
            -31.2637763
          ],
          [
            -69.1149529,
            -31.263962
          ],
          [
            -69.1152319,
            -31.2641064
          ],
          [
            -69.1155162,
            -31.2642211
          ],
          [
            -69.1158166,
            -31.2642715
          ],
          [
            -69.1164872,
            -31.2642761
          ],
          [
            -69.1174381,
            -31.2642303
          ],
          [
            -69.1179141,
            -31.2641775
          ],
          [
            -69.1181877,
            -31.2641477
          ],
          [
            -69.1184398,
            -31.2641098
          ],
          [
            -69.118763,
            -31.2640353
          ],
          [
            -69.1190044,
            -31.2639952
          ],
          [
            -69.1192646,
            -31.2639666
          ],
          [
            -69.119561,
            -31.2639701
          ],
          [
            -69.1198064,
            -31.2639562
          ],
          [
            -69.1201095,
            -31.2638909
          ],
          [
            -69.1203442,
            -31.2638359
          ],
          [
            -69.1205628,
            -31.2638118
          ],
          [
            -69.1208658,
            -31.2638324
          ],
          [
            -69.1211676,
            -31.2638577
          ],
          [
            -69.1214479,
            -31.2638679
          ],
          [
            -69.1217805,
            -31.2638199
          ],
          [
            -69.1223626,
            -31.2636158
          ],
          [
            -69.122675,
            -31.2635068
          ],
          [
            -69.1228843,
            -31.2634782
          ],
          [
            -69.1231082,
            -31.2635493
          ],
          [
            -69.1233482,
            -31.2637064
          ],
          [
            -69.1238539,
            -31.2640365
          ],
          [
            -69.1241677,
            -31.2642165
          ],
          [
            -69.1243903,
            -31.2642922
          ],
          [
            -69.1246679,
            -31.2643541
          ],
          [
            -69.1255638,
            -31.2644538
          ],
          [
            -69.1259071,
            -31.2644412
          ],
          [
            -69.1262075,
            -31.2644011
          ],
          [
            -69.1265173,
            -31.2643323
          ],
          [
            -69.1270953,
            -31.2641683
          ],
          [
            -69.127448,
            -31.2641214
          ],
          [
            -69.127798,
            -31.2641007
          ],
          [
            -69.1287542,
            -31.2641167
          ],
          [
            -69.1290654,
            -31.2641064
          ],
          [
            -69.1292853,
            -31.2640342
          ],
          [
            -69.1295736,
            -31.2638657
          ],
          [
            -69.1298111,
            -31.2637694
          ],
          [
            -69.1300377,
            -31.2637385
          ],
          [
            -69.1303179,
            -31.2637694
          ],
          [
            -69.1305581,
            -31.2638118
          ],
          [
            -69.1307619,
            -31.2637992
          ],
          [
            -69.1309161,
            -31.2637557
          ],
          [
            -69.1311038,
            -31.2636616
          ],
          [
            -69.1313265,
            -31.2634519
          ],
          [
            -69.1315075,
            -31.2633063
          ],
          [
            -69.1316618,
            -31.2632329
          ],
          [
            -69.1318442,
            -31.263195
          ],
          [
            -69.1320641,
            -31.2632054
          ],
          [
            -69.1322357,
            -31.2632077
          ],
          [
            -69.1323954,
            -31.2631755
          ],
          [
            -69.1325241,
            -31.2631011
          ],
          [
            -69.1326394,
            -31.2630116
          ],
          [
            -69.1328474,
            -31.2626437
          ],
          [
            -69.1329398,
            -31.2625348
          ],
          [
            -69.1330445,
            -31.2624694
          ],
          [
            -69.1331584,
            -31.2624327
          ],
          [
            -69.1333985,
            -31.2624247
          ],
          [
            -69.1336976,
            -31.2624579
          ],
          [
            -69.1338505,
            -31.2624603
          ],
          [
            -69.1340315,
            -31.2624659
          ],
          [
            -69.1342594,
            -31.2624029
          ],
          [
            -69.1344579,
            -31.2622413
          ],
          [
            -69.1347463,
            -31.2618951
          ],
          [
            -69.1348858,
            -31.2617805
          ],
          [
            -69.1350373,
            -31.2617082
          ],
          [
            -69.1352224,
            -31.2617013
          ],
          [
            -69.1353779,
            -31.2617495
          ],
          [
            -69.1355872,
            -31.261871
          ],
          [
            -69.1357334,
            -31.261996
          ],
          [
            -69.1358165,
            -31.262067
          ],
          [
            -69.1359546,
            -31.2621427
          ],
          [
            -69.1361571,
            -31.2622092
          ],
          [
            -69.1363664,
            -31.2622264
          ],
          [
            -69.136593,
            -31.2621977
          ],
          [
            -69.1368599,
            -31.2621187
          ],
          [
            -69.1371388,
            -31.2619662
          ],
          [
            -69.1372783,
            -31.261863
          ],
          [
            -69.1375305,
            -31.2615534
          ],
          [
            -69.137682,
            -31.2614194
          ],
          [
            -69.1378362,
            -31.2613449
          ],
          [
            -69.1380038,
            -31.2613093
          ],
          [
            -69.1383136,
            -31.26133
          ],
          [
            -69.1385229,
            -31.2613437
          ],
          [
            -69.1388018,
            -31.2613035
          ],
          [
            -69.1389184,
            -31.2612531
          ],
          [
            -69.1392229,
            -31.2611476
          ],
          [
            -69.1395018,
            -31.2610846
          ],
          [
            -69.1397125,
            -31.2610685
          ],
          [
            -69.1398921,
            -31.2610938
          ],
          [
            -69.1403602,
            -31.2612462
          ],
          [
            -69.1405211,
            -31.2612623
          ],
          [
            -69.1406767,
            -31.2612577
          ],
          [
            -69.1408618,
            -31.261229
          ],
          [
            -69.1410911,
            -31.2611247
          ],
          [
            -69.1412319,
            -31.2609562
          ],
          [
            -69.1413338,
            -31.2607705
          ],
          [
            -69.141382,
            -31.2606272
          ],
          [
            -69.1414183,
            -31.2604919
          ],
          [
            -69.141535,
            -31.2602809
          ],
          [
            -69.1416691,
            -31.260109
          ],
          [
            -69.141767,
            -31.2599978
          ],
          [
            -69.141881,
            -31.2599347
          ],
          [
            -69.1420701,
            -31.2598431
          ],
          [
            -69.142243,
            -31.2597858
          ],
          [
            -69.1424375,
            -31.2597685
          ],
          [
            -69.1426588,
            -31.2597765
          ],
          [
            -69.1429311,
            -31.259835
          ],
          [
            -69.1432302,
            -31.2599279
          ],
          [
            -69.1438283,
            -31.2601136
          ],
          [
            -69.1440053,
            -31.2601594
          ],
          [
            -69.1442159,
            -31.2602007
          ],
          [
            -69.1445243,
            -31.2602374
          ],
          [
            -69.1448918,
            -31.2602328
          ],
          [
            -69.1451707,
            -31.2601916
          ],
          [
            -69.1454899,
            -31.2600976
          ],
          [
            -69.1457796,
            -31.2599875
          ],
          [
            -69.1461202,
            -31.2598292
          ],
          [
            -69.1464046,
            -31.2596757
          ],
          [
            -69.1467908,
            -31.2594647
          ],
          [
            -69.1471744,
            -31.2592469
          ],
          [
            -69.1483183,
            -31.2584799
          ],
          [
            -69.1484497,
            -31.2583802
          ],
          [
            -69.1487421,
            -31.2581899
          ],
          [
            -69.1489822,
            -31.2580497
          ],
          [
            -69.1493094,
            -31.257911
          ],
          [
            -69.1500201,
            -31.2576932
          ],
          [
            -69.1503796,
            -31.2576037
          ],
          [
            -69.1506719,
            -31.2575832
          ],
          [
            -69.1509267,
            -31.2576015
          ],
          [
            -69.1518467,
            -31.2577666
          ],
          [
            -69.1522383,
            -31.2578605
          ],
          [
            -69.1524878,
            -31.2579454
          ],
          [
            -69.1531631,
            -31.2582003
          ],
          [
            -69.1533631,
            -31.2583126
          ],
          [
            -69.1535027,
            -31.2584481
          ],
          [
            -69.1537255,
            -31.2587327
          ],
          [
            -69.1539323,
            -31.2589187
          ],
          [
            -69.1541095,
            -31.2590586
          ],
          [
            -69.1542894,
            -31.2591665
          ],
          [
            -69.1544827,
            -31.2593271
          ],
          [
            -69.1547699,
            -31.25952
          ],
          [
            -69.1549687,
            -31.2596623
          ],
          [
            -69.155095,
            -31.2597059
          ],
          [
            -69.1552265,
            -31.2597196
          ],
          [
            -69.1553581,
            -31.2596944
          ],
          [
            -69.1555675,
            -31.2596278
          ],
          [
            -69.1560212,
            -31.2594763
          ],
          [
            -69.1562496,
            -31.2594166
          ],
          [
            -69.156467,
            -31.2594051
          ],
          [
            -69.1567301,
            -31.2594304
          ],
          [
            -69.1568993,
            -31.2594603
          ],
          [
            -69.1571167,
            -31.2594763
          ],
          [
            -69.1573208,
            -31.2594694
          ],
          [
            -69.1575651,
            -31.2594373
          ],
          [
            -69.158231,
            -31.2593088
          ],
          [
            -69.1587654,
            -31.2591871
          ],
          [
            -69.1591037,
            -31.2590976
          ],
          [
            -69.1595708,
            -31.2589438
          ],
          [
            -69.1598596,
            -31.258841
          ],
          [
            -69.1601949,
            -31.258747
          ],
          [
            -69.1608332,
            -31.2586209
          ],
          [
            -69.1612061,
            -31.2585383
          ],
          [
            -69.1616298,
            -31.2584122
          ],
          [
            -69.1625123,
            -31.2580958
          ],
          [
            -69.1642772,
            -31.2575249
          ],
          [
            -69.1648753,
            -31.257346
          ],
          [
            -69.1651972,
            -31.2572497
          ],
          [
            -69.1655003,
            -31.2571718
          ],
          [
            -69.1657953,
            -31.2571237
          ],
          [
            -69.1662352,
            -31.257103
          ],
          [
            -69.1674744,
            -31.2571144
          ],
          [
            -69.1693868,
            -31.2571397
          ],
          [
            -69.1709586,
            -31.2571741
          ],
          [
            -69.1711463,
            -31.257181
          ],
          [
            -69.1717874,
            -31.257213
          ],
          [
            -69.1724284,
            -31.2572199
          ],
          [
            -69.1727798,
            -31.2571764
          ],
          [
            -69.1730936,
            -31.257087
          ],
          [
            -69.1733377,
            -31.2569631
          ],
          [
            -69.1736891,
            -31.256759
          ],
          [
            -69.1739814,
            -31.2565458
          ],
          [
            -69.1746707,
            -31.2560551
          ],
          [
            -69.1749738,
            -31.2558694
          ],
          [
            -69.1752823,
            -31.2557066
          ],
          [
            -69.1757624,
            -31.2554567
          ],
          [
            -69.1763778,
            -31.2551189
          ],
          [
            -69.1764746,
            -31.2550658
          ],
          [
            -69.1771831,
            -31.2546915
          ],
          [
            -69.177357,
            -31.2546002
          ],
          [
            -69.1774821,
            -31.2545381
          ],
          [
            -69.1778047,
            -31.2543694
          ],
          [
            -69.178007,
            -31.2542784
          ],
          [
            -69.1782859,
            -31.2541856
          ],
          [
            -69.1785607,
            -31.2541148
          ],
          [
            -69.1789669,
            -31.2540448
          ],
          [
            -69.1798521,
            -31.2539861
          ],
          [
            -69.1806198,
            -31.2539141
          ],
          [
            -69.1818871,
            -31.2537465
          ],
          [
            -69.1828198,
            -31.2535876
          ],
          [
            -69.1836376,
            -31.2534547
          ],
          [
            -69.1842222,
            -31.2533854
          ],
          [
            -69.1847088,
            -31.2533738
          ],
          [
            -69.1852225,
            -31.2534374
          ],
          [
            -69.1855976,
            -31.2535183
          ],
          [
            -69.185993,
            -31.2536483
          ],
          [
            -69.1865438,
            -31.2538736
          ],
          [
            -69.186946,
            -31.2540614
          ],
          [
            -69.1869837,
            -31.2540779
          ],
          [
            -69.1872366,
            -31.2541885
          ],
          [
            -69.1875036,
            -31.2542954
          ],
          [
            -69.187828,
            -31.2544283
          ],
          [
            -69.188193,
            -31.2545554
          ],
          [
            -69.1884802,
            -31.2546219
          ],
          [
            -69.188808,
            -31.2546421
          ],
          [
            -69.1891933,
            -31.2545901
          ],
          [
            -69.1899976,
            -31.254333
          ],
          [
            -69.1903186,
            -31.2541885
          ],
          [
            -69.1906734,
            -31.2539661
          ],
          [
            -69.1910519,
            -31.2537667
          ],
          [
            -69.1913088,
            -31.2536945
          ],
          [
            -69.1915588,
            -31.253709
          ],
          [
            -69.1918224,
            -31.2537552
          ],
          [
            -69.1921468,
            -31.2538794
          ],
          [
            -69.1924071,
            -31.2539227
          ],
          [
            -69.192647,
            -31.2539285
          ],
          [
            -69.1928599,
            -31.2539025
          ],
          [
            -69.1930627,
            -31.2538447
          ],
          [
            -69.1932519,
            -31.2537552
          ],
          [
            -69.1934749,
            -31.2536136
          ],
          [
            -69.1937689,
            -31.2534056
          ],
          [
            -69.1940055,
            -31.2532467
          ],
          [
            -69.1942826,
            -31.2530878
          ],
          [
            -69.1946341,
            -31.2529087
          ],
          [
            -69.1948909,
            -31.2527556
          ],
          [
            -69.1951883,
            -31.2525823
          ],
          [
            -69.1975339,
            -31.2507377
          ],
          [
            -69.1982044,
            -31.2502447
          ],
          [
            -69.1985612,
            -31.25002
          ],
          [
            -69.198824,
            -31.2499375
          ],
          [
            -69.1991834,
            -31.2499031
          ],
          [
            -69.1994678,
            -31.2498962
          ],
          [
            -69.2015679,
            -31.2499363
          ],
          [
            -69.2019273,
            -31.2499615
          ],
          [
            -69.2021875,
            -31.2500189
          ],
          [
            -69.2024155,
            -31.2501358
          ],
          [
            -69.2029659,
            -31.250462
          ],
          [
            -69.2034321,
            -31.2508788
          ],
          [
            -69.2036037,
            -31.2510576
          ],
          [
            -69.2037861,
            -31.2513098
          ],
          [
            -69.2041708,
            -31.2517833
          ],
          [
            -69.2045583,
            -31.2521618
          ],
          [
            -69.205036,
            -31.2525916
          ],
          [
            -69.205248,
            -31.2527551
          ],
          [
            -69.2056355,
            -31.2530681
          ],
          [
            -69.2063635,
            -31.2535195
          ],
          [
            -69.2069444,
            -31.2538402
          ],
          [
            -69.2076877,
            -31.2542074
          ],
          [
            -69.2082838,
            -31.2545605
          ],
          [
            -69.2089182,
            -31.2548917
          ],
          [
            -69.2096122,
            -31.2552448
          ],
          [
            -69.2103232,
            -31.2556597
          ],
          [
            -69.2110385,
            -31.2559108
          ],
          [
            -69.2115309,
            -31.2560259
          ],
          [
            -69.2117979,
            -31.2561068
          ],
          [
            -69.2121088,
            -31.2562194
          ],
          [
            -69.2123638,
            -31.256336
          ],
          [
            -69.2125784,
            -31.2564105
          ],
          [
            -69.2127509,
            -31.2564448
          ],
          [
            -69.2129672,
            -31.2564419
          ],
          [
            -69.2132071,
            -31.2564101
          ],
          [
            -69.2135416,
            -31.2563552
          ],
          [
            -69.2138897,
            -31.2563061
          ],
          [
            -69.214231,
            -31.2562685
          ],
          [
            -69.2146826,
            -31.256297
          ],
          [
            -69.2149857,
            -31.2563062
          ],
          [
            -69.2153638,
            -31.2562557
          ],
          [
            -69.215675,
            -31.2561205
          ],
          [
            -69.2161364,
            -31.2558797
          ],
          [
            -69.2164529,
            -31.2556963
          ],
          [
            -69.2168713,
            -31.255467
          ],
          [
            -69.2171663,
            -31.2553065
          ],
          [
            -69.2173648,
            -31.2552102
          ],
          [
            -69.2175526,
            -31.2551322
          ],
          [
            -69.2177484,
            -31.2550703
          ],
          [
            -69.2179575,
            -31.2550268
          ],
          [
            -69.2183492,
            -31.2549901
          ],
          [
            -69.2186254,
            -31.2549855
          ],
          [
            -69.2189178,
            -31.2549878
          ],
          [
            -69.2192451,
            -31.2550496
          ],
          [
            -69.2196957,
            -31.2550887
          ],
          [
            -69.2201865,
            -31.2550932
          ],
          [
            -69.2206559,
            -31.2550519
          ],
          [
            -69.2210582,
            -31.2549522
          ],
          [
            -69.221419,
            -31.2548697
          ],
          [
            -69.2217556,
            -31.2547906
          ],
          [
            -69.2221177,
            -31.2547218
          ],
          [
            -69.2224797,
            -31.2546782
          ],
          [
            -69.2228955,
            -31.2546507
          ],
          [
            -69.2232737,
            -31.2545911
          ],
          [
            -69.2236359,
            -31.2544765
          ],
          [
            -69.223955,
            -31.2543343
          ],
          [
            -69.2242098,
            -31.2541555
          ],
          [
            -69.2244753,
            -31.2539468
          ],
          [
            -69.2246256,
            -31.2537634
          ],
          [
            -69.2248106,
            -31.2535272
          ],
          [
            -69.2251218,
            -31.2530663
          ],
          [
            -69.2253256,
            -31.252876
          ],
          [
            -69.2257065,
            -31.2526307
          ],
          [
            -69.2264414,
            -31.2522041
          ],
          [
            -69.2269135,
            -31.2519748
          ],
          [
            -69.2272247,
            -31.2519106
          ],
          [
            -69.2275438,
            -31.2519175
          ],
          [
            -69.2278898,
            -31.2519588
          ],
          [
            -69.2284369,
            -31.2520299
          ],
          [
            -69.2288384,
            -31.2520266
          ],
          [
            -69.2291239,
            -31.2520266
          ],
          [
            -69.2297257,
            -31.2520136
          ],
          [
            -69.2301649,
            -31.2520313
          ],
          [
            -69.230634,
            -31.2520764
          ],
          [
            -69.2314403,
            -31.2522525
          ],
          [
            -69.2325922,
            -31.2525775
          ],
          [
            -69.2329279,
            -31.2526732
          ],
          [
            -69.2332958,
            -31.2528048
          ],
          [
            -69.2338408,
            -31.2529639
          ],
          [
            -69.2341649,
            -31.2530434
          ],
          [
            -69.2345372,
            -31.2530786
          ],
          [
            -69.2349676,
            -31.2530626
          ],
          [
            -69.2359405,
            -31.252919
          ],
          [
            -69.2367686,
            -31.2527289
          ],
          [
            -69.2371131,
            -31.2526043
          ],
          [
            -69.2373941,
            -31.2524551
          ],
          [
            -69.2376474,
            -31.2522685
          ],
          [
            -69.2379303,
            -31.2519952
          ],
          [
            -69.2382211,
            -31.2516709
          ],
          [
            -69.2400031,
            -31.2497808
          ],
          [
            -69.2404283,
            -31.2493661
          ],
          [
            -69.2406806,
            -31.2491511
          ],
          [
            -69.2410647,
            -31.2488496
          ],
          [
            -69.2420403,
            -31.248076
          ],
          [
            -69.2433909,
            -31.246919
          ],
          [
            -69.2438688,
            -31.2465472
          ],
          [
            -69.2441998,
            -31.246369
          ],
          [
            -69.2448057,
            -31.2461095
          ],
          [
            -69.2453662,
            -31.2459358
          ],
          [
            -69.2457717,
            -31.2458554
          ],
          [
            -69.2461109,
            -31.2458493
          ],
          [
            -69.2464743,
            -31.2458761
          ],
          [
            -69.2468546,
            -31.2459357
          ],
          [
            -69.2473335,
            -31.2460215
          ],
          [
            -69.2476512,
            -31.2461117
          ],
          [
            -69.2479636,
            -31.2462807
          ],
          [
            -69.2482062,
            -31.2465111
          ],
          [
            -69.249149,
            -31.2478214
          ],
          [
            -69.2495514,
            -31.2482405
          ],
          [
            -69.2497752,
            -31.2484264
          ],
          [
            -69.249999,
            -31.2485695
          ],
          [
            -69.2503356,
            -31.2486903
          ],
          [
            -69.2506896,
            -31.248782
          ],
          [
            -69.2510062,
            -31.248837
          ],
          [
            -69.2512744,
            -31.2488782
          ],
          [
            -69.2516284,
            -31.2488829
          ],
          [
            -69.2519288,
            -31.2488737
          ],
          [
            -69.2522936,
            -31.2489012
          ],
          [
            -69.2538064,
            -31.249025
          ],
          [
            -69.25432,
            -31.2490287
          ],
          [
            -69.2546356,
            -31.2490021
          ],
          [
            -69.2549726,
            -31.2489295
          ],
          [
            -69.2555387,
            -31.2487272
          ],
          [
            -69.2567938,
            -31.2481673
          ],
          [
            -69.2577738,
            -31.2477422
          ],
          [
            -69.2584856,
            -31.2475144
          ],
          [
            -69.2589146,
            -31.2475
          ],
          [
            -69.2592992,
            -31.2475765
          ],
          [
            -69.2596594,
            -31.247763
          ],
          [
            -69.2604734,
            -31.248386
          ],
          [
            -69.2608699,
            -31.2485456
          ],
          [
            -69.2612991,
            -31.2486221
          ],
          [
            -69.2622808,
            -31.2485791
          ],
          [
            -69.2630891,
            -31.2484749
          ],
          [
            -69.2635585,
            -31.2482944
          ],
          [
            -69.2641121,
            -31.2478844
          ],
          [
            -69.2652848,
            -31.2468641
          ],
          [
            -69.2662678,
            -31.245819
          ],
          [
            -69.2666152,
            -31.2455223
          ],
          [
            -69.2669896,
            -31.2453183
          ],
          [
            -69.2673676,
            -31.2451565
          ],
          [
            -69.2677862,
            -31.2450399
          ],
          [
            -69.2683574,
            -31.2449828
          ],
          [
            -69.2688484,
            -31.2449429
          ],
          [
            -69.2692991,
            -31.244916
          ],
          [
            -69.269763,
            -31.2449179
          ],
          [
            -69.2701709,
            -31.244998
          ],
          [
            -69.2704596,
            -31.2451107
          ],
          [
            -69.2707877,
            -31.2452891
          ],
          [
            -69.2712517,
            -31.2455761
          ],
          [
            -69.2716763,
            -31.2457881
          ],
          [
            -69.2718673,
            -31.2458286
          ],
          [
            -69.2720644,
            -31.245855
          ],
          [
            -69.272283,
            -31.2458539
          ],
          [
            -69.2725022,
            -31.2458171
          ],
          [
            -69.2728486,
            -31.2457042
          ],
          [
            -69.2743098,
            -31.2450238
          ],
          [
            -69.2754395,
            -31.2446064
          ],
          [
            -69.2760725,
            -31.2444175
          ],
          [
            -69.2765262,
            -31.2443422
          ],
          [
            -69.2769506,
            -31.2442703
          ],
          [
            -69.2775035,
            -31.2442182
          ],
          [
            -69.277935,
            -31.2442429
          ],
          [
            -69.2783098,
            -31.244352
          ],
          [
            -69.2794472,
            -31.2447708
          ],
          [
            -69.2800561,
            -31.2449646
          ],
          [
            -69.2804235,
            -31.2450248
          ],
          [
            -69.280859,
            -31.2450419
          ],
          [
            -69.2835432,
            -31.2450366
          ],
          [
            -69.2840719,
            -31.2450901
          ],
          [
            -69.2845496,
            -31.245208
          ],
          [
            -69.2849458,
            -31.2453441
          ],
          [
            -69.285543,
            -31.2455185
          ],
          [
            -69.2859145,
            -31.2455976
          ],
          [
            -69.2863706,
            -31.2456073
          ],
          [
            -69.2867937,
            -31.245512
          ],
          [
            -69.287437,
            -31.2453227
          ],
          [
            -69.2890131,
            -31.2447746
          ],
          [
            -69.2897684,
            -31.2445842
          ],
          [
            -69.29018,
            -31.2445596
          ],
          [
            -69.2905675,
            -31.2446058
          ],
          [
            -69.2909371,
            -31.2447192
          ],
          [
            -69.291236,
            -31.2448631
          ],
          [
            -69.2921376,
            -31.2453269
          ],
          [
            -69.2928705,
            -31.2455881
          ],
          [
            -69.2933477,
            -31.2456999
          ],
          [
            -69.2939235,
            -31.2457456
          ],
          [
            -69.2945327,
            -31.2457315
          ],
          [
            -69.3002115,
            -31.2449643
          ],
          [
            -69.3030077,
            -31.2445843
          ],
          [
            -69.3060777,
            -31.2441599
          ],
          [
            -69.3069194,
            -31.2440656
          ],
          [
            -69.3079408,
            -31.2440747
          ],
          [
            -69.3090972,
            -31.2442226
          ],
          [
            -69.3127033,
            -31.2447829
          ],
          [
            -69.3147859,
            -31.2451123
          ],
          [
            -69.3154715,
            -31.245206
          ],
          [
            -69.3160159,
            -31.2453291
          ],
          [
            -69.3167258,
            -31.2455629
          ],
          [
            -69.3172281,
            -31.2458316
          ],
          [
            -69.3177952,
            -31.2462497
          ],
          [
            -69.3181622,
            -31.246577
          ],
          [
            -69.3186969,
            -31.2471213
          ],
          [
            -69.319735,
            -31.248433
          ],
          [
            -69.3206374,
            -31.2496066
          ],
          [
            -69.3215557,
            -31.2507404
          ],
          [
            -69.3229148,
            -31.2527058
          ],
          [
            -69.3233833,
            -31.2531991
          ],
          [
            -69.3238194,
            -31.2535157
          ],
          [
            -69.324383,
            -31.2537933
          ],
          [
            -69.3248914,
            -31.253991
          ],
          [
            -69.3254586,
            -31.2541327
          ],
          [
            -69.3261194,
            -31.254196
          ],
          [
            -69.3269341,
            -31.2541622
          ],
          [
            -69.3288406,
            -31.2539692
          ],
          [
            -69.3305916,
            -31.2538084
          ],
          [
            -69.3311439,
            -31.2537946
          ],
          [
            -69.3316135,
            -31.2538706
          ],
          [
            -69.3322382,
            -31.2540421
          ],
          [
            -69.3326967,
            -31.2541402
          ],
          [
            -69.3331671,
            -31.2541824
          ],
          [
            -69.3337697,
            -31.2541182
          ],
          [
            -69.3345367,
            -31.2540619
          ],
          [
            -69.3350395,
            -31.2540801
          ],
          [
            -69.3357734,
            -31.2541949
          ],
          [
            -69.3363952,
            -31.2541866
          ],
          [
            -69.337161,
            -31.2540933
          ],
          [
            -69.3380472,
            -31.2539761
          ],
          [
            -69.3385786,
            -31.2538322
          ],
          [
            -69.3391608,
            -31.253453
          ],
          [
            -69.3396085,
            -31.2531538
          ],
          [
            -69.3401741,
            -31.2530151
          ],
          [
            -69.3406579,
            -31.2530061
          ],
          [
            -69.3412685,
            -31.2530972
          ],
          [
            -69.3418821,
            -31.2532589
          ],
          [
            -69.3423585,
            -31.2533615
          ],
          [
            -69.3427922,
            -31.2533776
          ],
          [
            -69.3431903,
            -31.2533222
          ],
          [
            -69.3435977,
            -31.2531803
          ],
          [
            -69.3440362,
            -31.2529563
          ],
          [
            -69.345736,
            -31.2516919
          ],
          [
            -69.3462313,
            -31.2514559
          ],
          [
            -69.3467648,
            -31.2513444
          ],
          [
            -69.3473875,
            -31.2513327
          ],
          [
            -69.3489356,
            -31.251395
          ],
          [
            -69.3503034,
            -31.2513857
          ],
          [
            -69.3515876,
            -31.2512864
          ],
          [
            -69.35379,
            -31.2509862
          ],
          [
            -69.3546113,
            -31.2507707
          ],
          [
            -69.3555013,
            -31.2503347
          ],
          [
            -69.3562084,
            -31.2499166
          ],
          [
            -69.3569777,
            -31.2493276
          ],
          [
            -69.3576466,
            -31.2486249
          ],
          [
            -69.3586312,
            -31.2473176
          ],
          [
            -69.3592059,
            -31.2466555
          ],
          [
            -69.3600969,
            -31.2458686
          ],
          [
            -69.3605761,
            -31.2454924
          ],
          [
            -69.3610221,
            -31.2452014
          ],
          [
            -69.3613656,
            -31.2450552
          ],
          [
            -69.3616046,
            -31.2449596
          ],
          [
            -69.3618752,
            -31.2449474
          ],
          [
            -69.3620578,
            -31.244996
          ],
          [
            -69.3622982,
            -31.2450778
          ],
          [
            -69.3625585,
            -31.2451673
          ],
          [
            -69.3627213,
            -31.2451975
          ],
          [
            -69.3628877,
            -31.2452096
          ],
          [
            -69.3630647,
            -31.2452641
          ],
          [
            -69.3632239,
            -31.2453519
          ],
          [
            -69.3635891,
            -31.2456075
          ],
          [
            -69.3640485,
            -31.2458995
          ],
          [
            -69.3642728,
            -31.2461463
          ],
          [
            -69.364461,
            -31.2463024
          ],
          [
            -69.364671,
            -31.2464122
          ],
          [
            -69.3648054,
            -31.2464936
          ],
          [
            -69.3649404,
            -31.2465894
          ],
          [
            -69.3649863,
            -31.2466833
          ],
          [
            -69.3650458,
            -31.2468276
          ],
          [
            -69.3651283,
            -31.2469748
          ],
          [
            -69.3652447,
            -31.2471079
          ],
          [
            -69.3654005,
            -31.2471643
          ],
          [
            -69.3655636,
            -31.247163
          ],
          [
            -69.3657544,
            -31.2471795
          ],
          [
            -69.3659453,
            -31.2471987
          ],
          [
            -69.3663572,
            -31.2474469
          ],
          [
            -69.3670251,
            -31.2480048
          ],
          [
            -69.3676714,
            -31.248518
          ],
          [
            -69.3681678,
            -31.2488478
          ],
          [
            -69.3685861,
            -31.2490596
          ],
          [
            -69.3688114,
            -31.2491743
          ],
          [
            -69.3689616,
            -31.249321
          ],
          [
            -69.3692298,
            -31.249642
          ],
          [
            -69.369321,
            -31.2497338
          ],
          [
            -69.3694337,
            -31.2498301
          ],
          [
            -69.3697556,
            -31.2500777
          ],
          [
            -69.3700275,
            -31.2503924
          ],
          [
            -69.3701447,
            -31.2505879
          ],
          [
            -69.3703188,
            -31.2510087
          ],
          [
            -69.3704637,
            -31.2512335
          ],
          [
            -69.3706184,
            -31.2513845
          ],
          [
            -69.3707909,
            -31.2515315
          ],
          [
            -69.3710401,
            -31.2517061
          ],
          [
            -69.3713655,
            -31.2518567
          ],
          [
            -69.3720196,
            -31.2520219
          ],
          [
            -69.3725719,
            -31.2521323
          ],
          [
            -69.3729545,
            -31.2522655
          ],
          [
            -69.3735879,
            -31.2526373
          ],
          [
            -69.374495,
            -31.2532659
          ],
          [
            -69.3748569,
            -31.2536219
          ],
          [
            -69.3750861,
            -31.2539092
          ],
          [
            -69.3752965,
            -31.2542813
          ],
          [
            -69.3754204,
            -31.254561
          ],
          [
            -69.3758153,
            -31.2549652
          ],
          [
            -69.3761768,
            -31.2552186
          ],
          [
            -69.3766064,
            -31.2554199
          ],
          [
            -69.3772322,
            -31.2555847
          ],
          [
            -69.3788805,
            -31.2562137
          ],
          [
            -69.3792534,
            -31.2563828
          ],
          [
            -69.379491,
            -31.256589
          ],
          [
            -69.3801679,
            -31.2572639
          ],
          [
            -69.3804039,
            -31.2574702
          ],
          [
            -69.3806239,
            -31.257617
          ],
          [
            -69.3812622,
            -31.2579609
          ],
          [
            -69.3813783,
            -31.2580622
          ],
          [
            -69.3815084,
            -31.2582499
          ],
          [
            -69.381568,
            -31.2583874
          ],
          [
            -69.3815841,
            -31.2585387
          ],
          [
            -69.381568,
            -31.2587772
          ],
          [
            -69.3814768,
            -31.2590569
          ],
          [
            -69.3814607,
            -31.2592724
          ],
          [
            -69.38145,
            -31.2594788
          ],
          [
            -69.3815144,
            -31.2597126
          ],
          [
            -69.3816056,
            -31.2598823
          ],
          [
            -69.381786,
            -31.260086
          ],
          [
            -69.3819703,
            -31.2603134
          ],
          [
            -69.3821098,
            -31.2604463
          ],
          [
            -69.382367,
            -31.260667
          ],
          [
            -69.3826141,
            -31.2607582
          ],
          [
            -69.3828286,
            -31.2608178
          ],
          [
            -69.383288,
            -31.260921
          ],
          [
            -69.384438,
            -31.2610791
          ],
          [
            -69.3846838,
            -31.2611417
          ],
          [
            -69.3848832,
            -31.2612488
          ],
          [
            -69.3850025,
            -31.26138
          ],
          [
            -69.3850809,
            -31.2615076
          ],
          [
            -69.3850133,
            -31.2621858
          ],
          [
            -69.3850924,
            -31.2625236
          ],
          [
            -69.3852289,
            -31.2627233
          ],
          [
            -69.3856727,
            -31.2631168
          ],
          [
            -69.3875888,
            -31.26431
          ],
          [
            -69.3880132,
            -31.2646512
          ],
          [
            -69.3881984,
            -31.2648117
          ],
          [
            -69.3883433,
            -31.2650135
          ],
          [
            -69.3885393,
            -31.265281
          ],
          [
            -69.3892491,
            -31.2665347
          ],
          [
            -69.3893205,
            -31.2667424
          ],
          [
            -69.3893733,
            -31.2670356
          ],
          [
            -69.3893606,
            -31.2672253
          ],
          [
            -69.389287,
            -31.2674561
          ],
          [
            -69.3892338,
            -31.2677326
          ],
          [
            -69.3892549,
            -31.2680289
          ],
          [
            -69.3893792,
            -31.2683486
          ],
          [
            -69.3901806,
            -31.2695912
          ],
          [
            -69.3903978,
            -31.2699197
          ],
          [
            -69.3905934,
            -31.2700843
          ],
          [
            -69.3908001,
            -31.2701902
          ],
          [
            -69.3912624,
            -31.2703249
          ],
          [
            -69.3920575,
            -31.2705988
          ],
          [
            -69.3937211,
            -31.2710104
          ],
          [
            -69.3940403,
            -31.2711027
          ],
          [
            -69.3943472,
            -31.2712189
          ],
          [
            -69.3949669,
            -31.2714483
          ],
          [
            -69.3953223,
            -31.2716666
          ],
          [
            -69.3958425,
            -31.2719303
          ],
          [
            -69.3987063,
            -31.2730431
          ],
          [
            -69.40169,
            -31.2741059
          ],
          [
            -69.4022693,
            -31.2742939
          ],
          [
            -69.4030578,
            -31.2744635
          ],
          [
            -69.4034709,
            -31.2745872
          ],
          [
            -69.4037403,
            -31.2747377
          ],
          [
            -69.4040624,
            -31.2750014
          ],
          [
            -69.4045069,
            -31.2755004
          ],
          [
            -69.4053699,
            -31.2763387
          ],
          [
            -69.4056166,
            -31.2765908
          ],
          [
            -69.4057133,
            -31.2768338
          ],
          [
            -69.405742,
            -31.27703
          ],
          [
            -69.405791,
            -31.277322
          ],
          [
            -69.4058313,
            -31.2774895
          ],
          [
            -69.4059117,
            -31.2776224
          ],
          [
            -69.406161,
            -31.2777989
          ],
          [
            -69.4063731,
            -31.2779342
          ],
          [
            -69.4065529,
            -31.2781333
          ],
          [
            -69.4067057,
            -31.2783881
          ],
          [
            -69.4070436,
            -31.2787044
          ],
          [
            -69.4071885,
            -31.2788465
          ],
          [
            -69.4072743,
            -31.2790116
          ],
          [
            -69.4072958,
            -31.2791721
          ],
          [
            -69.4072743,
            -31.2793646
          ],
          [
            -69.4072368,
            -31.2795022
          ],
          [
            -69.4072099,
            -31.279603
          ],
          [
            -69.407226,
            -31.279713
          ],
          [
            -69.4072528,
            -31.2798139
          ],
          [
            -69.407285,
            -31.2799423
          ],
          [
            -69.4073011,
            -31.2801303
          ],
          [
            -69.4072797,
            -31.2803641
          ],
          [
            -69.4071992,
            -31.2807996
          ],
          [
            -69.4071938,
            -31.28096
          ],
          [
            -69.4071938,
            -31.2811114
          ],
          [
            -69.407269,
            -31.2812718
          ],
          [
            -69.4073299,
            -31.2814027
          ],
          [
            -69.4074674,
            -31.2816891
          ],
          [
            -69.4076219,
            -31.2820558
          ],
          [
            -69.4079386,
            -31.2831154
          ],
          [
            -69.4084005,
            -31.2845259
          ],
          [
            -69.4084708,
            -31.2849189
          ],
          [
            -69.4084491,
            -31.2851687
          ],
          [
            -69.4084094,
            -31.2853917
          ],
          [
            -69.4083131,
            -31.285815
          ],
          [
            -69.4082673,
            -31.2861247
          ],
          [
            -69.4082998,
            -31.2863262
          ],
          [
            -69.4083794,
            -31.2865256
          ],
          [
            -69.408477,
            -31.2867
          ],
          [
            -69.409172,
            -31.287814
          ],
          [
            -69.409424,
            -31.2881907
          ],
          [
            -69.4096131,
            -31.2885106
          ],
          [
            -69.4097062,
            -31.2887676
          ],
          [
            -69.4097194,
            -31.2890156
          ],
          [
            -69.4096928,
            -31.2893751
          ],
          [
            -69.409574,
            -31.290607
          ],
          [
            -69.4094381,
            -31.2916063
          ],
          [
            -69.4094147,
            -31.2920037
          ],
          [
            -69.4094377,
            -31.292239
          ],
          [
            -69.4095416,
            -31.2925052
          ],
          [
            -69.4098388,
            -31.2931292
          ],
          [
            -69.4099333,
            -31.2935163
          ],
          [
            -69.4100525,
            -31.2943515
          ],
          [
            -69.4101233,
            -31.2950238
          ],
          [
            -69.4100906,
            -31.2953867
          ],
          [
            -69.4100561,
            -31.2956646
          ],
          [
            -69.4099182,
            -31.296313
          ],
          [
            -69.4098854,
            -31.2967971
          ],
          [
            -69.4098814,
            -31.2970736
          ],
          [
            -69.409909,
            -31.297325
          ],
          [
            -69.4101248,
            -31.2983063
          ],
          [
            -69.4102515,
            -31.2991134
          ],
          [
            -69.4102646,
            -31.299489
          ],
          [
            -69.4101944,
            -31.3001668
          ],
          [
            -69.4101925,
            -31.3003784
          ],
          [
            -69.410221,
            -31.300569
          ],
          [
            -69.4103269,
            -31.3008361
          ],
          [
            -69.4104436,
            -31.3010983
          ],
          [
            -69.4106441,
            -31.3014155
          ],
          [
            -69.4109978,
            -31.301747
          ],
          [
            -69.4122375,
            -31.3027302
          ],
          [
            -69.4135324,
            -31.3037706
          ],
          [
            -69.4138666,
            -31.3040884
          ],
          [
            -69.4140168,
            -31.3043515
          ],
          [
            -69.4141893,
            -31.3047181
          ],
          [
            -69.4143041,
            -31.3050348
          ],
          [
            -69.4144041,
            -31.3053621
          ],
          [
            -69.414442,
            -31.3057484
          ],
          [
            -69.4144558,
            -31.3060791
          ],
          [
            -69.4144319,
            -31.3063048
          ],
          [
            -69.4144034,
            -31.3064957
          ],
          [
            -69.4143126,
            -31.3066681
          ],
          [
            -69.414246,
            -31.306809
          ],
          [
            -69.4138882,
            -31.3073835
          ],
          [
            -69.412884,
            -31.308733
          ],
          [
            -69.4127232,
            -31.3089249
          ],
          [
            -69.412615,
            -31.3090872
          ],
          [
            -69.4125293,
            -31.3092675
          ],
          [
            -69.4124826,
            -31.3094421
          ],
          [
            -69.4124332,
            -31.3097164
          ],
          [
            -69.4123993,
            -31.3100294
          ],
          [
            -69.4123958,
            -31.310286
          ],
          [
            -69.4123937,
            -31.3104492
          ],
          [
            -69.4124101,
            -31.3106252
          ],
          [
            -69.412469,
            -31.310901
          ],
          [
            -69.4125673,
            -31.3111833
          ],
          [
            -69.4127782,
            -31.3115847
          ],
          [
            -69.4133991,
            -31.3129987
          ],
          [
            -69.4134142,
            -31.3130327
          ],
          [
            -69.4140111,
            -31.3143267
          ],
          [
            -69.4142761,
            -31.3149013
          ],
          [
            -69.415215,
            -31.3163462
          ],
          [
            -69.4153292,
            -31.3166201
          ],
          [
            -69.4153915,
            -31.3168605
          ],
          [
            -69.4154406,
            -31.3171291
          ],
          [
            -69.4153872,
            -31.3175703
          ],
          [
            -69.4153269,
            -31.3178581
          ],
          [
            -69.415239,
            -31.318206
          ],
          [
            -69.4150211,
            -31.318793
          ],
          [
            -69.4147721,
            -31.319294
          ],
          [
            -69.4143984,
            -31.3198651
          ],
          [
            -69.4140395,
            -31.3205298
          ],
          [
            -69.4137015,
            -31.321034
          ],
          [
            -69.4134172,
            -31.3213823
          ],
          [
            -69.4131865,
            -31.321648
          ],
          [
            -69.4130363,
            -31.3218267
          ],
          [
            -69.4128861,
            -31.3220284
          ],
          [
            -69.4127359,
            -31.32223
          ],
          [
            -69.4124998,
            -31.3225875
          ],
          [
            -69.4124033,
            -31.3228945
          ],
          [
            -69.4123389,
            -31.3234031
          ],
          [
            -69.4121391,
            -31.3251556
          ],
          [
            -69.4119729,
            -31.3266443
          ],
          [
            -69.4119654,
            -31.3269846
          ],
          [
            -69.4120436,
            -31.3272642
          ],
          [
            -69.4121604,
            -31.3276149
          ],
          [
            -69.4121781,
            -31.3277479
          ],
          [
            -69.4121498,
            -31.3279112
          ],
          [
            -69.4120931,
            -31.3280533
          ],
          [
            -69.4117749,
            -31.3284575
          ],
          [
            -69.4116826,
            -31.3286821
          ],
          [
            -69.4116703,
            -31.3289254
          ],
          [
            -69.4118206,
            -31.3292686
          ],
          [
            -69.4118843,
            -31.3293835
          ],
          [
            -69.4119056,
            -31.3294863
          ],
          [
            -69.4118879,
            -31.3296253
          ],
          [
            -69.4116842,
            -31.3299728
          ],
          [
            -69.4115195,
            -31.3303225
          ],
          [
            -69.4114561,
            -31.3306169
          ],
          [
            -69.4114471,
            -31.3307741
          ],
          [
            -69.4114841,
            -31.3309283
          ],
          [
            -69.4115973,
            -31.3311565
          ],
          [
            -69.4117692,
            -31.3313259
          ],
          [
            -69.4118844,
            -31.3314088
          ],
          [
            -69.4120617,
            -31.3315911
          ],
          [
            -69.4121209,
            -31.3317184
          ],
          [
            -69.4121226,
            -31.3318766
          ],
          [
            -69.4119785,
            -31.3321387
          ],
          [
            -69.4117506,
            -31.3326689
          ],
          [
            -69.4114906,
            -31.3331304
          ],
          [
            -69.4113026,
            -31.3333193
          ],
          [
            -69.4105193,
            -31.3339104
          ],
          [
            -69.410177,
            -31.3341773
          ],
          [
            -69.4099719,
            -31.3344728
          ],
          [
            -69.4097738,
            -31.3348743
          ],
          [
            -69.4086909,
            -31.3372074
          ],
          [
            -69.4085866,
            -31.3374664
          ],
          [
            -69.4084784,
            -31.3378042
          ],
          [
            -69.4084371,
            -31.3381143
          ],
          [
            -69.4084832,
            -31.3384203
          ],
          [
            -69.4087414,
            -31.3393658
          ],
          [
            -69.4088017,
            -31.3396218
          ],
          [
            -69.4088739,
            -31.3399392
          ],
          [
            -69.4088883,
            -31.3401848
          ],
          [
            -69.4088432,
            -31.340458
          ],
          [
            -69.4087629,
            -31.3407033
          ],
          [
            -69.4082149,
            -31.3417626
          ],
          [
            -69.4080729,
            -31.3421437
          ],
          [
            -69.4079581,
            -31.3425012
          ],
          [
            -69.4078884,
            -31.34289
          ],
          [
            -69.4078619,
            -31.3432506
          ],
          [
            -69.4078804,
            -31.3436169
          ],
          [
            -69.4079208,
            -31.3440308
          ],
          [
            -69.4080142,
            -31.3444905
          ],
          [
            -69.4082326,
            -31.3453251
          ],
          [
            -69.4084914,
            -31.3462321
          ],
          [
            -69.4086972,
            -31.3469336
          ],
          [
            -69.4089929,
            -31.3476755
          ],
          [
            -69.4091535,
            -31.3480076
          ],
          [
            -69.4102682,
            -31.3501347
          ],
          [
            -69.4114673,
            -31.3523758
          ],
          [
            -69.412174,
            -31.3537502
          ],
          [
            -69.4125424,
            -31.3544984
          ],
          [
            -69.412698,
            -31.354887
          ],
          [
            -69.4128071,
            -31.3552927
          ],
          [
            -69.4129072,
            -31.355803
          ],
          [
            -69.4129642,
            -31.3563574
          ],
          [
            -69.4130477,
            -31.3576918
          ],
          [
            -69.4131469,
            -31.3582314
          ],
          [
            -69.4132195,
            -31.3586367
          ],
          [
            -69.413308,
            -31.3589973
          ],
          [
            -69.4134965,
            -31.3596796
          ],
          [
            -69.414179,
            -31.362069
          ],
          [
            -69.4155878,
            -31.3672916
          ],
          [
            -69.4160732,
            -31.3691343
          ],
          [
            -69.4163896,
            -31.370482
          ],
          [
            -69.4164416,
            -31.3707701
          ],
          [
            -69.4164718,
            -31.3710558
          ],
          [
            -69.4165021,
            -31.3716723
          ],
          [
            -69.4165041,
            -31.372041
          ],
          [
            -69.4165197,
            -31.3723566
          ],
          [
            -69.4165664,
            -31.3728031
          ],
          [
            -69.4166774,
            -31.3732634
          ],
          [
            -69.4167947,
            -31.3737574
          ],
          [
            -69.4168342,
            -31.3741629
          ],
          [
            -69.4168302,
            -31.3744836
          ],
          [
            -69.4166358,
            -31.3758189
          ],
          [
            -69.4165831,
            -31.3761281
          ],
          [
            -69.4165508,
            -31.3762911
          ],
          [
            -69.4165092,
            -31.3764632
          ],
          [
            -69.4164599,
            -31.3766128
          ],
          [
            -69.4164032,
            -31.3767512
          ],
          [
            -69.4163259,
            -31.3768975
          ],
          [
            -69.4162378,
            -31.3770425
          ],
          [
            -69.4161479,
            -31.3771799
          ],
          [
            -69.4160301,
            -31.3773332
          ],
          [
            -69.4158074,
            -31.3775825
          ],
          [
            -69.4153868,
            -31.3780339
          ],
          [
            -69.4149968,
            -31.3784506
          ],
          [
            -69.4148178,
            -31.3786484
          ],
          [
            -69.4146589,
            -31.3788198
          ],
          [
            -69.4145371,
            -31.3789599
          ],
          [
            -69.4144199,
            -31.3791092
          ],
          [
            -69.4143181,
            -31.3792526
          ],
          [
            -69.4142399,
            -31.3793722
          ],
          [
            -69.4141555,
            -31.3795259
          ],
          [
            -69.4140867,
            -31.3796808
          ],
          [
            -69.4140301,
            -31.379816
          ],
          [
            -69.4139669,
            -31.380014
          ],
          [
            -69.4139283,
            -31.380179
          ],
          [
            -69.4139029,
            -31.3803328
          ],
          [
            -69.413896,
            -31.3805036
          ],
          [
            -69.4138962,
            -31.3806591
          ],
          [
            -69.4139026,
            -31.3808067
          ],
          [
            -69.4139194,
            -31.3809423
          ],
          [
            -69.4139409,
            -31.3810661
          ],
          [
            -69.4139746,
            -31.381211
          ],
          [
            -69.4140515,
            -31.3815062
          ],
          [
            -69.4151686,
            -31.3857718
          ],
          [
            -69.4153345,
            -31.3863966
          ],
          [
            -69.4154621,
            -31.3868945
          ],
          [
            -69.4158224,
            -31.388347
          ],
          [
            -69.4159602,
            -31.3888941
          ],
          [
            -69.4159986,
            -31.3892323
          ],
          [
            -69.4159961,
            -31.3895589
          ],
          [
            -69.4158746,
            -31.3902047
          ],
          [
            -69.4157896,
            -31.3904387
          ],
          [
            -69.4157065,
            -31.3906671
          ],
          [
            -69.4154824,
            -31.3911535
          ],
          [
            -69.4153126,
            -31.3914314
          ],
          [
            -69.414322,
            -31.393052
          ],
          [
            -69.4130925,
            -31.3951273
          ],
          [
            -69.4123503,
            -31.3963958
          ],
          [
            -69.4121753,
            -31.3966464
          ],
          [
            -69.4116838,
            -31.3973097
          ],
          [
            -69.411257,
            -31.3976973
          ],
          [
            -69.4107969,
            -31.3980417
          ],
          [
            -69.409901,
            -31.3986382
          ],
          [
            -69.4095953,
            -31.3988659
          ],
          [
            -69.4094044,
            -31.3990376
          ],
          [
            -69.409218,
            -31.3993387
          ],
          [
            -69.4090857,
            -31.399668
          ],
          [
            -69.4090218,
            -31.4000018
          ],
          [
            -69.4090959,
            -31.4004584
          ],
          [
            -69.4095185,
            -31.4014258
          ],
          [
            -69.4095868,
            -31.4017379
          ],
          [
            -69.4095992,
            -31.4018809
          ],
          [
            -69.4095382,
            -31.4021951
          ],
          [
            -69.4094354,
            -31.4025763
          ],
          [
            -69.4093221,
            -31.4028556
          ],
          [
            -69.4086024,
            -31.4045716
          ],
          [
            -69.4083914,
            -31.4048311
          ],
          [
            -69.4081925,
            -31.4050156
          ],
          [
            -69.4077548,
            -31.4052466
          ],
          [
            -69.4066941,
            -31.4057537
          ],
          [
            -69.4063847,
            -31.4059333
          ],
          [
            -69.4061517,
            -31.4061398
          ],
          [
            -69.405923,
            -31.4064187
          ],
          [
            -69.4057266,
            -31.4067953
          ],
          [
            -69.4056365,
            -31.4071633
          ],
          [
            -69.4056156,
            -31.4073941
          ],
          [
            -69.4056396,
            -31.4077002
          ],
          [
            -69.4059291,
            -31.4097312
          ],
          [
            -69.4059556,
            -31.4100874
          ],
          [
            -69.4059023,
            -31.4104515
          ],
          [
            -69.4057928,
            -31.4107199
          ],
          [
            -69.4052329,
            -31.4117018
          ],
          [
            -69.4050325,
            -31.4122221
          ],
          [
            -69.4049798,
            -31.4125607
          ],
          [
            -69.4049849,
            -31.4129048
          ],
          [
            -69.4050974,
            -31.4132261
          ],
          [
            -69.4052745,
            -31.413613
          ],
          [
            -69.4056651,
            -31.4144319
          ],
          [
            -69.4058492,
            -31.4148148
          ],
          [
            -69.4059645,
            -31.4151124
          ],
          [
            -69.4060477,
            -31.4154101
          ],
          [
            -69.4063463,
            -31.4167286
          ],
          [
            -69.406826,
            -31.4189564
          ],
          [
            -69.4070408,
            -31.419972
          ],
          [
            -69.4074678,
            -31.4218923
          ],
          [
            -69.4076328,
            -31.4225784
          ],
          [
            -69.4077589,
            -31.4230479
          ],
          [
            -69.4079045,
            -31.4235198
          ],
          [
            -69.408846,
            -31.425402
          ],
          [
            -69.4089264,
            -31.4256562
          ],
          [
            -69.4089908,
            -31.4259242
          ],
          [
            -69.4090486,
            -31.4261987
          ],
          [
            -69.4090769,
            -31.4265068
          ],
          [
            -69.4090666,
            -31.4269585
          ],
          [
            -69.4089718,
            -31.427505
          ],
          [
            -69.4087299,
            -31.4283786
          ],
          [
            -69.4084398,
            -31.4292248
          ],
          [
            -69.407802,
            -31.431196
          ],
          [
            -69.406232,
            -31.436078
          ],
          [
            -69.4059418,
            -31.4370051
          ],
          [
            -69.4057159,
            -31.437914
          ],
          [
            -69.4055975,
            -31.4386101
          ],
          [
            -69.405563,
            -31.439316
          ],
          [
            -69.4054244,
            -31.4418594
          ],
          [
            -69.4053678,
            -31.4423123
          ],
          [
            -69.4052761,
            -31.4427521
          ],
          [
            -69.405042,
            -31.4432892
          ],
          [
            -69.404503,
            -31.444086
          ],
          [
            -69.4006041,
            -31.4497521
          ],
          [
            -69.4003861,
            -31.450073
          ],
          [
            -69.4002502,
            -31.4503909
          ],
          [
            -69.4001735,
            -31.4508184
          ],
          [
            -69.4001842,
            -31.4513436
          ],
          [
            -69.4004681,
            -31.452701
          ],
          [
            -69.4004825,
            -31.4530822
          ],
          [
            -69.40039,
            -31.453403
          ],
          [
            -69.400266,
            -31.4536222
          ],
          [
            -69.4000779,
            -31.4538626
          ],
          [
            -69.3994717,
            -31.4545337
          ],
          [
            -69.3992404,
            -31.4549249
          ],
          [
            -69.3990874,
            -31.4553103
          ],
          [
            -69.3989758,
            -31.4558311
          ],
          [
            -69.398832,
            -31.456453
          ],
          [
            -69.398636,
            -31.45758
          ],
          [
            -69.3985726,
            -31.4580155
          ],
          [
            -69.3985568,
            -31.4584223
          ],
          [
            -69.398578,
            -31.459176
          ],
          [
            -69.3987652,
            -31.4624416
          ],
          [
            -69.3988109,
            -31.4636474
          ],
          [
            -69.3988632,
            -31.4641438
          ],
          [
            -69.398801,
            -31.4649113
          ],
          [
            -69.3984277,
            -31.4667541
          ],
          [
            -69.3983941,
            -31.4670919
          ],
          [
            -69.3983806,
            -31.467452
          ],
          [
            -69.3984012,
            -31.4677184
          ],
          [
            -69.3984729,
            -31.467977
          ],
          [
            -69.398635,
            -31.468371
          ],
          [
            -69.3991673,
            -31.4691973
          ],
          [
            -69.3994976,
            -31.4697345
          ],
          [
            -69.3996193,
            -31.4700937
          ],
          [
            -69.3996326,
            -31.470452
          ],
          [
            -69.3995459,
            -31.4716215
          ],
          [
            -69.3995257,
            -31.4720793
          ],
          [
            -69.3995751,
            -31.472409
          ],
          [
            -69.3997446,
            -31.4731203
          ],
          [
            -69.3999329,
            -31.4738422
          ],
          [
            -69.4002397,
            -31.4750053
          ],
          [
            -69.4004483,
            -31.4760373
          ],
          [
            -69.4005243,
            -31.4765579
          ],
          [
            -69.4006127,
            -31.4772796
          ],
          [
            -69.4006657,
            -31.4775781
          ],
          [
            -69.4008614,
            -31.4791777
          ],
          [
            -69.4010855,
            -31.4809954
          ],
          [
            -69.4011407,
            -31.4814709
          ],
          [
            -69.4012581,
            -31.4825528
          ],
          [
            -69.4015137,
            -31.4844383
          ],
          [
            -69.4015702,
            -31.4848885
          ],
          [
            -69.4016809,
            -31.485756
          ],
          [
            -69.4019889,
            -31.4883321
          ],
          [
            -69.4021151,
            -31.4894035
          ],
          [
            -69.402209,
            -31.490098
          ],
          [
            -69.4023645,
            -31.4911044
          ],
          [
            -69.4025122,
            -31.4916321
          ],
          [
            -69.40271,
            -31.4921725
          ],
          [
            -69.4029187,
            -31.4926857
          ],
          [
            -69.4031782,
            -31.493162
          ],
          [
            -69.4036128,
            -31.4938023
          ],
          [
            -69.4040594,
            -31.4943469
          ],
          [
            -69.4057962,
            -31.4962463
          ],
          [
            -69.407012,
            -31.4976021
          ],
          [
            -69.4080625,
            -31.4987119
          ],
          [
            -69.4088629,
            -31.4995922
          ],
          [
            -69.4096149,
            -31.5004325
          ],
          [
            -69.4100492,
            -31.5009674
          ],
          [
            -69.4103445,
            -31.5014078
          ],
          [
            -69.4106488,
            -31.5019695
          ],
          [
            -69.4108975,
            -31.5025574
          ],
          [
            -69.411064,
            -31.5030741
          ],
          [
            -69.4112349,
            -31.5038769
          ],
          [
            -69.411363,
            -31.5047563
          ],
          [
            -69.411587,
            -31.50654
          ],
          [
            -69.4119732,
            -31.5099606
          ],
          [
            -69.4122141,
            -31.5120326
          ],
          [
            -69.412508,
            -31.5145945
          ],
          [
            -69.412959,
            -31.518553
          ],
          [
            -69.4130525,
            -31.5188578
          ],
          [
            -69.4131328,
            -31.519034
          ],
          [
            -69.413233,
            -31.519187
          ],
          [
            -69.4135802,
            -31.5196968
          ],
          [
            -69.4141581,
            -31.5202748
          ],
          [
            -69.4159309,
            -31.5219554
          ],
          [
            -69.4163108,
            -31.5223513
          ],
          [
            -69.4164896,
            -31.522584
          ],
          [
            -69.4174164,
            -31.5244415
          ],
          [
            -69.4179159,
            -31.5252626
          ],
          [
            -69.4182434,
            -31.5257196
          ],
          [
            -69.418736,
            -31.526433
          ],
          [
            -69.420947,
            -31.529543
          ],
          [
            -69.4239137,
            -31.5332559
          ],
          [
            -69.4242914,
            -31.5337573
          ],
          [
            -69.4244971,
            -31.5340487
          ],
          [
            -69.4246494,
            -31.534293
          ],
          [
            -69.4248211,
            -31.5345801
          ],
          [
            -69.4249454,
            -31.5349112
          ],
          [
            -69.4250306,
            -31.5352404
          ],
          [
            -69.4252247,
            -31.5363412
          ],
          [
            -69.4253912,
            -31.5368154
          ],
          [
            -69.425561,
            -31.5372003
          ],
          [
            -69.4257845,
            -31.5376053
          ],
          [
            -69.4260374,
            -31.5381044
          ],
          [
            -69.4262491,
            -31.5385463
          ],
          [
            -69.4267036,
            -31.5392069
          ],
          [
            -69.4281718,
            -31.5410538
          ],
          [
            -69.429314,
            -31.5428355
          ],
          [
            -69.4299935,
            -31.5439334
          ],
          [
            -69.4305692,
            -31.544869
          ],
          [
            -69.431174,
            -31.546049
          ],
          [
            -69.4316499,
            -31.5470642
          ],
          [
            -69.4319638,
            -31.5477461
          ],
          [
            -69.4321971,
            -31.5481619
          ],
          [
            -69.4323651,
            -31.5484172
          ],
          [
            -69.4326095,
            -31.5487414
          ],
          [
            -69.4337097,
            -31.5496762
          ],
          [
            -69.4344034,
            -31.550207
          ],
          [
            -69.4347783,
            -31.5505074
          ],
          [
            -69.4352064,
            -31.5508539
          ],
          [
            -69.4355765,
            -31.5512174
          ],
          [
            -69.4358686,
            -31.5516125
          ],
          [
            -69.436088,
            -31.5520226
          ],
          [
            -69.4362953,
            -31.5525156
          ],
          [
            -69.436469,
            -31.5530801
          ],
          [
            -69.4368477,
            -31.5545417
          ],
          [
            -69.4371923,
            -31.5557443
          ],
          [
            -69.43744,
            -31.5566008
          ],
          [
            -69.4376116,
            -31.5569371
          ],
          [
            -69.4377892,
            -31.5572332
          ],
          [
            -69.4380942,
            -31.5575887
          ],
          [
            -69.438674,
            -31.558081
          ],
          [
            -69.4409015,
            -31.5597853
          ],
          [
            -69.4422109,
            -31.5607806
          ],
          [
            -69.4427276,
            -31.5612149
          ],
          [
            -69.4430886,
            -31.5615828
          ],
          [
            -69.4433646,
            -31.5619628
          ],
          [
            -69.4437769,
            -31.5625244
          ]
        ]
      }
    }
  ]
}
