{
  "type": "FeatureCollection",
  "features": [
    {
      "type": "Feature",
      "id": "osm-way-179986953",
      "properties": {
        "highway": "tertiary",
        "lanes": "2",
        "lit": "yes",
        "maxspeed": "40",
        "name": "Ruta Provincial 406",
        "oneway": "no",
        "ref": "RP406",
        "surface": "asphalt",
        "osmWayId": 179986953,
        "sourceFeatureId": "osm-way-179986953",
        "selectedForCorridor": "los-azules",
        "selectionMethod": "reviewed source-junction clip between pinned coordinates",
        "selectionLengthKm": 2.949361,
        "sourceGeometryClipped": true
      },
      "geometry": {
        "type": "LineString",
        "coordinates": [
          [
            -69.4277838,
            -31.3473333
          ],
          [
            -69.4278163,
            -31.3474191
          ],
          [
            -69.4278587,
            -31.3474992
          ],
          [
            -69.4279236,
            -31.3475794
          ],
          [
            -69.4280013,
            -31.3476688
          ],
          [
            -69.4280835,
            -31.3477557
          ],
          [
            -69.4281864,
            -31.3478532
          ],
          [
            -69.4282655,
            -31.3479342
          ],
          [
            -69.4283514,
            -31.3480165
          ],
          [
            -69.4284238,
            -31.3480754
          ],
          [
            -69.4285017,
            -31.3481274
          ],
          [
            -69.4285552,
            -31.3481613
          ],
          [
            -69.4286169,
            -31.348191
          ],
          [
            -69.4287108,
            -31.34823
          ],
          [
            -69.42879,
            -31.3482684
          ],
          [
            -69.4288664,
            -31.3483079
          ],
          [
            -69.4289226,
            -31.3483424
          ],
          [
            -69.4289736,
            -31.3483915
          ],
          [
            -69.4290259,
            -31.348451
          ],
          [
            -69.4290575,
            -31.3484963
          ],
          [
            -69.429097,
            -31.3485581
          ],
          [
            -69.4291299,
            -31.3486051
          ],
          [
            -69.4291587,
            -31.3486433
          ],
          [
            -69.4292101,
            -31.3486954
          ],
          [
            -69.4292687,
            -31.3487477
          ],
          [
            -69.4293083,
            -31.348778
          ],
          [
            -69.4293572,
            -31.3488124
          ],
          [
            -69.4294316,
            -31.3488611
          ],
          [
            -69.4295449,
            -31.3489358
          ],
          [
            -69.4295959,
            -31.3489699
          ],
          [
            -69.4296455,
            -31.3490002
          ],
          [
            -69.4296952,
            -31.3490323
          ],
          [
            -69.4297455,
            -31.3490638
          ],
          [
            -69.4298021,
            -31.3490961
          ],
          [
            -69.4298615,
            -31.3491285
          ],
          [
            -69.4299432,
            -31.3491635
          ],
          [
            -69.430013,
            -31.3491886
          ],
          [
            -69.4300774,
            -31.3492098
          ],
          [
            -69.4301705,
            -31.3492377
          ],
          [
            -69.4302477,
            -31.3492573
          ],
          [
            -69.4303107,
            -31.3492717
          ],
          [
            -69.4303818,
            -31.3492831
          ],
          [
            -69.4304448,
            -31.3492917
          ],
          [
            -69.4305119,
            -31.349298
          ],
          [
            -69.4305789,
            -31.3492997
          ],
          [
            -69.4306514,
            -31.349302
          ],
          [
            -69.4307043,
            -31.3493032
          ],
          [
            -69.4307613,
            -31.3493072
          ],
          [
            -69.4308096,
            -31.3493146
          ],
          [
            -69.4308552,
            -31.3493272
          ],
          [
            -69.4308948,
            -31.3493415
          ],
          [
            -69.4309333,
            -31.3493586
          ],
          [
            -69.4309739,
            -31.349381
          ],
          [
            -69.4310014,
            -31.3494005
          ],
          [
            -69.4310349,
            -31.3494286
          ],
          [
            -69.4310644,
            -31.3494624
          ],
          [
            -69.4310927,
            -31.3494953
          ],
          [
            -69.431163,
            -31.3495895
          ],
          [
            -69.4312364,
            -31.3496926
          ],
          [
            -69.4312897,
            -31.3497624
          ],
          [
            -69.4313266,
            -31.3498065
          ],
          [
            -69.4313672,
            -31.3498535
          ],
          [
            -69.4314815,
            -31.349972
          ],
          [
            -69.4316062,
            -31.3500917
          ],
          [
            -69.4317357,
            -31.3502143
          ],
          [
            -69.431861,
            -31.3503394
          ],
          [
            -69.431975,
            -31.3504553
          ],
          [
            -69.4321024,
            -31.3505813
          ],
          [
            -69.4322768,
            -31.3507497
          ],
          [
            -69.4323809,
            -31.3508479
          ],
          [
            -69.4325115,
            -31.3509713
          ],
          [
            -69.4326369,
            -31.3510818
          ],
          [
            -69.4327629,
            -31.3511912
          ],
          [
            -69.4329621,
            -31.3513533
          ],
          [
            -69.4330788,
            -31.3514495
          ],
          [
            -69.4331869,
            -31.3515353
          ],
          [
            -69.4333671,
            -31.3516814
          ],
          [
            -69.4334972,
            -31.3517839
          ],
          [
            -69.4336521,
            -31.3519133
          ],
          [
            -69.4337399,
            -31.3519889
          ],
          [
            -69.433811,
            -31.3520504
          ],
          [
            -69.4338559,
            -31.3520925
          ],
          [
            -69.4339069,
            -31.3521378
          ],
          [
            -69.433982,
            -31.3521968
          ],
          [
            -69.4340249,
            -31.35223
          ],
          [
            -69.4340779,
            -31.3522655
          ],
          [
            -69.4341208,
            -31.3522958
          ],
          [
            -69.4341707,
            -31.3523265
          ],
          [
            -69.4342221,
            -31.352356
          ],
          [
            -69.4342697,
            -31.35238
          ],
          [
            -69.4343421,
            -31.3524155
          ],
          [
            -69.4345402,
            -31.3525038
          ],
          [
            -69.4350287,
            -31.3527024
          ],
          [
            -69.4352195,
            -31.3527829
          ],
          [
            -69.4353265,
            -31.3528249
          ],
          [
            -69.4354659,
            -31.3528776
          ],
          [
            -69.4355612,
            -31.3529085
          ],
          [
            -69.4356577,
            -31.3529303
          ],
          [
            -69.4357516,
            -31.3529486
          ],
          [
            -69.4358655,
            -31.3529699
          ],
          [
            -69.4360309,
            -31.3529976
          ],
          [
            -69.4361673,
            -31.3530345
          ],
          [
            -69.436284,
            -31.3530769
          ],
          [
            -69.4363956,
            -31.3531188
          ],
          [
            -69.4365469,
            -31.3531891
          ],
          [
            -69.4366795,
            -31.3532519
          ],
          [
            -69.4367841,
            -31.3533076
          ],
          [
            -69.4368111,
            -31.353322
          ],
          [
            -69.4369251,
            -31.353385
          ],
          [
            -69.4370417,
            -31.3534537
          ],
          [
            -69.4372072,
            -31.3535617
          ],
          [
            -69.4373301,
            -31.3536301
          ],
          [
            -69.4374709,
            -31.3537091
          ],
          [
            -69.4375929,
            -31.3537721
          ],
          [
            -69.4377091,
            -31.3538287
          ],
          [
            -69.4378799,
            -31.3539107
          ],
          [
            -69.438293,
            -31.354095
          ],
          [
            -69.4386376,
            -31.3542554
          ],
          [
            -69.4388429,
            -31.3543557
          ],
          [
            -69.4390869,
            -31.3544753
          ],
          [
            -69.4394061,
            -31.3546471
          ],
          [
            -69.4398757,
            -31.3548935
          ],
          [
            -69.4405125,
            -31.3552311
          ],
          [
            -69.4406252,
            -31.3552843
          ],
          [
            -69.4407436,
            -31.3553402
          ],
          [
            -69.4408183,
            -31.3553754
          ],
          [
            -69.4410932,
            -31.3555026
          ],
          [
            -69.4412955,
            -31.3555953
          ],
          [
            -69.4413923,
            -31.3556411
          ],
          [
            -69.4414419,
            -31.3556629
          ],
          [
            -69.4415056,
            -31.3556927
          ],
          [
            -69.4416095,
            -31.3557476
          ],
          [
            -69.4417523,
            -31.3558277
          ],
          [
            -69.4418603,
            -31.3558874
          ],
          [
            -69.4419998,
            -31.3559675
          ],
          [
            -69.4422774,
            -31.3561267
          ],
          [
            -69.4427923,
            -31.3564259
          ],
          [
            -69.4429319,
            -31.3565035
          ],
          [
            -69.4430834,
            -31.356586
          ],
          [
            -69.4434005,
            -31.3567547
          ],
          [
            -69.4436735,
            -31.3568952
          ],
          [
            -69.4437962,
            -31.3569576
          ],
          [
            -69.4438968,
            -31.3570063
          ],
          [
            -69.4439923,
            -31.3570512
          ],
          [
            -69.4442475,
            -31.3571631
          ],
          [
            -69.4445318,
            -31.3572765
          ],
          [
            -69.4448458,
            -31.3573959
          ],
          [
            -69.4453807,
            -31.3576041
          ],
          [
            -69.4459171,
            -31.3578279
          ],
          [
            -69.446923,
            -31.3581927
          ],
          [
            -69.447437,
            -31.3583914
          ],
          [
            -69.4478966,
            -31.3585866
          ],
          [
            -69.4482168,
            -31.3587224
          ],
          [
            -69.4482999,
            -31.3587577
          ],
          [
            -69.4483706,
            -31.3587856
          ],
          [
            -69.4487069,
            -31.3589185
          ],
          [
            -69.4491294,
            -31.35908
          ],
          [
            -69.4491814,
            -31.3590986
          ],
          [
            -69.4492476,
            -31.3591145
          ],
          [
            -69.4493068,
            -31.3591249
          ],
          [
            -69.4493524,
            -31.35913
          ],
          [
            -69.4493913,
            -31.3591362
          ],
          [
            -69.4494519,
            -31.3591413
          ],
          [
            -69.4495006,
            -31.3591444
          ],
          [
            -69.4495806,
            -31.3591495
          ],
          [
            -69.4497091,
            -31.3591535
          ],
          [
            -69.4498872,
            -31.3591625
          ],
          [
            -69.4500417,
            -31.3591701
          ],
          [
            -69.4502699,
            -31.3591793
          ],
          [
            -69.4503877,
            -31.3591833
          ],
          [
            -69.4504731,
            -31.3591894
          ],
          [
            -69.4505487,
            -31.3591948
          ],
          [
            -69.4506097,
            -31.3592016
          ],
          [
            -69.4506811,
            -31.3592133
          ],
          [
            -69.4507525,
            -31.3592329
          ],
          [
            -69.4508806,
            -31.359268
          ],
          [
            -69.4510557,
            -31.3593247
          ],
          [
            -69.4512628,
            -31.3593991
          ],
          [
            -69.4514117,
            -31.3594616
          ],
          [
            -69.4515386,
            -31.3595209
          ],
          [
            -69.451692,
            -31.3596002
          ],
          [
            -69.4518655,
            -31.3596997
          ],
          [
            -69.4520393,
            -31.3597891
          ],
          [
            -69.4521876,
            -31.3598606
          ],
          [
            -69.4522968,
            -31.3599082
          ],
          [
            -69.452424,
            -31.3599556
          ],
          [
            -69.4525999,
            -31.3600124
          ],
          [
            -69.4527764,
            -31.3600627
          ],
          [
            -69.452964,
            -31.3601155
          ],
          [
            -69.4531492,
            -31.3601674
          ],
          [
            -69.4535543,
            -31.3602776
          ],
          [
            -69.4539182,
            -31.3603617
          ],
          [
            -69.4540162,
            -31.3603801
          ]
        ]
      }
    },
    {
      "type": "Feature",
      "id": "osm-way-996528070",
      "properties": {
        "highway": "tertiary",
        "lanes": "2",
        "maxspeed": "60",
        "name": "Camino a La Alumbrera",
        "oneway": "no",
        "ref": "RP437",
        "surface": "pebblestone",
        "osmWayId": 996528070,
        "sourceFeatureId": "osm-way-996528070",
        "selectedForCorridor": "los-azules",
        "selectionMethod": "reviewed source-junction clip between pinned coordinates",
        "selectionLengthKm": 27.936137,
        "sourceGeometryClipped": true
      },
      "geometry": {
        "type": "LineString",
        "coordinates": [
          [
            -69.4540162,
            -31.3603801
          ],
          [
            -69.4541864,
            -31.3603216
          ],
          [
            -69.4543916,
            -31.3602609
          ],
          [
            -69.4546113,
            -31.3602057
          ],
          [
            -69.4547245,
            -31.3601845
          ],
          [
            -69.4548283,
            -31.3601723
          ],
          [
            -69.4549334,
            -31.3601636
          ],
          [
            -69.4550608,
            -31.360159
          ],
          [
            -69.4552336,
            -31.3601673
          ],
          [
            -69.4565298,
            -31.3601947
          ],
          [
            -69.457161,
            -31.3602121
          ],
          [
            -69.4573363,
            -31.3602181
          ],
          [
            -69.4574118,
            -31.3602163
          ],
          [
            -69.4574761,
            -31.3602082
          ],
          [
            -69.4575462,
            -31.3601958
          ],
          [
            -69.4577245,
            -31.3601587
          ],
          [
            -69.4581105,
            -31.3600674
          ],
          [
            -69.4583,
            -31.3600252
          ],
          [
            -69.4584578,
            -31.3599987
          ],
          [
            -69.4586257,
            -31.3599764
          ],
          [
            -69.4587533,
            -31.3599674
          ],
          [
            -69.4590162,
            -31.3599515
          ],
          [
            -69.4591713,
            -31.3599494
          ],
          [
            -69.4593125,
            -31.359956
          ],
          [
            -69.4594583,
            -31.3599735
          ],
          [
            -69.4595767,
            -31.3599919
          ],
          [
            -69.4596828,
            -31.3600117
          ],
          [
            -69.4598052,
            -31.3600417
          ],
          [
            -69.45991,
            -31.3600674
          ],
          [
            -69.4600402,
            -31.3601045
          ],
          [
            -69.4607274,
            -31.3603395
          ],
          [
            -69.4609522,
            -31.3604321
          ],
          [
            -69.4611669,
            -31.3605197
          ],
          [
            -69.4613368,
            -31.3606201
          ],
          [
            -69.4614204,
            -31.360673
          ],
          [
            -69.4615022,
            -31.3607314
          ],
          [
            -69.4615523,
            -31.3607717
          ],
          [
            -69.4616114,
            -31.3608398
          ],
          [
            -69.4617588,
            -31.3610204
          ],
          [
            -69.4622629,
            -31.3616437
          ],
          [
            -69.4624526,
            -31.3618851
          ],
          [
            -69.4625365,
            -31.3619844
          ],
          [
            -69.4626324,
            -31.3620442
          ],
          [
            -69.4627628,
            -31.3620886
          ],
          [
            -69.4629049,
            -31.3621161
          ],
          [
            -69.4635952,
            -31.3621881
          ],
          [
            -69.4637955,
            -31.3622203
          ],
          [
            -69.4639728,
            -31.362244
          ],
          [
            -69.4641227,
            -31.3622764
          ],
          [
            -69.464269,
            -31.36232
          ],
          [
            -69.4644231,
            -31.3623658
          ],
          [
            -69.464605,
            -31.3624391
          ],
          [
            -69.4648066,
            -31.3625284
          ],
          [
            -69.4649836,
            -31.3626154
          ],
          [
            -69.4652762,
            -31.3627866
          ],
          [
            -69.4654063,
            -31.3628455
          ],
          [
            -69.4655639,
            -31.3629085
          ],
          [
            -69.4657132,
            -31.3629521
          ],
          [
            -69.4659202,
            -31.3630099
          ],
          [
            -69.4661093,
            -31.363079
          ],
          [
            -69.4662798,
            -31.3631559
          ],
          [
            -69.4664052,
            -31.3632269
          ],
          [
            -69.4665796,
            -31.3633277
          ],
          [
            -69.4669413,
            -31.36356
          ],
          [
            -69.4670382,
            -31.3636094
          ],
          [
            -69.4671277,
            -31.3636295
          ],
          [
            -69.4672452,
            -31.363637
          ],
          [
            -69.4673928,
            -31.3636285
          ],
          [
            -69.4675773,
            -31.3636094
          ],
          [
            -69.4677415,
            -31.3636039
          ],
          [
            -69.467903,
            -31.3636109
          ],
          [
            -69.4680303,
            -31.3636275
          ],
          [
            -69.4681782,
            -31.3636598
          ],
          [
            -69.468307,
            -31.363695
          ],
          [
            -69.4684303,
            -31.3637399
          ],
          [
            -69.4685977,
            -31.3638199
          ],
          [
            -69.4689828,
            -31.3640262
          ],
          [
            -69.4691555,
            -31.3641052
          ],
          [
            -69.4692964,
            -31.3641611
          ],
          [
            -69.4694629,
            -31.3642232
          ],
          [
            -69.4696332,
            -31.3642688
          ],
          [
            -69.4702327,
            -31.3644156
          ],
          [
            -69.4706583,
            -31.3645102
          ],
          [
            -69.4738813,
            -31.3651202
          ],
          [
            -69.4739587,
            -31.3651495
          ],
          [
            -69.4740354,
            -31.3651876
          ],
          [
            -69.4740866,
            -31.3652418
          ],
          [
            -69.4741131,
            -31.365327
          ],
          [
            -69.4741211,
            -31.3654282
          ],
          [
            -69.4741085,
            -31.3655469
          ],
          [
            -69.4740602,
            -31.3656546
          ],
          [
            -69.4739369,
            -31.3658516
          ],
          [
            -69.4738857,
            -31.365978
          ],
          [
            -69.4738576,
            -31.3660906
          ],
          [
            -69.4738738,
            -31.3661833
          ],
          [
            -69.4739044,
            -31.3662636
          ],
          [
            -69.4739605,
            -31.3663481
          ],
          [
            -69.4740275,
            -31.3664143
          ],
          [
            -69.4741666,
            -31.3664806
          ],
          [
            -69.4743233,
            -31.3665296
          ],
          [
            -69.4745484,
            -31.3665798
          ],
          [
            -69.4748776,
            -31.3666456
          ],
          [
            -69.4750353,
            -31.3666942
          ],
          [
            -69.4751841,
            -31.366747
          ],
          [
            -69.475286,
            -31.366786
          ],
          [
            -69.475396,
            -31.3668363
          ],
          [
            -69.4755396,
            -31.3668879
          ],
          [
            -69.4756829,
            -31.3669254
          ],
          [
            -69.4758278,
            -31.366944
          ],
          [
            -69.4759581,
            -31.3669587
          ],
          [
            -69.4761121,
            -31.366976
          ],
          [
            -69.4762795,
            -31.3670007
          ],
          [
            -69.4764911,
            -31.3670475
          ],
          [
            -69.4766495,
            -31.3670964
          ],
          [
            -69.476831,
            -31.3671616
          ],
          [
            -69.4770026,
            -31.3672394
          ],
          [
            -69.4771796,
            -31.3673242
          ],
          [
            -69.4774666,
            -31.3674822
          ],
          [
            -69.4776443,
            -31.3675775
          ],
          [
            -69.4779194,
            -31.3676974
          ],
          [
            -69.4790394,
            -31.3681706
          ],
          [
            -69.4791967,
            -31.3682288
          ],
          [
            -69.4794103,
            -31.3682983
          ],
          [
            -69.480155,
            -31.3685338
          ],
          [
            -69.4803071,
            -31.3685861
          ],
          [
            -69.4804507,
            -31.3686426
          ],
          [
            -69.4813237,
            -31.3690258
          ],
          [
            -69.4815946,
            -31.3691357
          ],
          [
            -69.4818278,
            -31.3692225
          ],
          [
            -69.4820462,
            -31.369291
          ],
          [
            -69.4822599,
            -31.3693407
          ],
          [
            -69.4826862,
            -31.3694357
          ],
          [
            -69.4832027,
            -31.3695457
          ],
          [
            -69.4835848,
            -31.3696258
          ],
          [
            -69.483906,
            -31.3696741
          ],
          [
            -69.4844211,
            -31.3697494
          ],
          [
            -69.4848087,
            -31.3697932
          ],
          [
            -69.4850922,
            -31.3698136
          ],
          [
            -69.4852555,
            -31.369824
          ],
          [
            -69.4864168,
            -31.3697931
          ],
          [
            -69.4864936,
            -31.3697724
          ],
          [
            -69.4865391,
            -31.3697549
          ],
          [
            -69.4865888,
            -31.3697208
          ],
          [
            -69.4866277,
            -31.369667
          ],
          [
            -69.4866542,
            -31.3696042
          ],
          [
            -69.487255,
            -31.3679635
          ],
          [
            -69.4872849,
            -31.3678979
          ],
          [
            -69.4873342,
            -31.3678536
          ],
          [
            -69.4874194,
            -31.3678159
          ],
          [
            -69.4875008,
            -31.3678051
          ],
          [
            -69.4875793,
            -31.3678111
          ],
          [
            -69.5029959,
            -31.3708362
          ],
          [
            -69.5032319,
            -31.3708854
          ],
          [
            -69.5055263,
            -31.3713061
          ],
          [
            -69.5057505,
            -31.3713365
          ],
          [
            -69.5059226,
            -31.3713555
          ],
          [
            -69.5062723,
            -31.3713757
          ],
          [
            -69.5087454,
            -31.371532
          ],
          [
            -69.5091002,
            -31.3715654
          ],
          [
            -69.5095095,
            -31.3715966
          ],
          [
            -69.5097274,
            -31.3716121
          ],
          [
            -69.5099187,
            -31.3716205
          ],
          [
            -69.5101056,
            -31.3716216
          ],
          [
            -69.5104069,
            -31.3716251
          ],
          [
            -69.5108628,
            -31.3716388
          ],
          [
            -69.5112672,
            -31.3716561
          ],
          [
            -69.5117591,
            -31.3716902
          ],
          [
            -69.5125322,
            -31.3717202
          ],
          [
            -69.5183534,
            -31.3722688
          ],
          [
            -69.51855,
            -31.3722846
          ],
          [
            -69.5186976,
            -31.37228
          ],
          [
            -69.5188296,
            -31.3722486
          ],
          [
            -69.5189119,
            -31.3721767
          ],
          [
            -69.5189486,
            -31.372107
          ],
          [
            -69.5189556,
            -31.3719971
          ],
          [
            -69.5189382,
            -31.3718056
          ],
          [
            -69.5189546,
            -31.3717241
          ],
          [
            -69.5189929,
            -31.3716768
          ],
          [
            -69.5190448,
            -31.3716364
          ],
          [
            -69.5191106,
            -31.371593
          ],
          [
            -69.5191944,
            -31.3715653
          ],
          [
            -69.5200675,
            -31.3714488
          ],
          [
            -69.5202311,
            -31.3714149
          ],
          [
            -69.520578,
            -31.3713059
          ],
          [
            -69.5206717,
            -31.3712838
          ],
          [
            -69.5207683,
            -31.3712782
          ],
          [
            -69.5208728,
            -31.3712838
          ],
          [
            -69.5209576,
            -31.3713002
          ],
          [
            -69.5214679,
            -31.3714195
          ],
          [
            -69.5215761,
            -31.3714353
          ],
          [
            -69.5216785,
            -31.3714516
          ],
          [
            -69.5217901,
            -31.3714602
          ],
          [
            -69.5219216,
            -31.3714636
          ],
          [
            -69.5220429,
            -31.3714649
          ],
          [
            -69.522517,
            -31.3714293
          ],
          [
            -69.5225836,
            -31.3714275
          ],
          [
            -69.5226565,
            -31.3714304
          ],
          [
            -69.5227288,
            -31.3714379
          ],
          [
            -69.5233974,
            -31.3715567
          ],
          [
            -69.5234866,
            -31.3715758
          ],
          [
            -69.5235483,
            -31.3715896
          ],
          [
            -69.5236261,
            -31.371609
          ],
          [
            -69.523952,
            -31.3716983
          ],
          [
            -69.5240848,
            -31.3717247
          ],
          [
            -69.5242345,
            -31.3717581
          ],
          [
            -69.5243943,
            -31.3717997
          ],
          [
            -69.5244965,
            -31.3718266
          ],
          [
            -69.5246223,
            -31.3718722
          ],
          [
            -69.5252263,
            -31.3721288
          ],
          [
            -69.5253173,
            -31.3721541
          ],
          [
            -69.5253821,
            -31.3721722
          ],
          [
            -69.5254634,
            -31.3721873
          ],
          [
            -69.525563,
            -31.3722058
          ],
          [
            -69.5257749,
            -31.3722444
          ],
          [
            -69.5259342,
            -31.3722537
          ],
          [
            -69.5260642,
            -31.3722628
          ],
          [
            -69.5262667,
            -31.3722692
          ],
          [
            -69.5265073,
            -31.3722697
          ],
          [
            -69.5267938,
            -31.3722651
          ],
          [
            -69.5270178,
            -31.3722617
          ],
          [
            -69.5271693,
            -31.3722617
          ],
          [
            -69.5273093,
            -31.3722667
          ],
          [
            -69.5274674,
            -31.3722779
          ],
          [
            -69.5287961,
            -31.3724186
          ],
          [
            -69.5289584,
            -31.3724289
          ],
          [
            -69.5290469,
            -31.3724346
          ],
          [
            -69.5291315,
            -31.3724412
          ],
          [
            -69.5298704,
            -31.3725632
          ],
          [
            -69.5299923,
            -31.3725766
          ],
          [
            -69.5300967,
            -31.3725911
          ],
          [
            -69.5302029,
            -31.3725972
          ],
          [
            -69.5302793,
            -31.3726006
          ],
          [
            -69.5303949,
            -31.3726054
          ],
          [
            -69.530487,
            -31.3726162
          ],
          [
            -69.5306123,
            -31.3726431
          ],
          [
            -69.5308911,
            -31.3727087
          ],
          [
            -69.5311713,
            -31.3727749
          ],
          [
            -69.5314407,
            -31.3728537
          ],
          [
            -69.5316676,
            -31.3729309
          ],
          [
            -69.5320127,
            -31.3730663
          ],
          [
            -69.5322897,
            -31.3731709
          ],
          [
            -69.5324566,
            -31.3732403
          ],
          [
            -69.5325995,
            -31.3732968
          ],
          [
            -69.5327269,
            -31.3733426
          ],
          [
            -69.5328167,
            -31.3733655
          ],
          [
            -69.5329492,
            -31.3733987
          ],
          [
            -69.5334356,
            -31.3735256
          ],
          [
            -69.5335838,
            -31.3735705
          ],
          [
            -69.5336852,
            -31.373607
          ],
          [
            -69.5337944,
            -31.3736506
          ],
          [
            -69.5340361,
            -31.3737506
          ],
          [
            -69.534186,
            -31.3738269
          ],
          [
            -69.5342872,
            -31.37389
          ],
          [
            -69.5344399,
            -31.3740131
          ],
          [
            -69.5345597,
            -31.3741163
          ],
          [
            -69.5347257,
            -31.3742461
          ],
          [
            -69.5347975,
            -31.3743182
          ],
          [
            -69.5348416,
            -31.374381
          ],
          [
            -69.5348764,
            -31.3744493
          ],
          [
            -69.5348935,
            -31.3745177
          ],
          [
            -69.5349102,
            -31.3746056
          ],
          [
            -69.5349135,
            -31.3747016
          ],
          [
            -69.5349099,
            -31.374791
          ],
          [
            -69.5349008,
            -31.3748552
          ],
          [
            -69.5348764,
            -31.3749322
          ],
          [
            -69.5348445,
            -31.3750029
          ],
          [
            -69.5347974,
            -31.3750858
          ],
          [
            -69.5346506,
            -31.3753242
          ],
          [
            -69.5345709,
            -31.3754426
          ],
          [
            -69.5345064,
            -31.3755689
          ],
          [
            -69.5344611,
            -31.375698
          ],
          [
            -69.5344007,
            -31.3759366
          ],
          [
            -69.5343561,
            -31.3760944
          ],
          [
            -69.5343335,
            -31.3762257
          ],
          [
            -69.5343187,
            -31.3763918
          ],
          [
            -69.5343055,
            -31.3766383
          ],
          [
            -69.5343013,
            -31.3767685
          ],
          [
            -69.5343079,
            -31.3768594
          ],
          [
            -69.5343268,
            -31.3769356
          ],
          [
            -69.5343542,
            -31.3769889
          ],
          [
            -69.5343925,
            -31.377049
          ],
          [
            -69.5344805,
            -31.3771805
          ],
          [
            -69.5346192,
            -31.3773581
          ],
          [
            -69.5347848,
            -31.3775612
          ],
          [
            -69.5349102,
            -31.3777165
          ],
          [
            -69.5350118,
            -31.3778376
          ],
          [
            -69.5351368,
            -31.3779627
          ],
          [
            -69.5352881,
            -31.3780919
          ],
          [
            -69.5353889,
            -31.3781653
          ],
          [
            -69.5379475,
            -31.3797393
          ],
          [
            -69.5381141,
            -31.3798507
          ],
          [
            -69.5382643,
            -31.3799377
          ],
          [
            -69.5389206,
            -31.3802169
          ],
          [
            -69.5390716,
            -31.3802675
          ],
          [
            -69.53914,
            -31.3802984
          ],
          [
            -69.5391954,
            -31.3803395
          ],
          [
            -69.5392446,
            -31.3803911
          ],
          [
            -69.5392826,
            -31.3804442
          ],
          [
            -69.5393412,
            -31.3805148
          ],
          [
            -69.5394042,
            -31.3805949
          ],
          [
            -69.5394767,
            -31.3806756
          ],
          [
            -69.539777,
            -31.3809384
          ],
          [
            -69.5400498,
            -31.3811691
          ],
          [
            -69.5403728,
            -31.381407
          ],
          [
            -69.5405495,
            -31.3815177
          ],
          [
            -69.5407169,
            -31.3816115
          ],
          [
            -69.5408526,
            -31.3816666
          ],
          [
            -69.5410135,
            -31.381717
          ],
          [
            -69.5413971,
            -31.3818479
          ],
          [
            -69.5415553,
            -31.3818864
          ],
          [
            -69.5417015,
            -31.381907
          ],
          [
            -69.5418343,
            -31.3819059
          ],
          [
            -69.5419765,
            -31.3818956
          ],
          [
            -69.5421384,
            -31.381856
          ],
          [
            -69.542411,
            -31.3817765
          ],
          [
            -69.5425719,
            -31.3817353
          ],
          [
            -69.542757,
            -31.3816986
          ],
          [
            -69.5438446,
            -31.3815695
          ],
          [
            -69.5439683,
            -31.3815727
          ],
          [
            -69.5440874,
            -31.3815841
          ],
          [
            -69.5441893,
            -31.3816025
          ],
          [
            -69.5443502,
            -31.3816643
          ],
          [
            -69.5444865,
            -31.3817241
          ],
          [
            -69.5445822,
            -31.3817569
          ],
          [
            -69.5446989,
            -31.3817742
          ],
          [
            -69.5448598,
            -31.3817925
          ],
          [
            -69.5449863,
            -31.3818188
          ],
          [
            -69.5451143,
            -31.3818654
          ],
          [
            -69.5452648,
            -31.3819253
          ],
          [
            -69.545407,
            -31.3819734
          ],
          [
            -69.5456511,
            -31.3820398
          ],
          [
            -69.5462677,
            -31.3821855
          ],
          [
            -69.5464665,
            -31.3822299
          ],
          [
            -69.5466462,
            -31.3822757
          ],
          [
            -69.5469546,
            -31.382381
          ],
          [
            -69.547255,
            -31.3824863
          ],
          [
            -69.5476105,
            -31.3825873
          ],
          [
            -69.5480919,
            -31.3827291
          ],
          [
            -69.5485076,
            -31.3828367
          ],
          [
            -69.548832,
            -31.3829164
          ],
          [
            -69.5492969,
            -31.3830138
          ],
          [
            -69.5496234,
            -31.383084
          ],
          [
            -69.5499158,
            -31.3831616
          ],
          [
            -69.5501518,
            -31.3832328
          ],
          [
            -69.5508197,
            -31.3834618
          ],
          [
            -69.5511925,
            -31.3836083
          ],
          [
            -69.5514152,
            -31.3837255
          ],
          [
            -69.551645,
            -31.3838398
          ],
          [
            -69.5517907,
            -31.383906
          ],
          [
            -69.5519553,
            -31.3839674
          ],
          [
            -69.5521581,
            -31.3840091
          ],
          [
            -69.5523877,
            -31.3840516
          ],
          [
            -69.5527455,
            -31.3841236
          ],
          [
            -69.5529734,
            -31.3841719
          ],
          [
            -69.5531747,
            -31.3842243
          ],
          [
            -69.5532981,
            -31.384266
          ],
          [
            -69.5534349,
            -31.3843251
          ],
          [
            -69.5535502,
            -31.3843754
          ],
          [
            -69.5537514,
            -31.3844418
          ],
          [
            -69.5549214,
            -31.3847883
          ],
          [
            -69.555122,
            -31.384854
          ],
          [
            -69.5552722,
            -31.3849181
          ],
          [
            -69.5554278,
            -31.3850084
          ],
          [
            -69.5557013,
            -31.3851746
          ],
          [
            -69.5559159,
            -31.3853234
          ],
          [
            -69.5563531,
            -31.38566
          ],
          [
            -69.5565655,
            -31.385813
          ],
          [
            -69.5567802,
            -31.3859537
          ],
          [
            -69.5569955,
            -31.386085
          ],
          [
            -69.5571765,
            -31.3861775
          ],
          [
            -69.5574152,
            -31.3862805
          ],
          [
            -69.5581207,
            -31.3865828
          ],
          [
            -69.5582556,
            -31.3866434
          ],
          [
            -69.5584318,
            -31.3867316
          ],
          [
            -69.5586082,
            -31.386853
          ],
          [
            -69.5589384,
            -31.3871015
          ],
          [
            -69.5592353,
            -31.3872963
          ],
          [
            -69.5595189,
            -31.3874534
          ],
          [
            -69.5596911,
            -31.3875513
          ],
          [
            -69.5598158,
            -31.3876085
          ],
          [
            -69.5599369,
            -31.3876487
          ],
          [
            -69.5600773,
            -31.3876807
          ],
          [
            -69.5603535,
            -31.3877514
          ],
          [
            -69.5605065,
            -31.3878123
          ],
          [
            -69.5606413,
            -31.3878791
          ],
          [
            -69.5608985,
            -31.3880315
          ],
          [
            -69.5610926,
            -31.3881375
          ],
          [
            -69.5612696,
            -31.3882222
          ],
          [
            -69.5619084,
            -31.3884911
          ],
          [
            -69.5621784,
            -31.3885922
          ],
          [
            -69.5623653,
            -31.3886561
          ],
          [
            -69.5625557,
            -31.3887121
          ],
          [
            -69.5627431,
            -31.3887498
          ],
          [
            -69.5638257,
            -31.3889434
          ],
          [
            -69.5640832,
            -31.389003
          ],
          [
            -69.5642969,
            -31.3890666
          ],
          [
            -69.5644913,
            -31.3891476
          ],
          [
            -69.5647071,
            -31.389239
          ],
          [
            -69.5649375,
            -31.3893217
          ],
          [
            -69.5650944,
            -31.3893739
          ],
          [
            -69.5652553,
            -31.3894008
          ],
          [
            -69.5653653,
            -31.3894151
          ],
          [
            -69.5654967,
            -31.3894151
          ],
          [
            -69.5656443,
            -31.3894059
          ],
          [
            -69.5657623,
            -31.3894128
          ],
          [
            -69.5658991,
            -31.3894266
          ],
          [
            -69.5661378,
            -31.3894495
          ],
          [
            -69.566347,
            -31.3894632
          ],
          [
            -69.5672804,
            -31.3895181
          ],
          [
            -69.5678234,
            -31.389543
          ],
          [
            -69.5679483,
            -31.3895502
          ],
          [
            -69.5680717,
            -31.3895662
          ],
          [
            -69.5682142,
            -31.3896048
          ],
          [
            -69.568364,
            -31.3896574
          ],
          [
            -69.5687511,
            -31.3898255
          ],
          [
            -69.5692438,
            -31.3900402
          ],
          [
            -69.5695522,
            -31.3901615
          ],
          [
            -69.5698044,
            -31.390256
          ],
          [
            -69.5709765,
            -31.3906332
          ],
          [
            -69.5712418,
            -31.3907138
          ],
          [
            -69.5714808,
            -31.3907797
          ],
          [
            -69.5716693,
            -31.3908286
          ],
          [
            -69.5719251,
            -31.3908976
          ],
          [
            -69.572095,
            -31.3909263
          ],
          [
            -69.5722961,
            -31.3909492
          ],
          [
            -69.5726426,
            -31.3909818
          ],
          [
            -69.5728675,
            -31.3910087
          ],
          [
            -69.5731071,
            -31.3910632
          ],
          [
            -69.5733304,
            -31.391125
          ],
          [
            -69.5736692,
            -31.3912383
          ],
          [
            -69.5739397,
            -31.3913335
          ],
          [
            -69.5741388,
            -31.3913842
          ],
          [
            -69.5743588,
            -31.39143
          ],
          [
            -69.5752154,
            -31.3916115
          ],
          [
            -69.5756642,
            -31.3917176
          ],
          [
            -69.5758769,
            -31.391788
          ],
          [
            -69.5761076,
            -31.3918765
          ],
          [
            -69.5764629,
            -31.3920519
          ],
          [
            -69.5768463,
            -31.3922349
          ],
          [
            -69.5770115,
            -31.3923092
          ],
          [
            -69.5772314,
            -31.3923985
          ],
          [
            -69.5775667,
            -31.3924946
          ],
          [
            -69.5782794,
            -31.3927219
          ],
          [
            -69.5785349,
            -31.3927947
          ],
          [
            -69.578771,
            -31.3928518
          ],
          [
            -69.5790756,
            -31.3928949
          ],
          [
            -69.5793787,
            -31.3929168
          ],
          [
            -69.5798594,
            -31.3929378
          ],
          [
            -69.5803025,
            -31.392935
          ],
          [
            -69.5814017,
            -31.3928939
          ],
          [
            -69.5815452,
            -31.3928962
          ],
          [
            -69.5817482,
            -31.3929022
          ],
          [
            -69.5820047,
            -31.392931
          ],
          [
            -69.5822579,
            -31.392948
          ],
          [
            -69.5825396,
            -31.3929661
          ],
          [
            -69.5829365,
            -31.3930213
          ],
          [
            -69.5836526,
            -31.3931311
          ],
          [
            -69.5843823,
            -31.3932177
          ],
          [
            -69.5851547,
            -31.3933006
          ],
          [
            -69.5857337,
            -31.3933366
          ],
          [
            -69.5858628,
            -31.3933464
          ],
          [
            -69.5859615,
            -31.3933796
          ],
          [
            -69.5860666,
            -31.3934357
          ],
          [
            -69.586156,
            -31.3935022
          ],
          [
            -69.5862739,
            -31.3936569
          ],
          [
            -69.5864394,
            -31.3938549
          ],
          [
            -69.5865843,
            -31.3939943
          ],
          [
            -69.5867714,
            -31.3941483
          ],
          [
            -69.5868659,
            -31.3942233
          ],
          [
            -69.5869725,
            -31.3942531
          ],
          [
            -69.5870967,
            -31.3942471
          ],
          [
            -69.5871991,
            -31.3942146
          ],
          [
            -69.587258,
            -31.3942146
          ],
          [
            -69.5873621,
            -31.3942645
          ],
          [
            -69.5875264,
            -31.3943267
          ],
          [
            -69.5875908,
            -31.3943515
          ],
          [
            -69.5876603,
            -31.3943605
          ],
          [
            -69.5878066,
            -31.3943491
          ],
          [
            -69.587904,
            -31.3943379
          ],
          [
            -69.5880099,
            -31.3943503
          ],
          [
            -69.5881412,
            -31.3944153
          ],
          [
            -69.5882765,
            -31.3944846
          ],
          [
            -69.5883771,
            -31.3945343
          ],
          [
            -69.5884484,
            -31.3945678
          ],
          [
            -69.5885114,
            -31.3945833
          ],
          [
            -69.5885932,
            -31.3945724
          ],
          [
            -69.5886871,
            -31.3945243
          ],
          [
            -69.5887636,
            -31.3944717
          ],
          [
            -69.5888548,
            -31.3944448
          ],
          [
            -69.5889607,
            -31.3944156
          ],
          [
            -69.5890827,
            -31.3943606
          ],
          [
            -69.5891739,
            -31.394308
          ],
          [
            -69.589241,
            -31.3942817
          ],
          [
            -69.5893939,
            -31.3942507
          ],
          [
            -69.5894891,
            -31.394221
          ],
          [
            -69.5895723,
            -31.3941809
          ],
          [
            -69.5896366,
            -31.3941466
          ],
          [
            -69.5897095,
            -31.3941301
          ],
          [
            -69.5898488,
            -31.3941155
          ],
          [
            -69.5899612,
            -31.3941271
          ],
          [
            -69.5900621,
            -31.3941885
          ],
          [
            -69.590139,
            -31.3942781
          ],
          [
            -69.5901628,
            -31.3943453
          ],
          [
            -69.5901744,
            -31.3944351
          ],
          [
            -69.5901905,
            -31.3944992
          ],
          [
            -69.5902106,
            -31.394553
          ],
          [
            -69.5902245,
            -31.3946089
          ],
          [
            -69.590224,
            -31.3946846
          ],
          [
            -69.5902255,
            -31.3947556
          ],
          [
            -69.5902535,
            -31.3948254
          ],
          [
            -69.5903003,
            -31.3948925
          ],
          [
            -69.5903549,
            -31.3949498
          ],
          [
            -69.5904212,
            -31.3949983
          ],
          [
            -69.5904882,
            -31.3950109
          ],
          [
            -69.5905834,
            -31.3950109
          ],
          [
            -69.5906926,
            -31.3949937
          ],
          [
            -69.5908302,
            -31.3949654
          ],
          [
            -69.5909294,
            -31.3949319
          ],
          [
            -69.5910132,
            -31.3948782
          ],
          [
            -69.5910881,
            -31.3948142
          ],
          [
            -69.5913814,
            -31.3945289
          ],
          [
            -69.5914243,
            -31.3944992
          ],
          [
            -69.5915034,
            -31.3944751
          ],
          [
            -69.5915711,
            -31.3944806
          ],
          [
            -69.5916482,
            -31.3945093
          ],
          [
            -69.5917671,
            -31.3945635
          ],
          [
            -69.5918503,
            -31.3945849
          ],
          [
            -69.591946,
            -31.3945862
          ],
          [
            -69.5920942,
            -31.3945415
          ],
          [
            -69.5921646,
            -31.3945369
          ],
          [
            -69.5922745,
            -31.3945293
          ],
          [
            -69.5923805,
            -31.3944957
          ],
          [
            -69.5925162,
            -31.3944229
          ],
          [
            -69.5926648,
            -31.3943194
          ],
          [
            -69.5928547,
            -31.3941384
          ],
          [
            -69.5929136,
            -31.3940979
          ],
          [
            -69.5929558,
            -31.394077
          ],
          [
            -69.5929968,
            -31.3940682
          ],
          [
            -69.5930699,
            -31.3940722
          ],
          [
            -69.5931904,
            -31.3940862
          ],
          [
            -69.5933059,
            -31.3940893
          ],
          [
            -69.5934024,
            -31.3940848
          ],
          [
            -69.5934918,
            -31.3940551
          ],
          [
            -69.5935729,
            -31.3940093
          ],
          [
            -69.5936688,
            -31.3939288
          ],
          [
            -69.5937485,
            -31.3938982
          ],
          [
            -69.5939135,
            -31.3938634
          ],
          [
            -69.5941283,
            -31.3938003
          ],
          [
            -69.5942316,
            -31.393756
          ],
          [
            -69.5943278,
            -31.3936921
          ],
          [
            -69.5943855,
            -31.3936406
          ],
          [
            -69.5944378,
            -31.3935788
          ],
          [
            -69.5944785,
            -31.3934835
          ],
          [
            -69.5945115,
            -31.3934311
          ],
          [
            -69.5945602,
            -31.3933901
          ],
          [
            -69.5946036,
            -31.3933707
          ],
          [
            -69.5946859,
            -31.3933475
          ],
          [
            -69.5947418,
            -31.3933396
          ],
          [
            -69.5955043,
            -31.3933169
          ],
          [
            -69.5964397,
            -31.3932543
          ],
          [
            -69.596664,
            -31.3932365
          ],
          [
            -69.596841,
            -31.3932204
          ],
          [
            -69.5975572,
            -31.3931472
          ],
          [
            -69.5980588,
            -31.3930854
          ],
          [
            -69.5983584,
            -31.3930393
          ],
          [
            -69.5986215,
            -31.3929917
          ],
          [
            -69.5988506,
            -31.3929615
          ],
          [
            -69.5990083,
            -31.3929503
          ],
          [
            -69.5991569,
            -31.3929417
          ],
          [
            -69.5992902,
            -31.3929479
          ],
          [
            -69.5994281,
            -31.392961
          ],
          [
            -69.5995984,
            -31.3929961
          ],
          [
            -69.5998118,
            -31.3930618
          ],
          [
            -69.6000229,
            -31.393118
          ],
          [
            -69.6001748,
            -31.3931643
          ],
          [
            -69.6002643,
            -31.3931792
          ],
          [
            -69.6003547,
            -31.3931861
          ],
          [
            -69.6004538,
            -31.3931828
          ],
          [
            -69.6006027,
            -31.3931602
          ],
          [
            -69.6007048,
            -31.3931403
          ],
          [
            -69.6008002,
            -31.3931374
          ],
          [
            -69.6009303,
            -31.3931397
          ],
          [
            -69.6012814,
            -31.3931632
          ],
          [
            -69.6015171,
            -31.3931769
          ],
          [
            -69.6017079,
            -31.3931792
          ],
          [
            -69.6021228,
            -31.3931502
          ],
          [
            -69.60239,
            -31.393139
          ],
          [
            -69.6026601,
            -31.3931277
          ],
          [
            -69.6029809,
            -31.3931162
          ],
          [
            -69.6032301,
            -31.3931071
          ],
          [
            -69.603406,
            -31.3931043
          ],
          [
            -69.6035573,
            -31.3931071
          ],
          [
            -69.6036699,
            -31.3931186
          ],
          [
            -69.6038016,
            -31.3931399
          ],
          [
            -69.6040146,
            -31.3931712
          ],
          [
            -69.6041474,
            -31.3931838
          ],
          [
            -69.6043017,
            -31.3931871
          ],
          [
            -69.6044704,
            -31.3931864
          ],
          [
            -69.6045886,
            -31.3931827
          ],
          [
            -69.6047077,
            -31.3931709
          ],
          [
            -69.6048129,
            -31.3931466
          ],
          [
            -69.6049105,
            -31.3931117
          ],
          [
            -69.6050497,
            -31.3930523
          ],
          [
            -69.6051934,
            -31.3929926
          ],
          [
            -69.6052699,
            -31.3929709
          ],
          [
            -69.6053472,
            -31.392962
          ],
          [
            -69.6054747,
            -31.3929587
          ],
          [
            -69.6056037,
            -31.3929635
          ],
          [
            -69.6064004,
            -31.3929892
          ],
          [
            -69.6066713,
            -31.3929984
          ],
          [
            -69.6095414,
            -31.3930449
          ],
          [
            -69.609957,
            -31.3930556
          ],
          [
            -69.6102521,
            -31.393051
          ],
          [
            -69.6105421,
            -31.3930452
          ],
          [
            -69.615708,
            -31.392836
          ],
          [
            -69.6161158,
            -31.3928195
          ],
          [
            -69.6170971,
            -31.3927671
          ],
          [
            -69.6173465,
            -31.3927579
          ],
          [
            -69.6176067,
            -31.3927557
          ],
          [
            -69.6177596,
            -31.3927557
          ],
          [
            -69.6179259,
            -31.3927488
          ],
          [
            -69.6185079,
            -31.3927144
          ],
          [
            -69.6186367,
            -31.3927099
          ],
          [
            -69.6187449,
            -31.3927102
          ],
          [
            -69.6193713,
            -31.3927372
          ],
          [
            -69.6194789,
            -31.3927373
          ],
          [
            -69.6195745,
            -31.3927295
          ],
          [
            -69.6196707,
            -31.3927076
          ],
          [
            -69.6197759,
            -31.3926773
          ],
          [
            -69.6200826,
            -31.3925701
          ],
          [
            -69.6201759,
            -31.3925453
          ],
          [
            -69.6202527,
            -31.3925336
          ],
          [
            -69.6203336,
            -31.3925342
          ],
          [
            -69.620415,
            -31.3925462
          ],
          [
            -69.6205101,
            -31.3925679
          ],
          [
            -69.6213576,
            -31.3927895
          ],
          [
            -69.6215294,
            -31.3928312
          ],
          [
            -69.621626,
            -31.3928518
          ],
          [
            -69.6216917,
            -31.3928621
          ],
          [
            -69.6217698,
            -31.3928727
          ],
          [
            -69.6223649,
            -31.392932
          ],
          [
            -69.6224845,
            -31.3929535
          ],
          [
            -69.6225962,
            -31.3929825
          ],
          [
            -69.6227032,
            -31.3930254
          ],
          [
            -69.6229144,
            -31.3931385
          ],
          [
            -69.622999,
            -31.3931771
          ],
          [
            -69.6230824,
            -31.3932113
          ],
          [
            -69.62316,
            -31.3932409
          ],
          [
            -69.6232554,
            -31.3932651
          ],
          [
            -69.6234097,
            -31.3933017
          ],
          [
            -69.6236148,
            -31.3933464
          ],
          [
            -69.6237396,
            -31.3933796
          ],
          [
            -69.6240708,
            -31.393478
          ],
          [
            -69.6243922,
            -31.3935788
          ],
          [
            -69.6248755,
            -31.3937562
          ],
          [
            -69.6249721,
            -31.3937922
          ],
          [
            -69.6250723,
            -31.3938223
          ],
          [
            -69.6252378,
            -31.3938487
          ],
          [
            -69.6255185,
            -31.3938817
          ],
          [
            -69.6256453,
            -31.393905
          ],
          [
            -69.6257714,
            -31.3939379
          ],
          [
            -69.6259276,
            -31.3939801
          ],
          [
            -69.6260292,
            -31.3939987
          ],
          [
            -69.6261777,
            -31.3940138
          ],
          [
            -69.6263105,
            -31.3940264
          ],
          [
            -69.6264614,
            -31.3940424
          ],
          [
            -69.6266039,
            -31.3940658
          ],
          [
            -69.6267243,
            -31.3940978
          ],
          [
            -69.6272452,
            -31.394245
          ],
          [
            -69.6273552,
            -31.3942737
          ],
          [
            -69.6274571,
            -31.3942885
          ],
          [
            -69.6275537,
            -31.3942949
          ],
          [
            -69.6276488,
            -31.3942928
          ],
          [
            -69.6277361,
            -31.3942851
          ],
          [
            -69.6278329,
            -31.3942741
          ],
          [
            -69.6282934,
            -31.3942094
          ],
          [
            -69.6284399,
            -31.3941952
          ],
          [
            -69.6285801,
            -31.3941839
          ],
          [
            -69.6286735,
            -31.3941866
          ],
          [
            -69.6287835,
            -31.3941992
          ],
          [
            -69.6289158,
            -31.3942147
          ],
          [
            -69.6296605,
            -31.3943274
          ],
          [
            -69.6302953,
            -31.3944475
          ],
          [
            -69.630551,
            -31.3945209
          ],
          [
            -69.6306997,
            -31.3945642
          ],
          [
            -69.6311697,
            -31.3946766
          ],
          [
            -69.6314362,
            -31.394727
          ],
          [
            -69.6316253,
            -31.3947636
          ],
          [
            -69.6318048,
            -31.3947878
          ],
          [
            -69.6320061,
            -31.3948031
          ],
          [
            -69.6321456,
            -31.394806
          ],
          [
            -69.6322901,
            -31.3948062
          ],
          [
            -69.6324071,
            -31.3947945
          ],
          [
            -69.632517,
            -31.3947828
          ],
          [
            -69.6330815,
            -31.3946849
          ],
          [
            -69.6332869,
            -31.3946503
          ],
          [
            -69.6334291,
            -31.3946285
          ],
          [
            -69.6335699,
            -31.3946033
          ],
          [
            -69.6337848,
            -31.3945474
          ],
          [
            -69.6339293,
            -31.3945186
          ],
          [
            -69.6340352,
            -31.3945072
          ],
          [
            -69.6341454,
            -31.3945054
          ],
          [
            -69.6343343,
            -31.3945106
          ],
          [
            -69.6345824,
            -31.3945266
          ],
          [
            -69.6347393,
            -31.3945324
          ],
          [
            -69.6349043,
            -31.3945312
          ],
          [
            -69.6350606,
            -31.394533
          ],
          [
            -69.6351751,
            -31.3945418
          ],
          [
            -69.6353269,
            -31.3945632
          ],
          [
            -69.6357787,
            -31.3946514
          ],
          [
            -69.6361682,
            -31.3947297
          ],
          [
            -69.6365726,
            -31.3948392
          ],
          [
            -69.6369379,
            -31.3949346
          ],
          [
            -69.6372284,
            -31.3950143
          ],
          [
            -69.6381741,
            -31.3952934
          ],
          [
            -69.6405457,
            -31.3959834
          ],
          [
            -69.6427702,
            -31.3965984
          ],
          [
            -69.6429647,
            -31.396651
          ],
          [
            -69.6431484,
            -31.396695
          ],
          [
            -69.6433392,
            -31.3967336
          ],
          [
            -69.6452204,
            -31.3970984
          ],
          [
            -69.6454373,
            -31.3971355
          ],
          [
            -69.6455538,
            -31.3971633
          ],
          [
            -69.6457439,
            -31.3972083
          ],
          [
            -69.6460006,
            -31.3972889
          ],
          [
            -69.6464083,
            -31.3974194
          ],
          [
            -69.6473685,
            -31.3977148
          ],
          [
            -69.6490529,
            -31.3982435
          ],
          [
            -69.6491874,
            -31.39829
          ],
          [
            -69.6498247,
            -31.3985767
          ],
          [
            -69.6500496,
            -31.3986738
          ],
          [
            -69.6506617,
            -31.3989457
          ],
          [
            -69.6508056,
            -31.3990074
          ],
          [
            -69.650975,
            -31.3990891
          ],
          [
            -69.6511035,
            -31.3991548
          ],
          [
            -69.6512255,
            -31.3992349
          ],
          [
            -69.6516517,
            -31.3995166
          ],
          [
            -69.6517468,
            -31.3995664
          ],
          [
            -69.651854,
            -31.3996108
          ],
          [
            -69.6519725,
            -31.3996493
          ],
          [
            -69.6521087,
            -31.3996932
          ],
          [
            -69.6522481,
            -31.3997488
          ],
          [
            -69.6523563,
            -31.3998009
          ],
          [
            -69.6524754,
            -31.39986
          ],
          [
            -69.6526162,
            -31.3999504
          ],
          [
            -69.6528187,
            -31.4000992
          ],
          [
            -69.6531843,
            -31.4003129
          ],
          [
            -69.6532969,
            -31.4003606
          ],
          [
            -69.6533697,
            -31.4003849
          ],
          [
            -69.6534692,
            -31.4004151
          ],
          [
            -69.6535885,
            -31.4004346
          ],
          [
            -69.653724,
            -31.400446
          ],
          [
            -69.6538849,
            -31.4004575
          ],
          [
            -69.6539726,
            -31.4004776
          ],
          [
            -69.6540868,
            -31.400514
          ],
          [
            -69.6541591,
            -31.4005482
          ],
          [
            -69.6544248,
            -31.4006819
          ],
          [
            -69.6544974,
            -31.4007092
          ],
          [
            -69.65457,
            -31.4007208
          ],
          [
            -69.6549119,
            -31.4007629
          ],
          [
            -69.6550168,
            -31.4007814
          ],
          [
            -69.6550894,
            -31.4008002
          ],
          [
            -69.6555873,
            -31.4009433
          ],
          [
            -69.6556941,
            -31.4009715
          ],
          [
            -69.6557812,
            -31.4009898
          ],
          [
            -69.6558885,
            -31.4009921
          ],
          [
            -69.6559675,
            -31.4009883
          ],
          [
            -69.6560816,
            -31.4009737
          ],
          [
            -69.6562044,
            -31.4009575
          ],
          [
            -69.6563821,
            -31.400936
          ],
          [
            -69.6564811,
            -31.4009264
          ],
          [
            -69.6565986,
            -31.400923
          ],
          [
            -69.6567482,
            -31.4009222
          ],
          [
            -69.6569547,
            -31.4009234
          ],
          [
            -69.6571887,
            -31.4009185
          ],
          [
            -69.6572934,
            -31.4009189
          ],
          [
            -69.6574482,
            -31.400936
          ],
          [
            -69.6575844,
            -31.4009403
          ],
          [
            -69.6576793,
            -31.4009363
          ],
          [
            -69.6577674,
            -31.4009257
          ],
          [
            -69.6578466,
            -31.400904
          ],
          [
            -69.6579227,
            -31.4008787
          ],
          [
            -69.6580759,
            -31.4008089
          ],
          [
            -69.6582562,
            -31.4007229
          ],
          [
            -69.6584444,
            -31.4006476
          ],
          [
            -69.6585959,
            -31.4005974
          ],
          [
            -69.6590012,
            -31.4004678
          ],
          [
            -69.6604586,
            -31.4000021
          ],
          [
            -69.6607127,
            -31.3999251
          ],
          [
            -69.6608999,
            -31.3998827
          ],
          [
            -69.6611061,
            -31.399846
          ],
          [
            -69.6613227,
            -31.3998187
          ],
          [
            -69.6615374,
            -31.399804
          ],
          [
            -69.6618162,
            -31.3997855
          ],
          [
            -69.6620357,
            -31.3997859
          ],
          [
            -69.6622159,
            -31.3997844
          ],
          [
            -69.6623889,
            -31.3997913
          ],
          [
            -69.6626469,
            -31.3998058
          ],
          [
            -69.6628261,
            -31.3998165
          ],
          [
            -69.6629037,
            -31.399827
          ],
          [
            -69.6630192,
            -31.3998382
          ],
          [
            -69.6631393,
            -31.3998501
          ],
          [
            -69.663222,
            -31.3998683
          ],
          [
            -69.6633216,
            -31.3998986
          ],
          [
            -69.6634094,
            -31.3999412
          ],
          [
            -69.6634898,
            -31.3999949
          ],
          [
            -69.663616,
            -31.4000877
          ],
          [
            -69.6637743,
            -31.4002239
          ],
          [
            -69.6638422,
            -31.4002816
          ],
          [
            -69.6639217,
            -31.4003316
          ],
          [
            -69.6640185,
            -31.4003809
          ],
          [
            -69.6642986,
            -31.4004918
          ],
          [
            -69.6644783,
            -31.4005617
          ],
          [
            -69.6645747,
            -31.4006082
          ],
          [
            -69.6646594,
            -31.4006567
          ],
          [
            -69.6647273,
            -31.4006962
          ],
          [
            -69.6647881,
            -31.4007437
          ],
          [
            -69.6648526,
            -31.4008028
          ],
          [
            -69.6649168,
            -31.4008707
          ],
          [
            -69.6650013,
            -31.4009703
          ],
          [
            -69.6650845,
            -31.4010516
          ],
          [
            -69.665169,
            -31.4011168
          ],
          [
            -69.6653058,
            -31.4012095
          ],
          [
            -69.6653849,
            -31.4012817
          ],
          [
            -69.6654563,
            -31.4013545
          ],
          [
            -69.6655369,
            -31.4014276
          ],
          [
            -69.6656038,
            -31.4014715
          ],
          [
            -69.6656759,
            -31.4015049
          ],
          [
            -69.6657632,
            -31.4015365
          ],
          [
            -69.6658771,
            -31.4015587
          ],
          [
            -69.6660179,
            -31.401569
          ],
          [
            -69.6662405,
            -31.4015804
          ],
          [
            -69.6666049,
            -31.4015903
          ],
          [
            -69.6666945,
            -31.4016012
          ],
          [
            -69.6667729,
            -31.4016159
          ],
          [
            -69.6668534,
            -31.4016414
          ],
          [
            -69.6669553,
            -31.4016846
          ],
          [
            -69.6671176,
            -31.4017475
          ],
          [
            -69.6673711,
            -31.4018448
          ],
          [
            -69.6675092,
            -31.4019021
          ],
          [
            -69.6676393,
            -31.4019673
          ],
          [
            -69.6678282,
            -31.4020735
          ],
          [
            -69.6679255,
            -31.4021106
          ],
          [
            -69.6680202,
            -31.4021413
          ],
          [
            -69.6680971,
            -31.4021607
          ],
          [
            -69.6682079,
            -31.4021791
          ],
          [
            -69.6683219,
            -31.4021894
          ],
          [
            -69.6684855,
            -31.4022066
          ],
          [
            -69.6686237,
            -31.4022272
          ],
          [
            -69.6687551,
            -31.4022489
          ],
          [
            -69.6692835,
            -31.4023542
          ],
          [
            -69.6693747,
            -31.4023748
          ],
          [
            -69.669494,
            -31.4024
          ],
          [
            -69.6696349,
            -31.4024206
          ],
          [
            -69.6697389,
            -31.4024349
          ],
          [
            -69.6698441,
            -31.4024481
          ],
          [
            -69.6699461,
            -31.4024565
          ],
          [
            -69.6700753,
            -31.4024616
          ],
          [
            -69.6702866,
            -31.4024607
          ],
          [
            -69.6705388,
            -31.4024607
          ],
          [
            -69.6708646,
            -31.402463
          ],
          [
            -69.6711007,
            -31.4024721
          ],
          [
            -69.6713179,
            -31.4024813
          ],
          [
            -69.6716009,
            -31.4024893
          ],
          [
            -69.6718879,
            -31.4024916
          ],
          [
            -69.6721508,
            -31.4024882
          ],
          [
            -69.6724471,
            -31.402479
          ],
          [
            -69.6726162,
            -31.4024739
          ],
          [
            -69.6727596,
            -31.4024607
          ],
          [
            -69.6728839,
            -31.4024352
          ],
          [
            -69.6729809,
            -31.4024092
          ],
          [
            -69.6731038,
            -31.4023646
          ],
          [
            -69.6731888,
            -31.4023531
          ],
          [
            -69.6732612,
            -31.4023554
          ],
          [
            -69.6733221,
            -31.4023646
          ],
          [
            -69.6734029,
            -31.4023833
          ],
          [
            -69.6735361,
            -31.4024263
          ],
          [
            -69.6738204,
            -31.4025305
          ],
          [
            -69.6741074,
            -31.4026507
          ],
          [
            -69.6743542,
            -31.4027411
          ],
          [
            -69.6745605,
            -31.4028088
          ],
          [
            -69.6747649,
            -31.4028716
          ],
          [
            -69.6749188,
            -31.4029082
          ],
          [
            -69.6750335,
            -31.4029309
          ],
          [
            -69.6751798,
            -31.4029414
          ],
          [
            -69.6753466,
            -31.4029311
          ],
          [
            -69.6755438,
            -31.4029105
          ],
          [
            -69.6759193,
            -31.4028991
          ],
          [
            -69.6766394,
            -31.4028865
          ],
          [
            -69.6778518,
            -31.4028522
          ],
          [
            -69.6780479,
            -31.4028442
          ],
          [
            -69.6782152,
            -31.4028304
          ],
          [
            -69.6783345,
            -31.4028103
          ],
          [
            -69.6784536,
            -31.4027872
          ],
          [
            -69.6785773,
            -31.4027537
          ],
          [
            -69.6788013,
            -31.4026839
          ],
          [
            -69.6790186,
            -31.4026129
          ],
          [
            -69.6791575,
            -31.4025769
          ],
          [
            -69.6792623,
            -31.402558
          ],
          [
            -69.6793923,
            -31.4025535
          ],
          [
            -69.6795268,
            -31.4025591
          ],
          [
            -69.6797709,
            -31.402566
          ],
          [
            -69.6800418,
            -31.4025694
          ],
          [
            -69.6803744,
            -31.4025683
          ],
          [
            -69.6807902,
            -31.4025694
          ],
          [
            -69.6815693,
            -31.4025751
          ],
          [
            -69.6817756,
            -31.4025863
          ],
          [
            -69.6819383,
            -31.4025961
          ],
          [
            -69.682019,
            -31.402604
          ],
          [
            -69.6821344,
            -31.4026151
          ],
          [
            -69.6822479,
            -31.4026175
          ],
          [
            -69.6823496,
            -31.4026162
          ],
          [
            -69.6824518,
            -31.4026072
          ],
          [
            -69.6825412,
            -31.4026032
          ],
          [
            -69.6826355,
            -31.4026083
          ],
          [
            -69.6827255,
            -31.4026227
          ],
          [
            -69.6827991,
            -31.4026438
          ],
          [
            -69.6828986,
            -31.402679
          ],
          [
            -69.6830834,
            -31.4027457
          ],
          [
            -69.6832199,
            -31.4027868
          ],
          [
            -69.6832954,
            -31.4027985
          ],
          [
            -69.6833671,
            -31.4028012
          ],
          [
            -69.6834536,
            -31.4027961
          ],
          [
            -69.6835944,
            -31.4027869
          ],
          [
            -69.6837441,
            -31.4027727
          ],
          [
            -69.6838881,
            -31.4027629
          ],
          [
            -69.6840208,
            -31.4027643
          ],
          [
            -69.6841402,
            -31.4027652
          ],
          [
            -69.6843334,
            -31.4027732
          ],
          [
            -69.6846835,
            -31.4028035
          ],
          [
            -69.6849531,
            -31.4028196
          ],
          [
            -69.6850723,
            -31.4028235
          ],
          [
            -69.6851522,
            -31.4028313
          ],
          [
            -69.6852171,
            -31.4028499
          ],
          [
            -69.6852877,
            -31.4028844
          ],
          [
            -69.6853633,
            -31.40293
          ],
          [
            -69.6854518,
            -31.4029918
          ],
          [
            -69.6855658,
            -31.403049
          ],
          [
            -69.6856771,
            -31.4031063
          ],
          [
            -69.6858008,
            -31.4031854
          ],
          [
            -69.685966,
            -31.4032903
          ],
          [
            -69.6860684,
            -31.4033406
          ],
          [
            -69.686172,
            -31.4033798
          ],
          [
            -69.6862511,
            -31.4033901
          ],
          [
            -69.6863665,
            -31.403389
          ],
          [
            -69.686514,
            -31.4034027
          ],
          [
            -69.6866477,
            -31.4034284
          ],
          [
            -69.686746,
            -31.4034508
          ],
          [
            -69.6868613,
            -31.4034588
          ],
          [
            -69.6870089,
            -31.4034668
          ],
          [
            -69.6871081,
            -31.4034863
          ],
          [
            -69.68721,
            -31.4035138
          ],
          [
            -69.6873144,
            -31.4035462
          ],
          [
            -69.6874326,
            -31.4035618
          ],
          [
            -69.687537,
            -31.4035633
          ],
          [
            -69.68766,
            -31.4035514
          ],
          [
            -69.6878229,
            -31.4035161
          ],
          [
            -69.6879718,
            -31.403484
          ],
          [
            -69.6881053,
            -31.4034434
          ],
          [
            -69.6882467,
            -31.4033867
          ],
          [
            -69.6883325,
            -31.4033535
          ],
          [
            -69.6884168,
            -31.4033314
          ],
          [
            -69.688531,
            -31.4033203
          ],
          [
            -69.6886578,
            -31.4033161
          ],
          [
            -69.6887678,
            -31.4033071
          ],
          [
            -69.688866,
            -31.4032859
          ],
          [
            -69.6889414,
            -31.4032619
          ],
          [
            -69.6890188,
            -31.4032331
          ],
          [
            -69.6890862,
            -31.4031956
          ],
          [
            -69.689168,
            -31.4031315
          ],
          [
            -69.6892941,
            -31.403025
          ],
          [
            -69.6894631,
            -31.4028773
          ],
          [
            -69.6896696,
            -31.4027091
          ],
          [
            -69.6898522,
            -31.4025516
          ],
          [
            -69.690025,
            -31.4024046
          ],
          [
            -69.6901251,
            -31.402304
          ],
          [
            -69.6902061,
            -31.4022146
          ],
          [
            -69.6902798,
            -31.4021239
          ],
          [
            -69.6903375,
            -31.4020578
          ],
          [
            -69.6903994,
            -31.4020079
          ],
          [
            -69.6904394,
            -31.4019834
          ],
          [
            -69.690522,
            -31.4019573
          ],
          [
            -69.6906175,
            -31.4019416
          ],
          [
            -69.6907143,
            -31.4019181
          ],
          [
            -69.6907987,
            -31.4019147
          ],
          [
            -69.6908644,
            -31.4019238
          ],
          [
            -69.690937,
            -31.4019421
          ],
          [
            -69.691004,
            -31.4019742
          ],
          [
            -69.6911047,
            -31.4020276
          ],
          [
            -69.691187,
            -31.4020591
          ],
          [
            -69.6912816,
            -31.4020681
          ],
          [
            -69.6913956,
            -31.4020623
          ],
          [
            -69.6915431,
            -31.4020486
          ],
          [
            -69.6916571,
            -31.4020475
          ],
          [
            -69.6917805,
            -31.4020555
          ],
          [
            -69.6919311,
            -31.4020673
          ],
          [
            -69.6920849,
            -31.4020658
          ],
          [
            -69.6922706,
            -31.4020453
          ],
          [
            -69.6924723,
            -31.4020158
          ],
          [
            -69.6926053,
            -31.4019788
          ],
          [
            -69.6926861,
            -31.4019429
          ],
          [
            -69.6927662,
            -31.4018952
          ],
          [
            -69.6928415,
            -31.4018512
          ],
          [
            -69.6929163,
            -31.4018254
          ],
          [
            -69.6929835,
            -31.4018162
          ],
          [
            -69.693072,
            -31.4018174
          ],
          [
            -69.6931415,
            -31.4018247
          ],
          [
            -69.6932343,
            -31.4018448
          ],
          [
            -69.6937659,
            -31.4019851
          ],
          [
            -69.6938686,
            -31.4020074
          ],
          [
            -69.6939535,
            -31.4020184
          ],
          [
            -69.6940282,
            -31.4020234
          ],
          [
            -69.6941039,
            -31.4020219
          ],
          [
            -69.6945535,
            -31.4019252
          ],
          [
            -69.6946894,
            -31.4018941
          ],
          [
            -69.6947993,
            -31.4018551
          ],
          [
            -69.6949016,
            -31.4018022
          ],
          [
            -69.6954757,
            -31.4014937
          ],
          [
            -69.6955517,
            -31.401466
          ],
          [
            -69.695636,
            -31.401437
          ],
          [
            -69.6957287,
            -31.4014293
          ],
          [
            -69.6958187,
            -31.4014316
          ],
          [
            -69.6959037,
            -31.4014428
          ],
          [
            -69.6959808,
            -31.4014602
          ],
          [
            -69.6960961,
            -31.4014992
          ],
          [
            -69.6962225,
            -31.4015382
          ],
          [
            -69.6963705,
            -31.401553
          ],
          [
            -69.6965453,
            -31.4015539
          ],
          [
            -69.696724,
            -31.4015447
          ],
          [
            -69.6968901,
            -31.4015266
          ],
          [
            -69.6970591,
            -31.401482
          ],
          [
            -69.6974373,
            -31.4013678
          ],
          [
            -69.6986443,
            -31.4010356
          ],
          [
            -69.6988857,
            -31.4009669
          ],
          [
            -69.6991579,
            -31.4008982
          ],
          [
            -69.6993095,
            -31.4008593
          ],
          [
            -69.6994382,
            -31.4008192
          ],
          [
            -69.6997386,
            -31.4007128
          ],
          [
            -69.700023,
            -31.4006159
          ],
          [
            -69.7001342,
            -31.400588
          ],
          [
            -69.7002,
            -31.4005731
          ],
          [
            -69.7003016,
            -31.4005592
          ],
          [
            -69.7003944,
            -31.4005559
          ],
          [
            -69.7005337,
            -31.4005642
          ],
          [
            -69.700762,
            -31.4005895
          ],
          [
            -69.7008705,
            -31.4005868
          ],
          [
            -69.7009335,
            -31.4005713
          ],
          [
            -69.7009885,
            -31.4005353
          ],
          [
            -69.7010237,
            -31.4004973
          ],
          [
            -69.7010972,
            -31.4004174
          ],
          [
            -69.701161,
            -31.4003661
          ],
          [
            -69.7012497,
            -31.4003444
          ],
          [
            -69.7013989,
            -31.4003396
          ],
          [
            -69.701625,
            -31.4003565
          ],
          [
            -69.701757,
            -31.4003625
          ],
          [
            -69.7018348,
            -31.400351
          ],
          [
            -69.7019065,
            -31.4003213
          ],
          [
            -69.7020028,
            -31.4002617
          ],
          [
            -69.7020976,
            -31.4001976
          ],
          [
            -69.7021808,
            -31.4001351
          ],
          [
            -69.7024883,
            -31.3998143
          ],
          [
            -69.7025691,
            -31.399751
          ],
          [
            -69.7026427,
            -31.3997006
          ],
          [
            -69.7027279,
            -31.3996619
          ],
          [
            -69.702846,
            -31.399623
          ],
          [
            -69.7030699,
            -31.3995658
          ],
          [
            -69.7032014,
            -31.3995337
          ],
          [
            -69.7033663,
            -31.399473
          ],
          [
            -69.7037509,
            -31.3993198
          ],
          [
            -69.7038451,
            -31.3992853
          ],
          [
            -69.7039228,
            -31.3992698
          ],
          [
            -69.703998,
            -31.3992659
          ],
          [
            -69.7040812,
            -31.3992725
          ],
          [
            -69.7042072,
            -31.399291
          ],
          [
            -69.7044526,
            -31.3993368
          ],
          [
            -69.7048455,
            -31.3994204
          ],
          [
            -69.7052084,
            -31.3995053
          ],
          [
            -69.7053632,
            -31.3995314
          ],
          [
            -69.7054732,
            -31.399544
          ],
          [
            -69.7055612,
            -31.3995424
          ],
          [
            -69.7056698,
            -31.3995291
          ],
          [
            -69.7058018,
            -31.3994994
          ],
          [
            -69.7059761,
            -31.3994456
          ],
          [
            -69.7062215,
            -31.3993769
          ],
          [
            -69.7064361,
            -31.3993288
          ],
          [
            -69.7066104,
            -31.3992899
          ],
          [
            -69.7067888,
            -31.3992407
          ],
          [
            -69.7070248,
            -31.399172
          ],
          [
            -69.7071777,
            -31.3991296
          ],
          [
            -69.7074366,
            -31.3990713
          ],
          [
            -69.7078292,
            -31.3989778
          ],
          [
            -69.7079757,
            -31.3989362
          ],
          [
            -69.708095,
            -31.3989007
          ],
          [
            -69.7081889,
            -31.3988691
          ],
          [
            -69.7082737,
            -31.3988298
          ],
          [
            -69.7083606,
            -31.3987793
          ],
          [
            -69.7084598,
            -31.3987061
          ],
          [
            -69.708657,
            -31.3985722
          ],
          [
            -69.7089784,
            -31.3983596
          ],
          [
            -69.7092983,
            -31.3981551
          ],
          [
            -69.7106726,
            -31.397369
          ],
          [
            -69.7107401,
            -31.397325
          ],
          [
            -69.7107929,
            -31.397283
          ],
          [
            -69.7108412,
            -31.3972304
          ],
          [
            -69.7108752,
            -31.3971847
          ],
          [
            -69.7109127,
            -31.3971115
          ],
          [
            -69.710965,
            -31.3969833
          ],
          [
            -69.7110043,
            -31.3969166
          ],
          [
            -69.7110469,
            -31.3968641
          ],
          [
            -69.7111139,
            -31.3968161
          ],
          [
            -69.7111845,
            -31.3967823
          ],
          [
            -69.7112722,
            -31.3967554
          ],
          [
            -69.711362,
            -31.3967394
          ],
          [
            -69.7114625,
            -31.3967341
          ],
          [
            -69.7115706,
            -31.3967417
          ],
          [
            -69.7116929,
            -31.3967656
          ],
          [
            -69.711818,
            -31.3967944
          ],
          [
            -69.7120331,
            -31.3968672
          ],
          [
            -69.7121664,
            -31.3969068
          ],
          [
            -69.7122699,
            -31.396926
          ],
          [
            -69.7123685,
            -31.3969243
          ],
          [
            -69.7124577,
            -31.3969123
          ],
          [
            -69.7125569,
            -31.3968837
          ],
          [
            -69.7127184,
            -31.3968311
          ],
          [
            -69.7128697,
            -31.396784
          ],
          [
            -69.7130062,
            -31.3967589
          ],
          [
            -69.713225,
            -31.3967332
          ],
          [
            -69.7137125,
            -31.3966677
          ],
          [
            -69.7140507,
            -31.3966121
          ],
          [
            -69.7142346,
            -31.3965735
          ],
          [
            -69.7143992,
            -31.3965338
          ],
          [
            -69.7145632,
            -31.3964842
          ],
          [
            -69.7147,
            -31.3964415
          ],
          [
            -69.7148193,
            -31.3963949
          ],
          [
            -69.7149052,
            -31.3963582
          ],
          [
            -69.7149689,
            -31.396323
          ],
          [
            -69.7153218,
            -31.3961032
          ],
          [
            -69.7153907,
            -31.3960675
          ],
          [
            -69.7154397,
            -31.3960513
          ],
          [
            -69.7155023,
            -31.3960425
          ],
          [
            -69.7156086,
            -31.3960354
          ],
          [
            -69.7157307,
            -31.3960358
          ],
          [
            -69.7158271,
            -31.3960285
          ],
          [
            -69.7158882,
            -31.3960114
          ],
          [
            -69.7159539,
            -31.3959736
          ],
          [
            -69.7160633,
            -31.3958965
          ],
          [
            -69.7162867,
            -31.3957293
          ],
          [
            -69.7163757,
            -31.3956622
          ],
          [
            -69.7164367,
            -31.3956164
          ],
          [
            -69.7165024,
            -31.3955798
          ],
          [
            -69.7165641,
            -31.3955546
          ],
          [
            -69.7166593,
            -31.3955329
          ],
          [
            -69.7168297,
            -31.3955054
          ],
          [
            -69.7169318,
            -31.3954783
          ],
          [
            -69.7170188,
            -31.3954493
          ],
          [
            -69.7171006,
            -31.3954115
          ],
          [
            -69.7172296,
            -31.3953494
          ],
          [
            -69.7174292,
            -31.3952539
          ],
          [
            -69.7175498,
            -31.3951975
          ],
          [
            -69.7176357,
            -31.3951698
          ],
          [
            -69.7177267,
            -31.3951473
          ],
          [
            -69.717802,
            -31.3951368
          ],
          [
            -69.7179803,
            -31.3951253
          ],
          [
            -69.7182485,
            -31.3951173
          ],
          [
            -69.7184406,
            -31.3951076
          ],
          [
            -69.7185771,
            -31.3950921
          ],
          [
            -69.7186871,
            -31.3950727
          ],
          [
            -69.7188226,
            -31.3950426
          ],
          [
            -69.7189982,
            -31.395004
          ],
          [
            -69.7191726,
            -31.3949754
          ],
          [
            -69.7195467,
            -31.394933
          ],
          [
            -69.7202119,
            -31.394846
          ],
          [
            -69.7212553,
            -31.3947338
          ],
          [
            -69.7218347,
            -31.3946629
          ],
          [
            -69.722119,
            -31.3946285
          ],
          [
            -69.722331,
            -31.3946038
          ]
        ]
      }
    },
    {
      "type": "Feature",
      "id": "osm-way-1436597152",
      "properties": {
        "highway": "tertiary",
        "lanes": "2",
        "maxspeed": "60",
        "name": "Camino a Los Azules",
        "oneway": "no",
        "ref": "RP437",
        "surface": "pebblestone",
        "osmWayId": 1436597152,
        "sourceFeatureId": "osm-way-1436597152",
        "selectedForCorridor": "los-azules",
        "selectionMethod": "reviewed source-junction clip between pinned coordinates",
        "selectionLengthKm": 0.046352,
        "sourceGeometryClipped": true
      },
      "geometry": {
        "type": "LineString",
        "coordinates": [
          [
            -69.722331,
            -31.3946038
          ],
          [
            -69.7223872,
            -31.3945484
          ],
          [
            -69.7224301,
            -31.39449
          ],
          [
            -69.7224918,
            -31.3943812
          ],
          [
            -69.7225497,
            -31.3942356
          ]
        ]
      }
    },
    {
      "type": "Feature",
      "id": "osm-way-996528083",
      "properties": {
        "bridge": "yes",
        "highway": "tertiary",
        "lanes": "2",
        "layer": "1",
        "maxspeed": "60",
        "name": "Camino a Los Azules",
        "oneway": "no",
        "ref": "RP437",
        "surface": "pebblestone",
        "osmWayId": 996528083,
        "sourceFeatureId": "osm-way-996528083",
        "selectedForCorridor": "los-azules",
        "selectionMethod": "reviewed source-junction clip between pinned coordinates",
        "selectionLengthKm": 0.052538,
        "sourceGeometryClipped": true
      },
      "geometry": {
        "type": "LineString",
        "coordinates": [
          [
            -69.7225497,
            -31.3942356
          ],
          [
            -69.7226907,
            -31.3937787
          ]
        ]
      }
    },
    {
      "type": "Feature",
      "id": "osm-way-1436646663",
      "properties": {
        "highway": "tertiary",
        "lanes": "2",
        "maxspeed": "60",
        "name": "Camino a Los Azules",
        "oneway": "no",
        "ref": "RP437",
        "surface": "pebblestone",
        "osmWayId": 1436646663,
        "sourceFeatureId": "osm-way-1436646663",
        "selectedForCorridor": "los-azules",
        "selectionMethod": "reviewed source-junction clip between pinned coordinates",
        "selectionLengthKm": 5.412226,
        "sourceGeometryClipped": true
      },
      "geometry": {
        "type": "LineString",
        "coordinates": [
          [
            -69.7226907,
            -31.3937787
          ],
          [
            -69.7227439,
            -31.3937013
          ],
          [
            -69.7228566,
            -31.393612
          ],
          [
            -69.7230202,
            -31.3935341
          ],
          [
            -69.7232723,
            -31.3934494
          ],
          [
            -69.7235459,
            -31.3933509
          ],
          [
            -69.7237954,
            -31.3932296
          ],
          [
            -69.7240153,
            -31.3930968
          ],
          [
            -69.7242084,
            -31.3929984
          ],
          [
            -69.7243667,
            -31.3929457
          ],
          [
            -69.7245276,
            -31.3929342
          ],
          [
            -69.724777,
            -31.3929297
          ],
          [
            -69.7250104,
            -31.3929068
          ],
          [
            -69.725225,
            -31.3929094
          ],
          [
            -69.7256156,
            -31.3929266
          ],
          [
            -69.7258097,
            -31.3929365
          ],
          [
            -69.7259166,
            -31.3929607
          ],
          [
            -69.7260967,
            -31.393019
          ],
          [
            -69.7262164,
            -31.3930691
          ],
          [
            -69.7263067,
            -31.3930747
          ],
          [
            -69.7263893,
            -31.3930732
          ],
          [
            -69.7264722,
            -31.3930579
          ],
          [
            -69.7266171,
            -31.3930186
          ],
          [
            -69.7267377,
            -31.392964
          ],
          [
            -69.7269979,
            -31.3928495
          ],
          [
            -69.7272393,
            -31.3927488
          ],
          [
            -69.7275317,
            -31.3926137
          ],
          [
            -69.7276658,
            -31.3925519
          ],
          [
            -69.7277972,
            -31.3925381
          ],
          [
            -69.7279286,
            -31.3925427
          ],
          [
            -69.7281513,
            -31.392561
          ],
          [
            -69.7283471,
            -31.3925702
          ],
          [
            -69.7285724,
            -31.3926137
          ],
          [
            -69.7288647,
            -31.3926526
          ],
          [
            -69.7290686,
            -31.3926732
          ],
          [
            -69.7293663,
            -31.3927694
          ],
          [
            -69.7295058,
            -31.3928243
          ],
          [
            -69.7296318,
            -31.3928495
          ],
          [
            -69.7297606,
            -31.3928541
          ],
          [
            -69.7299644,
            -31.3928358
          ],
          [
            -69.7301844,
            -31.3928152
          ],
          [
            -69.7303748,
            -31.3928198
          ],
          [
            -69.7305438,
            -31.392845
          ],
          [
            -69.7306618,
            -31.3928747
          ],
          [
            -69.7308683,
            -31.3929136
          ],
          [
            -69.7310346,
            -31.3929434
          ],
          [
            -69.731217,
            -31.3929571
          ],
          [
            -69.7314477,
            -31.3929777
          ],
          [
            -69.7316274,
            -31.3930075
          ],
          [
            -69.7318527,
            -31.3930556
          ],
          [
            -69.7322658,
            -31.3931747
          ],
          [
            -69.7324401,
            -31.3932136
          ],
          [
            -69.7325715,
            -31.3932319
          ],
          [
            -69.7327057,
            -31.3932204
          ],
          [
            -69.7329122,
            -31.3931975
          ],
          [
            -69.7331992,
            -31.3931815
          ],
          [
            -69.7333923,
            -31.3931655
          ],
          [
            -69.7335693,
            -31.3931678
          ],
          [
            -69.7337168,
            -31.3931769
          ],
          [
            -69.7338751,
            -31.3931953
          ],
          [
            -69.7339797,
            -31.393225
          ],
          [
            -69.7341138,
            -31.3932456
          ],
          [
            -69.7342238,
            -31.3932433
          ],
          [
            -69.734323,
            -31.3932227
          ],
          [
            -69.7344598,
            -31.3931769
          ],
          [
            -69.7346529,
            -31.3930785
          ],
          [
            -69.7348782,
            -31.3929892
          ],
          [
            -69.7350982,
            -31.3928976
          ],
          [
            -69.7355112,
            -31.3927534
          ],
          [
            -69.7358921,
            -31.3926343
          ],
          [
            -69.7360209,
            -31.3925908
          ],
          [
            -69.7361174,
            -31.3925633
          ],
          [
            -69.7362864,
            -31.3925496
          ],
          [
            -69.7364232,
            -31.3925313
          ],
          [
            -69.7365493,
            -31.3925015
          ],
          [
            -69.73667,
            -31.3924809
          ],
          [
            -69.7368121,
            -31.3924626
          ],
          [
            -69.737083,
            -31.3924076
          ],
          [
            -69.7372091,
            -31.392387
          ],
          [
            -69.7373378,
            -31.3923435
          ],
          [
            -69.7374612,
            -31.392252
          ],
          [
            -69.7376007,
            -31.3922062
          ],
          [
            -69.7377482,
            -31.3921352
          ],
          [
            -69.7381237,
            -31.3919131
          ],
          [
            -69.7382578,
            -31.3918261
          ],
          [
            -69.7384027,
            -31.3917711
          ],
          [
            -69.7385609,
            -31.3917047
          ],
          [
            -69.7386709,
            -31.3916544
          ],
          [
            -69.7388935,
            -31.3915261
          ],
          [
            -69.7390652,
            -31.3914369
          ],
          [
            -69.7392502,
            -31.391375
          ],
          [
            -69.7394246,
            -31.3913315
          ],
          [
            -69.7395104,
            -31.391327
          ],
          [
            -69.7396418,
            -31.3913247
          ],
          [
            -69.7397411,
            -31.3912995
          ],
          [
            -69.7398564,
            -31.3912537
          ],
          [
            -69.7399664,
            -31.3912033
          ],
          [
            -69.74013,
            -31.3911484
          ],
          [
            -69.7402775,
            -31.39113
          ],
          [
            -69.7404251,
            -31.3910934
          ],
          [
            -69.740586,
            -31.3910293
          ],
          [
            -69.7407389,
            -31.3909652
          ],
          [
            -69.7408623,
            -31.3909057
          ],
          [
            -69.7410232,
            -31.3908141
          ],
          [
            -69.7411895,
            -31.3907248
          ],
          [
            -69.741337,
            -31.3906446
          ],
          [
            -69.7415677,
            -31.3905553
          ],
          [
            -69.7417554,
            -31.3904752
          ],
          [
            -69.7418654,
            -31.3904409
          ],
          [
            -69.7419754,
            -31.3904111
          ],
          [
            -69.7420719,
            -31.3903859
          ],
          [
            -69.7421551,
            -31.3903378
          ],
          [
            -69.7422677,
            -31.3902508
          ],
          [
            -69.7426111,
            -31.390047
          ],
          [
            -69.7427774,
            -31.3899692
          ],
          [
            -69.7428927,
            -31.3899211
          ],
          [
            -69.7430402,
            -31.3898822
          ],
          [
            -69.7436088,
            -31.3897837
          ],
          [
            -69.7437161,
            -31.3897631
          ],
          [
            -69.743818,
            -31.3897631
          ],
          [
            -69.7439334,
            -31.3897723
          ],
          [
            -69.7440809,
            -31.3897677
          ],
          [
            -69.7442579,
            -31.3897654
          ],
          [
            -69.744392,
            -31.3897494
          ],
          [
            -69.7446013,
            -31.3896784
          ],
          [
            -69.7447622,
            -31.3896097
          ],
          [
            -69.7449768,
            -31.3895433
          ],
          [
            -69.7451967,
            -31.3894907
          ],
          [
            -69.7454059,
            -31.3894037
          ],
          [
            -69.7455615,
            -31.3893327
          ],
          [
            -69.7457573,
            -31.3892754
          ],
          [
            -69.7461408,
            -31.3891816
          ],
          [
            -69.7463179,
            -31.3891632
          ],
          [
            -69.7464949,
            -31.3891816
          ],
          [
            -69.7466531,
            -31.3891724
          ],
          [
            -69.7468999,
            -31.3891426
          ],
          [
            -69.7471467,
            -31.3890946
          ],
          [
            -69.7472942,
            -31.3890694
          ],
          [
            -69.7474819,
            -31.3890694
          ],
          [
            -69.7477904,
            -31.3890075
          ],
          [
            -69.7480157,
            -31.3889549
          ],
          [
            -69.7481605,
            -31.3888931
          ],
          [
            -69.7483403,
            -31.3888244
          ],
          [
            -69.7485146,
            -31.3887832
          ],
          [
            -69.7486621,
            -31.3887809
          ],
          [
            -69.7487801,
            -31.3888083
          ],
          [
            -69.7489437,
            -31.3888358
          ],
          [
            -69.7491664,
            -31.3888725
          ],
          [
            -69.7494963,
            -31.3888999
          ],
          [
            -69.749625,
            -31.3888999
          ],
          [
            -69.7496814,
            -31.3888908
          ],
          [
            -69.7497994,
            -31.3888518
          ],
          [
            -69.7498584,
            -31.3888152
          ],
          [
            -69.7499147,
            -31.3887877
          ],
          [
            -69.7500381,
            -31.3887465
          ],
          [
            -69.7501186,
            -31.3887465
          ],
          [
            -69.750199,
            -31.3887419
          ],
          [
            -69.7502741,
            -31.3887053
          ],
          [
            -69.7503412,
            -31.3886412
          ],
          [
            -69.7504243,
            -31.3885931
          ],
          [
            -69.7505128,
            -31.3885565
          ],
          [
            -69.7506496,
            -31.3885176
          ],
          [
            -69.7507569,
            -31.3884695
          ],
          [
            -69.7509125,
            -31.3884168
          ],
          [
            -69.7510171,
            -31.3883779
          ],
          [
            -69.7511083,
            -31.3883619
          ],
          [
            -69.7512236,
            -31.3883733
          ],
          [
            -69.7515267,
            -31.3884214
          ],
          [
            -69.7517118,
            -31.3884512
          ],
          [
            -69.7518513,
            -31.3884741
          ],
          [
            -69.751972,
            -31.3884855
          ],
          [
            -69.752098,
            -31.3884855
          ],
          [
            -69.7522053,
            -31.3884809
          ],
          [
            -69.752326,
            -31.3884901
          ],
          [
            -69.7524521,
            -31.3885107
          ],
          [
            -69.7525647,
            -31.3885496
          ],
          [
            -69.7529241,
            -31.3886435
          ],
          [
            -69.7530717,
            -31.3886755
          ],
          [
            -69.7532085,
            -31.3886847
          ],
          [
            -69.7533292,
            -31.3886733
          ],
          [
            -69.7534418,
            -31.388632
          ],
          [
            -69.7535598,
            -31.3885771
          ],
          [
            -69.7537342,
            -31.3885382
          ],
          [
            -69.7539595,
            -31.3884992
          ],
          [
            -69.7540668,
            -31.3884489
          ],
          [
            -69.7541526,
            -31.3883779
          ],
          [
            -69.7542197,
            -31.3882886
          ],
          [
            -69.7542706,
            -31.3881718
          ],
          [
            -69.7542974,
            -31.3880207
          ],
          [
            -69.7543135,
            -31.3878513
          ],
          [
            -69.7543564,
            -31.3877047
          ],
          [
            -69.7544235,
            -31.3875834
          ],
          [
            -69.7551209,
            -31.3868255
          ],
          [
            -69.7552067,
            -31.3867499
          ],
          [
            -69.7552818,
            -31.3866789
          ],
          [
            -69.7553328,
            -31.3865599
          ],
          [
            -69.7553355,
            -31.3864522
          ],
          [
            -69.7553623,
            -31.3863675
          ],
          [
            -69.7554052,
            -31.3863149
          ],
          [
            -69.7554696,
            -31.3862805
          ],
          [
            -69.7555929,
            -31.3862301
          ],
          [
            -69.7556949,
            -31.3861889
          ],
          [
            -69.7557405,
            -31.3861134
          ],
          [
            -69.75577,
            -31.3859645
          ],
          [
            -69.7558075,
            -31.3857791
          ],
          [
            -69.7558746,
            -31.3856417
          ],
          [
            -69.7559765,
            -31.3855363
          ],
          [
            -69.7561267,
            -31.3854402
          ],
          [
            -69.7563681,
            -31.3853761
          ],
          [
            -69.7565585,
            -31.3853509
          ],
          [
            -69.7567114,
            -31.3853348
          ],
          [
            -69.7568053,
            -31.3853005
          ],
          [
            -69.7568697,
            -31.3852295
          ],
          [
            -69.756926,
            -31.3851265
          ],
          [
            -69.7569984,
            -31.3850234
          ],
          [
            -69.7571674,
            -31.3848677
          ],
          [
            -69.7573927,
            -31.3846594
          ],
          [
            -69.7576368,
            -31.3844922
          ],
          [
            -69.7578219,
            -31.384396
          ],
          [
            -69.7580177,
            -31.3842861
          ],
          [
            -69.7582054,
            -31.3842129
          ],
          [
            -69.7583932,
            -31.3841693
          ],
          [
            -69.7585326,
            -31.3841465
          ],
          [
            -69.7586668,
            -31.3840823
          ],
          [
            -69.7588143,
            -31.3839816
          ],
          [
            -69.7591227,
            -31.3837366
          ],
          [
            -69.7596672,
            -31.3832809
          ],
          [
            -69.7598335,
            -31.3831298
          ],
          [
            -69.7599435,
            -31.3829855
          ],
          [
            -69.7600079,
            -31.3827222
          ],
          [
            -69.7600186,
            -31.3825321
          ],
          [
            -69.7600105,
            -31.3823673
          ],
          [
            -69.7599971,
            -31.3822207
          ],
          [
            -69.7599649,
            -31.3820742
          ],
          [
            -69.7599381,
            -31.3819757
          ],
          [
            -69.7599408,
            -31.3818543
          ],
          [
            -69.7599757,
            -31.3817215
          ],
          [
            -69.760024,
            -31.3815819
          ],
          [
            -69.7600856,
            -31.3814651
          ],
          [
            -69.76015,
            -31.381362
          ],
          [
            -69.7603029,
            -31.3812636
          ],
          [
            -69.7604021,
            -31.381204
          ],
          [
            -69.7605711,
            -31.3810941
          ],
          [
            -69.7610486,
            -31.3807438
          ],
          [
            -69.7612283,
            -31.3806361
          ],
          [
            -69.7613436,
            -31.3805995
          ],
          [
            -69.7614777,
            -31.3805743
          ],
          [
            -69.7615743,
            -31.3805125
          ],
          [
            -69.7616494,
            -31.3804072
          ],
          [
            -69.7618023,
            -31.3802331
          ],
          [
            -69.7619069,
            -31.3801484
          ],
          [
            -69.7620437,
            -31.3800866
          ],
          [
            -69.7622448,
            -31.3800568
          ],
          [
            -69.7623575,
            -31.3800568
          ],
          [
            -69.7624889,
            -31.380066
          ],
          [
            -69.7625908,
            -31.3800454
          ],
          [
            -69.7629449,
            -31.3799309
          ],
          [
            -69.7631273,
            -31.379869
          ],
          [
            -69.7632372,
            -31.3798347
          ],
          [
            -69.763374,
            -31.3798301
          ],
          [
            -69.7637623,
            -31.3798576
          ],
          [
            -69.7638186,
            -31.3798582
          ],
          [
            -69.7638689,
            -31.3798467
          ],
          [
            -69.7639393,
            -31.3798124
          ],
          [
            -69.7640888,
            -31.3797242
          ],
          [
            -69.7645998,
            -31.3794133
          ],
          [
            -69.7648305,
            -31.3793217
          ],
          [
            -69.7651711,
            -31.3791798
          ],
          [
            -69.7654018,
            -31.3790813
          ],
          [
            -69.7657049,
            -31.3790012
          ],
          [
            -69.7671586,
            -31.3786989
          ],
          [
            -69.7672471,
            -31.3786966
          ],
          [
            -69.7673383,
            -31.3787172
          ],
          [
            -69.7673973,
            -31.3787653
          ],
          [
            -69.7674242,
            -31.3788271
          ],
          [
            -69.7674939,
            -31.3788912
          ],
          [
            -69.7676173,
            -31.3789462
          ],
          [
            -69.7677863,
            -31.3790195
          ],
          [
            -69.7679204,
            -31.379095
          ],
          [
            -69.7681162,
            -31.3791729
          ],
          [
            -69.7684622,
            -31.3792782
          ],
          [
            -69.7688672,
            -31.3794248
          ],
          [
            -69.7689503,
            -31.3794637
          ],
          [
            -69.7690254,
            -31.3795164
          ],
          [
            -69.7691059,
            -31.3795965
          ],
          [
            -69.7691837,
            -31.3796675
          ],
          [
            -69.7693151,
            -31.3797156
          ],
          [
            -69.7694653,
            -31.3797477
          ],
          [
            -69.7696021,
            -31.3797683
          ],
          [
            -69.7698113,
            -31.3797797
          ],
          [
            -69.7699696,
            -31.3798072
          ],
          [
            -69.7701922,
            -31.3798255
          ],
          [
            -69.7703183,
            -31.379837
          ],
          [
            -69.7705221,
            -31.3798072
          ],
          [
            -69.7706428,
            -31.379798
          ],
          [
            -69.7708279,
            -31.3797614
          ],
          [
            -69.7709561,
            -31.3797224
          ],
          [
            -69.7711229,
            -31.3796377
          ],
          [
            -69.7712376,
            -31.3795931
          ]
        ]
      }
    },
    {
      "type": "Feature",
      "id": "osm-way-1436646662",
      "properties": {
        "bridge": "yes",
        "highway": "tertiary",
        "lanes": "2",
        "layer": "1",
        "maxspeed": "60",
        "name": "Camino a Los Azules",
        "oneway": "no",
        "ref": "RP437",
        "surface": "pebblestone",
        "osmWayId": 1436646662,
        "sourceFeatureId": "osm-way-1436646662",
        "selectedForCorridor": "los-azules",
        "selectionMethod": "reviewed source-junction clip between pinned coordinates",
        "selectionLengthKm": 0.014089,
        "sourceGeometryClipped": true
      },
      "geometry": {
        "type": "LineString",
        "coordinates": [
          [
            -69.7712376,
            -31.3795931
          ],
          [
            -69.7713623,
            -31.3795244
          ]
        ]
      }
    },
    {
      "type": "Feature",
      "id": "osm-way-1436828911",
      "properties": {
        "highway": "tertiary",
        "lanes": "2",
        "maxspeed": "60",
        "name": "Camino a Los Azules",
        "oneway": "no",
        "ref": "RP437",
        "surface": "pebblestone",
        "osmWayId": 1436828911,
        "sourceFeatureId": "osm-way-1436828911",
        "selectedForCorridor": "los-azules",
        "selectionMethod": "reviewed source-junction clip between pinned coordinates",
        "selectionLengthKm": 0.399682,
        "sourceGeometryClipped": true
      },
      "geometry": {
        "type": "LineString",
        "coordinates": [
          [
            -69.7713623,
            -31.3795244
          ],
          [
            -69.7714106,
            -31.3794881
          ],
          [
            -69.7714555,
            -31.3794465
          ],
          [
            -69.7714993,
            -31.3793961
          ],
          [
            -69.7715347,
            -31.379332
          ],
          [
            -69.7715747,
            -31.3792607
          ],
          [
            -69.7716141,
            -31.3791856
          ],
          [
            -69.7716527,
            -31.3791288
          ],
          [
            -69.7716902,
            -31.3790824
          ],
          [
            -69.7717494,
            -31.3790296
          ],
          [
            -69.7718135,
            -31.3789503
          ],
          [
            -69.7718391,
            -31.37885
          ],
          [
            -69.7718614,
            -31.3787381
          ],
          [
            -69.77189,
            -31.3786142
          ],
          [
            -69.7719272,
            -31.3785285
          ],
          [
            -69.7720335,
            -31.3784243
          ],
          [
            -69.7721823,
            -31.3783298
          ],
          [
            -69.772287,
            -31.3782558
          ],
          [
            -69.7723715,
            -31.378194
          ],
          [
            -69.7724932,
            -31.3781033
          ],
          [
            -69.7726223,
            -31.3779856
          ],
          [
            -69.7727366,
            -31.377884
          ],
          [
            -69.7727852,
            -31.3778373
          ],
          [
            -69.7728221,
            -31.3777909
          ],
          [
            -69.7728711,
            -31.3777277
          ],
          [
            -69.7729059,
            -31.377693
          ],
          [
            -69.7729527,
            -31.3776632
          ],
          [
            -69.7730479,
            -31.3776093
          ],
          [
            -69.7731856,
            -31.3775379
          ],
          [
            -69.7733423,
            -31.3774633
          ],
          [
            -69.7735232,
            -31.3773867
          ],
          [
            -69.7736818,
            -31.3773364
          ],
          [
            -69.773845,
            -31.3772997
          ],
          [
            -69.7739718,
            -31.3772848
          ],
          [
            -69.7740653,
            -31.3772952
          ],
          [
            -69.7741574,
            -31.3773406
          ],
          [
            -69.7742535,
            -31.3773893
          ]
        ]
      }
    },
    {
      "type": "Feature",
      "id": "osm-way-1436828910",
      "properties": {
        "bridge": "yes",
        "highway": "tertiary",
        "lanes": "2",
        "layer": "1",
        "maxspeed": "60",
        "name": "Camino a Los Azules",
        "oneway": "no",
        "ref": "RP437",
        "surface": "pebblestone",
        "osmWayId": 1436828910,
        "sourceFeatureId": "osm-way-1436828910",
        "selectedForCorridor": "los-azules",
        "selectionMethod": "reviewed source-junction clip between pinned coordinates",
        "selectionLengthKm": 0.035125,
        "sourceGeometryClipped": true
      },
      "geometry": {
        "type": "LineString",
        "coordinates": [
          [
            -69.7742535,
            -31.3773893
          ],
          [
            -69.7745685,
            -31.377555
          ]
        ]
      }
    },
    {
      "type": "Feature",
      "id": "osm-way-1436828909",
      "properties": {
        "highway": "tertiary",
        "lanes": "2",
        "maxspeed": "60",
        "name": "Camino a Los Azules",
        "oneway": "no",
        "ref": "RP437",
        "surface": "pebblestone",
        "osmWayId": 1436828909,
        "sourceFeatureId": "osm-way-1436828909",
        "selectedForCorridor": "los-azules",
        "selectionMethod": "reviewed source-junction clip between pinned coordinates",
        "selectionLengthKm": 5.413811,
        "sourceGeometryClipped": true
      },
      "geometry": {
        "type": "LineString",
        "coordinates": [
          [
            -69.7745685,
            -31.377555
          ],
          [
            -69.7746366,
            -31.3775757
          ],
          [
            -69.7747278,
            -31.3775997
          ],
          [
            -69.774878,
            -31.3776089
          ],
          [
            -69.7750385,
            -31.3775917
          ],
          [
            -69.775157,
            -31.3775562
          ],
          [
            -69.7752509,
            -31.3775241
          ],
          [
            -69.7753635,
            -31.3774715
          ],
          [
            -69.7754815,
            -31.3773822
          ],
          [
            -69.775621,
            -31.3773043
          ],
          [
            -69.7757551,
            -31.3772631
          ],
          [
            -69.7758812,
            -31.3772631
          ],
          [
            -69.7760555,
            -31.3772952
          ],
          [
            -69.7762433,
            -31.3773112
          ],
          [
            -69.7765088,
            -31.377302
          ],
          [
            -69.7769916,
            -31.3772608
          ],
          [
            -69.7771633,
            -31.3772379
          ],
          [
            -69.7773269,
            -31.3771829
          ],
          [
            -69.7774503,
            -31.3771074
          ],
          [
            -69.7775361,
            -31.3770204
          ],
          [
            -69.7775924,
            -31.3769265
          ],
          [
            -69.7777024,
            -31.3768417
          ],
          [
            -69.7778285,
            -31.3768143
          ],
          [
            -69.7780216,
            -31.3768303
          ],
          [
            -69.7781476,
            -31.376828
          ],
          [
            -69.7782871,
            -31.3767845
          ],
          [
            -69.7785527,
            -31.3766723
          ],
          [
            -69.7789013,
            -31.3765418
          ],
          [
            -69.7792205,
            -31.3764112
          ],
          [
            -69.7795048,
            -31.3762807
          ],
          [
            -69.7798991,
            -31.376125
          ],
          [
            -69.7800681,
            -31.3760494
          ],
          [
            -69.7802317,
            -31.3759532
          ],
          [
            -69.7804034,
            -31.3758204
          ],
          [
            -69.7805348,
            -31.3757197
          ],
          [
            -69.7806421,
            -31.3756074
          ],
          [
            -69.7807092,
            -31.3754678
          ],
          [
            -69.7807789,
            -31.3752388
          ],
          [
            -69.7808567,
            -31.3750006
          ],
          [
            -69.7809184,
            -31.3748907
          ],
          [
            -69.7809935,
            -31.3748128
          ],
          [
            -69.7811544,
            -31.3747166
          ],
          [
            -69.781377,
            -31.3746411
          ],
          [
            -69.7815728,
            -31.3745701
          ],
          [
            -69.7817016,
            -31.3745037
          ],
          [
            -69.7818249,
            -31.3743914
          ],
          [
            -69.7819617,
            -31.374238
          ],
          [
            -69.78212,
            -31.3739838
          ],
          [
            -69.7822514,
            -31.3738281
          ],
          [
            -69.7824097,
            -31.3736174
          ],
          [
            -69.7825062,
            -31.3734663
          ],
          [
            -69.7826967,
            -31.3732327
          ],
          [
            -69.7829086,
            -31.3729876
          ],
          [
            -69.7831982,
            -31.3726189
          ],
          [
            -69.7833565,
            -31.3724083
          ],
          [
            -69.7834262,
            -31.3723075
          ],
          [
            -69.7835094,
            -31.3722228
          ],
          [
            -69.7835764,
            -31.3721312
          ],
          [
            -69.7836381,
            -31.3720212
          ],
          [
            -69.783673,
            -31.3719388
          ],
          [
            -69.7837105,
            -31.3718838
          ],
          [
            -69.7838125,
            -31.3717945
          ],
          [
            -69.7838876,
            -31.3717373
          ],
          [
            -69.7839949,
            -31.3716686
          ],
          [
            -69.7840914,
            -31.3716205
          ],
          [
            -69.7841799,
            -31.3715541
          ],
          [
            -69.7842631,
            -31.3714281
          ],
          [
            -69.7843704,
            -31.3712083
          ],
          [
            -69.7844347,
            -31.3710663
          ],
          [
            -69.7845045,
            -31.3709449
          ],
          [
            -69.7845688,
            -31.3708624
          ],
          [
            -69.7846413,
            -31.3707731
          ],
          [
            -69.7847486,
            -31.3706815
          ],
          [
            -69.7848237,
            -31.3706311
          ],
          [
            -69.7849578,
            -31.3705716
          ],
          [
            -69.7850516,
            -31.3705121
          ],
          [
            -69.7851348,
            -31.3704319
          ],
          [
            -69.785175,
            -31.3703472
          ],
          [
            -69.7851992,
            -31.3702441
          ],
          [
            -69.785226,
            -31.3701319
          ],
          [
            -69.7852689,
            -31.3700288
          ],
          [
            -69.7853333,
            -31.3699601
          ],
          [
            -69.7854298,
            -31.3698891
          ],
          [
            -69.7855157,
            -31.3698204
          ],
          [
            -69.7856256,
            -31.3697151
          ],
          [
            -69.785682,
            -31.3696304
          ],
          [
            -69.7857517,
            -31.3695159
          ],
          [
            -69.7858241,
            -31.3694174
          ],
          [
            -69.7859609,
            -31.3693235
          ],
          [
            -69.7860628,
            -31.3692113
          ],
          [
            -69.7861728,
            -31.3690601
          ],
          [
            -69.7862586,
            -31.368925
          ],
          [
            -69.7863364,
            -31.3688128
          ],
          [
            -69.786441,
            -31.3687097
          ],
          [
            -69.7865725,
            -31.3686433
          ],
          [
            -69.7866932,
            -31.3685998
          ],
          [
            -69.7868273,
            -31.3685792
          ],
          [
            -69.7869426,
            -31.3685746
          ],
          [
            -69.7870472,
            -31.3685494
          ],
          [
            -69.787133,
            -31.368483
          ],
          [
            -69.787192,
            -31.3684074
          ],
          [
            -69.7872967,
            -31.3682517
          ],
          [
            -69.7874093,
            -31.3681211
          ],
          [
            -69.7875273,
            -31.3680135
          ],
          [
            -69.7877982,
            -31.3679013
          ],
          [
            -69.7880396,
            -31.3678326
          ],
          [
            -69.7882998,
            -31.3678234
          ],
          [
            -69.788442,
            -31.3678257
          ],
          [
            -69.7885788,
            -31.3678509
          ],
          [
            -69.7886887,
            -31.3679059
          ],
          [
            -69.7887638,
            -31.36797
          ],
          [
            -69.7888979,
            -31.3680479
          ],
          [
            -69.7890294,
            -31.3680868
          ],
          [
            -69.7891367,
            -31.3680982
          ],
          [
            -69.7892627,
            -31.3680891
          ],
          [
            -69.7893861,
            -31.3680914
          ],
          [
            -69.7894692,
            -31.3681051
          ],
          [
            -69.7895658,
            -31.3681578
          ],
          [
            -69.7896972,
            -31.3682448
          ],
          [
            -69.7898126,
            -31.3683296
          ],
          [
            -69.7899091,
            -31.3683639
          ],
          [
            -69.7900218,
            -31.3683616
          ],
          [
            -69.7902283,
            -31.368325
          ],
          [
            -69.790408,
            -31.368286
          ],
          [
            -69.7906789,
            -31.3682677
          ],
          [
            -69.790923,
            -31.3682608
          ],
          [
            -69.7911698,
            -31.3682563
          ],
          [
            -69.7913441,
            -31.3681921
          ],
          [
            -69.7915238,
            -31.3681074
          ],
          [
            -69.7917062,
            -31.3680547
          ],
          [
            -69.7919476,
            -31.3680112
          ],
          [
            -69.7921783,
            -31.3679608
          ],
          [
            -69.7923419,
            -31.3679082
          ],
          [
            -69.7924921,
            -31.3678578
          ],
          [
            -69.7926423,
            -31.3678395
          ],
          [
            -69.7927925,
            -31.3678028
          ],
          [
            -69.7929642,
            -31.3677318
          ],
          [
            -69.7930929,
            -31.3676654
          ],
          [
            -69.7932002,
            -31.3675555
          ],
          [
            -69.7932646,
            -31.3674295
          ],
          [
            -69.7933006,
            -31.367318
          ],
          [
            -69.7933129,
            -31.3672646
          ],
          [
            -69.7933504,
            -31.3671455
          ],
          [
            -69.7933987,
            -31.3670425
          ],
          [
            -69.7934791,
            -31.3669325
          ],
          [
            -69.7936213,
            -31.3667676
          ],
          [
            -69.793852,
            -31.3665203
          ],
          [
            -69.7939807,
            -31.3663714
          ],
          [
            -69.7941175,
            -31.3662684
          ],
          [
            -69.7942463,
            -31.3661997
          ],
          [
            -69.7943831,
            -31.3661401
          ],
          [
            -69.7945038,
            -31.36606
          ],
          [
            -69.794603,
            -31.366005
          ],
          [
            -69.7946969,
            -31.365934
          ],
          [
            -69.7947881,
            -31.3658493
          ],
          [
            -69.79489,
            -31.3657416
          ],
          [
            -69.7949946,
            -31.3656798
          ],
          [
            -69.795118,
            -31.3656454
          ],
          [
            -69.7952762,
            -31.3656202
          ],
          [
            -69.795413,
            -31.3655836
          ],
          [
            -69.7955686,
            -31.3655286
          ],
          [
            -69.7957188,
            -31.3654737
          ],
          [
            -69.7958851,
            -31.3653798
          ],
          [
            -69.7960031,
            -31.3653271
          ],
          [
            -69.7961426,
            -31.3652904
          ],
          [
            -69.7962847,
            -31.3652721
          ],
          [
            -69.7964966,
            -31.3652401
          ],
          [
            -69.7967032,
            -31.3652149
          ],
          [
            -69.7968185,
            -31.3651782
          ],
          [
            -69.7969204,
            -31.3651507
          ],
          [
            -69.7970518,
            -31.3651187
          ],
          [
            -69.7971994,
            -31.3650591
          ],
          [
            -69.797371,
            -31.3649675
          ],
          [
            -69.7975454,
            -31.3648919
          ],
          [
            -69.7977519,
            -31.3648049
          ],
          [
            -69.7978753,
            -31.3647568
          ],
          [
            -69.7979799,
            -31.3646835
          ],
          [
            -69.7980604,
            -31.3645988
          ],
          [
            -69.7981516,
            -31.3645392
          ],
          [
            -69.7982615,
            -31.364498
          ],
          [
            -69.7984359,
            -31.364443
          ],
          [
            -69.7985941,
            -31.3643927
          ],
          [
            -69.7986987,
            -31.3643514
          ],
          [
            -69.7988436,
            -31.3642644
          ],
          [
            -69.7989884,
            -31.3641797
          ],
          [
            -69.7991869,
            -31.3640697
          ],
          [
            -69.7993907,
            -31.3639598
          ],
          [
            -69.7995999,
            -31.3638476
          ],
          [
            -69.7996992,
            -31.3637903
          ],
          [
            -69.7998011,
            -31.363701
          ],
          [
            -69.7999084,
            -31.3636414
          ],
          [
            -69.8000237,
            -31.3635682
          ],
          [
            -69.8001793,
            -31.3635109
          ],
          [
            -69.8002893,
            -31.3634628
          ],
          [
            -69.8003778,
            -31.3633872
          ],
          [
            -69.8004851,
            -31.3633002
          ],
          [
            -69.800595,
            -31.3632109
          ],
          [
            -69.8006701,
            -31.3631605
          ],
          [
            -69.8007721,
            -31.3631124
          ],
          [
            -69.800874,
            -31.3630826
          ],
          [
            -69.8009947,
            -31.3630551
          ],
          [
            -69.8010778,
            -31.3630162
          ],
          [
            -69.8011529,
            -31.362975
          ],
          [
            -69.801212,
            -31.3629475
          ],
          [
            -69.8012978,
            -31.3629154
          ],
          [
            -69.8014104,
            -31.3628811
          ],
          [
            -69.8014855,
            -31.3628467
          ],
          [
            -69.8015472,
            -31.3628124
          ],
          [
            -69.8016384,
            -31.3627826
          ],
          [
            -69.8017564,
            -31.3627688
          ],
          [
            -69.8019013,
            -31.3627322
          ],
          [
            -69.8020166,
            -31.3626749
          ],
          [
            -69.8021105,
            -31.3625719
          ],
          [
            -69.8021802,
            -31.3625032
          ],
          [
            -69.8022875,
            -31.3624459
          ],
          [
            -69.8024806,
            -31.3623864
          ],
          [
            -69.802663,
            -31.3623337
          ],
          [
            -69.8028052,
            -31.3622696
          ],
          [
            -69.802891,
            -31.3622008
          ],
          [
            -69.803009,
            -31.3621436
          ],
          [
            -69.8031431,
            -31.3620955
          ],
          [
            -69.8032987,
            -31.3620451
          ],
          [
            -69.8034784,
            -31.3620153
          ],
          [
            -69.8037225,
            -31.3619833
          ],
          [
            -69.8039344,
            -31.361942
          ],
          [
            -69.8040926,
            -31.3619123
          ],
          [
            -69.8042402,
            -31.361871
          ],
          [
            -69.804377,
            -31.3618275
          ],
          [
            -69.8045111,
            -31.3618
          ],
          [
            -69.804621,
            -31.3618046
          ],
          [
            -69.8048115,
            -31.3618321
          ],
          [
            -69.8049107,
            -31.3618367
          ],
          [
            -69.8050019,
            -31.3618275
          ],
          [
            -69.8050717,
            -31.3617886
          ],
          [
            -69.8051065,
            -31.3617405
          ],
          [
            -69.8051521,
            -31.3616878
          ],
          [
            -69.8051977,
            -31.3616626
          ],
          [
            -69.8052755,
            -31.3616443
          ],
          [
            -69.8053667,
            -31.3616512
          ],
          [
            -69.8054445,
            -31.3616809
          ],
          [
            -69.805592,
            -31.3617588
          ],
          [
            -69.8057663,
            -31.361871
          ],
          [
            -69.8058575,
            -31.3619352
          ],
          [
            -69.8059621,
            -31.3619604
          ],
          [
            -69.8060721,
            -31.3619649
          ],
          [
            -69.8063082,
            -31.3619329
          ],
          [
            -69.8064825,
            -31.3619031
          ],
          [
            -69.806571,
            -31.3618962
          ],
          [
            -69.8066756,
            -31.3619146
          ],
          [
            -69.8067883,
            -31.3619443
          ],
          [
            -69.8069975,
            -31.3619695
          ],
          [
            -69.8071262,
            -31.3619741
          ],
          [
            -69.8072416,
            -31.3619718
          ],
          [
            -69.8074025,
            -31.3619512
          ],
          [
            -69.8076063,
            -31.361926
          ],
          [
            -69.8077861,
            -31.3619146
          ],
          [
            -69.8079041,
            -31.3619123
          ],
          [
            -69.8080033,
            -31.3618848
          ],
          [
            -69.8080838,
            -31.3618436
          ],
          [
            -69.8082152,
            -31.3617542
          ],
          [
            -69.8083144,
            -31.3616809
          ],
          [
            -69.8083922,
            -31.3616695
          ],
          [
            -69.8085156,
            -31.3616947
          ],
          [
            -69.8087275,
            -31.3617542
          ],
          [
            -69.8089314,
            -31.3618
          ],
          [
            -69.8091111,
            -31.3618458
          ],
          [
            -69.8092237,
            -31.3618733
          ],
          [
            -69.8093578,
            -31.3618733
          ],
          [
            -69.8094785,
            -31.3618985
          ],
          [
            -69.8096073,
            -31.3619512
          ],
          [
            -69.8098031,
            -31.3620108
          ],
          [
            -69.8100901,
            -31.3620749
          ],
          [
            -69.8102215,
            -31.3621024
          ],
          [
            -69.8103181,
            -31.3621344
          ],
          [
            -69.8104548,
            -31.3622123
          ],
          [
            -69.8106506,
            -31.3623245
          ],
          [
            -69.8111469,
            -31.3626543
          ],
          [
            -69.811281,
            -31.3627299
          ],
          [
            -69.8114097,
            -31.3627849
          ],
          [
            -69.8115733,
            -31.3628353
          ],
          [
            -69.8117557,
            -31.3629246
          ],
          [
            -69.8118979,
            -31.3630437
          ],
          [
            -69.8120374,
            -31.3631399
          ],
          [
            -69.8121688,
            -31.3631994
          ],
          [
            -69.8123351,
            -31.3632384
          ],
          [
            -69.8124397,
            -31.3632773
          ],
          [
            -69.8125094,
            -31.3633162
          ],
          [
            -69.8125604,
            -31.3633666
          ],
          [
            -69.8126248,
            -31.3634147
          ],
          [
            -69.8127186,
            -31.3634559
          ],
          [
            -69.8128903,
            -31.3635155
          ],
          [
            -69.8131344,
            -31.3635979
          ],
          [
            -69.8133275,
            -31.3636827
          ],
          [
            -69.8135287,
            -31.3637697
          ],
          [
            -69.813754,
            -31.3639094
          ],
          [
            -69.813931,
            -31.3640056
          ],
          [
            -69.8140276,
            -31.3640606
          ],
          [
            -69.8141322,
            -31.3640881
          ],
          [
            -69.8142475,
            -31.3640995
          ],
          [
            -69.8143843,
            -31.3641155
          ],
          [
            -69.8145828,
            -31.3641476
          ],
          [
            -69.8147893,
            -31.3641888
          ],
          [
            -69.8149744,
            -31.3642049
          ],
          [
            -69.8151568,
            -31.3642026
          ],
          [
            -69.815374,
            -31.3641934
          ],
          [
            -69.8155913,
            -31.3641705
          ],
          [
            -69.8158354,
            -31.3641499
          ],
          [
            -69.8160687,
            -31.3641568
          ],
          [
            -69.8163584,
            -31.3641613
          ],
          [
            -69.8166427,
            -31.3641728
          ],
          [
            -69.8168466,
            -31.3641705
          ],
          [
            -69.8169753,
            -31.3641705
          ],
          [
            -69.8170987,
            -31.3641476
          ],
          [
            -69.8172435,
            -31.3640949
          ],
          [
            -69.8173562,
            -31.3640445
          ],
          [
            -69.8174447,
            -31.3639919
          ],
          [
            -69.8175037,
            -31.3639071
          ],
          [
            -69.8175922,
            -31.3638155
          ],
          [
            -69.81778,
            -31.3637216
          ],
          [
            -69.8179436,
            -31.3636827
          ],
          [
            -69.8181179,
            -31.3636598
          ],
          [
            -69.818252,
            -31.3636346
          ],
          [
            -69.8184907,
            -31.3635613
          ],
          [
            -69.8187295,
            -31.3634811
          ],
          [
            -69.8190299,
            -31.3633941
          ],
          [
            -69.8192096,
            -31.3633391
          ],
          [
            -69.8193517,
            -31.3633116
          ],
          [
            -69.8194939,
            -31.3633071
          ],
          [
            -69.819636,
            -31.3633139
          ],
          [
            -69.8197782,
            -31.3632956
          ],
          [
            -69.8199633,
            -31.3632544
          ],
          [
            -69.8201591,
            -31.3632544
          ],
          [
            -69.8203683,
            -31.3632681
          ],
          [
            -69.8207358,
            -31.3632796
          ],
          [
            -69.820945,
            -31.3632865
          ],
          [
            -69.821071,
            -31.3633116
          ],
          [
            -69.821181,
            -31.3633575
          ],
          [
            -69.8213044,
            -31.3634193
          ],
          [
            -69.821468,
            -31.3634972
          ],
          [
            -69.8216611,
            -31.3635773
          ],
          [
            -69.8218542,
            -31.3636506
          ]
        ]
      }
    },
    {
      "type": "Feature",
      "id": "osm-way-1436828908",
      "properties": {
        "highway": "tertiary",
        "lanes": "2",
        "maxspeed": "40",
        "name": "Camino a Los Azules",
        "oneway": "no",
        "ref": "RP437",
        "surface": "pebblestone",
        "osmWayId": 1436828908,
        "sourceFeatureId": "osm-way-1436828908",
        "selectedForCorridor": "los-azules",
        "selectionMethod": "reviewed source-junction clip between pinned coordinates",
        "selectionLengthKm": 0.687741,
        "sourceGeometryClipped": true
      },
      "geometry": {
        "type": "LineString",
        "coordinates": [
          [
            -69.8218542,
            -31.3636506
          ],
          [
            -69.8220232,
            -31.3637239
          ],
          [
            -69.8221761,
            -31.363788
          ],
          [
            -69.8222968,
            -31.3638315
          ],
          [
            -69.8223692,
            -31.3638659
          ],
          [
            -69.8224443,
            -31.3638705
          ],
          [
            -69.8224685,
            -31.3638453
          ],
          [
            -69.8224604,
            -31.3638063
          ],
          [
            -69.8224175,
            -31.3637812
          ],
          [
            -69.8223531,
            -31.3637628
          ],
          [
            -69.8222432,
            -31.3637262
          ],
          [
            -69.8221654,
            -31.3636712
          ],
          [
            -69.8220179,
            -31.3635659
          ],
          [
            -69.8218703,
            -31.3634743
          ],
          [
            -69.8216692,
            -31.3633208
          ],
          [
            -69.821586,
            -31.3632521
          ],
          [
            -69.821578,
            -31.3632155
          ],
          [
            -69.8216209,
            -31.3632017
          ],
          [
            -69.8216879,
            -31.3632132
          ],
          [
            -69.821763,
            -31.3632498
          ],
          [
            -69.8218784,
            -31.3633162
          ],
          [
            -69.8220313,
            -31.3633987
          ],
          [
            -69.8221439,
            -31.3634582
          ],
          [
            -69.8222351,
            -31.3635224
          ],
          [
            -69.8222941,
            -31.3635819
          ],
          [
            -69.8223799,
            -31.3636254
          ],
          [
            -69.8224765,
            -31.3636552
          ],
          [
            -69.8225972,
            -31.3636781
          ],
          [
            -69.8227072,
            -31.3637102
          ],
          [
            -69.8227742,
            -31.3637399
          ],
          [
            -69.822844,
            -31.3637812
          ],
          [
            -69.8228896,
            -31.363843
          ],
          [
            -69.8229325,
            -31.3638865
          ],
          [
            -69.8229861,
            -31.3638819
          ],
          [
            -69.8229969,
            -31.363843
          ],
          [
            -69.8229754,
            -31.3637972
          ],
          [
            -69.8229405,
            -31.3637537
          ],
          [
            -69.8228762,
            -31.3636827
          ],
          [
            -69.822793,
            -31.36363
          ],
          [
            -69.8226777,
            -31.3635521
          ],
          [
            -69.8225704,
            -31.3634926
          ],
          [
            -69.8225087,
            -31.3634376
          ],
          [
            -69.8224631,
            -31.3633781
          ],
          [
            -69.8224041,
            -31.3632979
          ],
          [
            -69.8223504,
            -31.3632361
          ],
          [
            -69.8222861,
            -31.3631788
          ],
          [
            -69.822211,
            -31.3631307
          ],
          [
            -69.8221144,
            -31.3630872
          ],
          [
            -69.8220393,
            -31.3630506
          ],
          [
            -69.8220232,
            -31.3630093
          ],
          [
            -69.8220554,
            -31.3629773
          ],
          [
            -69.8221037,
            -31.3629773
          ],
          [
            -69.8221761,
            -31.3629933
          ],
          [
            -69.82227,
            -31.3630277
          ],
          [
            -69.8223799,
            -31.3631009
          ],
          [
            -69.822557,
            -31.3632177
          ],
          [
            -69.8226401,
            -31.3632704
          ],
          [
            -69.8227742,
            -31.3633277
          ],
          [
            -69.8229057,
            -31.3633849
          ],
          [
            -69.8230317,
            -31.3634491
          ],
          [
            -69.8231176,
            -31.3635246
          ],
          [
            -69.8232517,
            -31.363646
          ],
          [
            -69.8233295,
            -31.3636941
          ],
          [
            -69.8233858,
            -31.363717
          ],
          [
            -69.8234314,
            -31.3637056
          ],
          [
            -69.8234555,
            -31.3636804
          ],
          [
            -69.8234689,
            -31.363614
          ],
          [
            -69.8234823,
            -31.3634422
          ],
          [
            -69.8234984,
            -31.3632636
          ]
        ]
      }
    },
    {
      "type": "Feature",
      "id": "osm-way-1436828902",
      "properties": {
        "highway": "tertiary",
        "lanes": "2",
        "layer": "1",
        "maxspeed": "60",
        "name": "Camino a Los Azules",
        "oneway": "no",
        "ref": "RP437",
        "surface": "pebblestone",
        "osmWayId": 1436828902,
        "sourceFeatureId": "osm-way-1436828902",
        "selectedForCorridor": "los-azules",
        "selectionMethod": "reviewed source-junction clip between pinned coordinates",
        "selectionLengthKm": 15.651893,
        "sourceGeometryClipped": true
      },
      "geometry": {
        "type": "LineString",
        "coordinates": [
          [
            -69.8234984,
            -31.3632636
          ],
          [
            -69.8235253,
            -31.3631445
          ],
          [
            -69.8235628,
            -31.3630208
          ],
          [
            -69.8236084,
            -31.3629292
          ],
          [
            -69.8236781,
            -31.3628559
          ],
          [
            -69.8239517,
            -31.3626337
          ],
          [
            -69.8240295,
            -31.3625902
          ],
          [
            -69.8240939,
            -31.3625879
          ],
          [
            -69.8241368,
            -31.3626314
          ],
          [
            -69.8241529,
            -31.3626795
          ],
          [
            -69.8241824,
            -31.3627597
          ],
          [
            -69.8242334,
            -31.3628673
          ],
          [
            -69.8243058,
            -31.3629589
          ],
          [
            -69.8244318,
            -31.3630506
          ],
          [
            -69.824625,
            -31.3631445
          ],
          [
            -69.8248047,
            -31.363259
          ],
          [
            -69.824869,
            -31.3633346
          ],
          [
            -69.824928,
            -31.3634216
          ],
          [
            -69.8249736,
            -31.3635132
          ],
          [
            -69.8250085,
            -31.3636002
          ],
          [
            -69.8250085,
            -31.3636804
          ],
          [
            -69.8250085,
            -31.3637697
          ],
          [
            -69.8250192,
            -31.3638567
          ],
          [
            -69.8250327,
            -31.3639277
          ],
          [
            -69.8250702,
            -31.3639758
          ],
          [
            -69.8251641,
            -31.3640125
          ],
          [
            -69.8252767,
            -31.3640308
          ],
          [
            -69.8254323,
            -31.3640514
          ],
          [
            -69.8255557,
            -31.3640514
          ],
          [
            -69.8257113,
            -31.3640193
          ],
          [
            -69.8258668,
            -31.3639758
          ],
          [
            -69.8260331,
            -31.3639415
          ],
          [
            -69.8261645,
            -31.3639254
          ],
          [
            -69.8263121,
            -31.3638911
          ],
          [
            -69.8264086,
            -31.3638453
          ],
          [
            -69.826481,
            -31.3637949
          ],
          [
            -69.8265749,
            -31.3636873
          ],
          [
            -69.82665,
            -31.3635705
          ],
          [
            -69.826709,
            -31.3634788
          ],
          [
            -69.8268056,
            -31.3633735
          ],
          [
            -69.8268941,
            -31.3632842
          ],
          [
            -69.8269907,
            -31.3632155
          ],
          [
            -69.8271114,
            -31.363149
          ],
          [
            -69.8272508,
            -31.3630986
          ],
          [
            -69.8274252,
            -31.3630643
          ],
          [
            -69.8275888,
            -31.3630483
          ],
          [
            -69.827731,
            -31.3630437
          ],
          [
            -69.8278597,
            -31.3630551
          ],
          [
            -69.8280287,
            -31.3631124
          ],
          [
            -69.8281547,
            -31.3631696
          ],
          [
            -69.8282781,
            -31.3631994
          ],
          [
            -69.8284203,
            -31.3632567
          ],
          [
            -69.828769,
            -31.3634559
          ],
          [
            -69.8288468,
            -31.363472
          ],
          [
            -69.8289058,
            -31.3634514
          ],
          [
            -69.828954,
            -31.3634147
          ],
          [
            -69.8290077,
            -31.3633506
          ],
          [
            -69.8291338,
            -31.3631467
          ],
          [
            -69.8293617,
            -31.3628238
          ],
          [
            -69.8294395,
            -31.3627253
          ],
          [
            -69.8295522,
            -31.3626154
          ],
          [
            -69.8296487,
            -31.3625398
          ],
          [
            -69.8297748,
            -31.3624642
          ],
          [
            -69.8299116,
            -31.3623955
          ],
          [
            -69.8300993,
            -31.3623268
          ],
          [
            -69.8302871,
            -31.3622673
          ],
          [
            -69.830507,
            -31.3622283
          ],
          [
            -69.8306975,
            -31.3622123
          ],
          [
            -69.830853,
            -31.3622146
          ],
          [
            -69.8310167,
            -31.3622398
          ],
          [
            -69.8312607,
            -31.3623062
          ],
          [
            -69.8315531,
            -31.3624001
          ],
          [
            -69.8317114,
            -31.3624322
          ],
          [
            -69.8318294,
            -31.3624345
          ],
          [
            -69.8319528,
            -31.362423
          ],
          [
            -69.8320735,
            -31.3624253
          ],
          [
            -69.8321861,
            -31.3624368
          ],
          [
            -69.8322988,
            -31.3624619
          ],
          [
            -69.8325804,
            -31.3625375
          ],
          [
            -69.8329908,
            -31.3626406
          ],
          [
            -69.8332644,
            -31.3626978
          ],
          [
            -69.8335379,
            -31.3627253
          ],
          [
            -69.8338518,
            -31.3627322
          ],
          [
            -69.8341817,
            -31.3627322
          ],
          [
            -69.8343909,
            -31.3627322
          ],
          [
            -69.8345572,
            -31.3627116
          ],
          [
            -69.8347449,
            -31.3626635
          ],
          [
            -69.8350024,
            -31.3625902
          ],
          [
            -69.8351714,
            -31.3625398
          ],
          [
            -69.835394,
            -31.362439
          ],
          [
            -69.8355818,
            -31.3623406
          ],
          [
            -69.8357253,
            -31.362265
          ],
          [
            -69.8358272,
            -31.3622192
          ],
          [
            -69.8359439,
            -31.362186
          ],
          [
            -69.8360619,
            -31.3621505
          ],
          [
            -69.8361665,
            -31.3621024
          ],
          [
            -69.836306,
            -31.3620222
          ],
          [
            -69.8364508,
            -31.3619329
          ],
          [
            -69.8365474,
            -31.361855
          ],
          [
            -69.8366198,
            -31.361768
          ],
          [
            -69.8366949,
            -31.3617061
          ],
          [
            -69.8367727,
            -31.361642
          ],
          [
            -69.8368746,
            -31.3615733
          ],
          [
            -69.836939,
            -31.3614977
          ],
          [
            -69.8369712,
            -31.3614221
          ],
          [
            -69.8370034,
            -31.3613511
          ],
          [
            -69.8370543,
            -31.3613259
          ],
          [
            -69.837116,
            -31.3613214
          ],
          [
            -69.8371965,
            -31.3613305
          ],
          [
            -69.8373038,
            -31.3613305
          ],
          [
            -69.8374298,
            -31.3612985
          ],
          [
            -69.8375344,
            -31.3612595
          ],
          [
            -69.8376095,
            -31.3612091
          ],
          [
            -69.837698,
            -31.361161
          ],
          [
            -69.8378053,
            -31.3611427
          ],
          [
            -69.8379234,
            -31.361129
          ],
          [
            -69.8380333,
            -31.361129
          ],
          [
            -69.8381621,
            -31.3611175
          ],
          [
            -69.8382989,
            -31.3611106
          ],
          [
            -69.8384544,
            -31.3610923
          ],
          [
            -69.8385885,
            -31.361074
          ],
          [
            -69.8387334,
            -31.3610488
          ],
          [
            -69.8388809,
            -31.3610419
          ],
          [
            -69.8390096,
            -31.3610603
          ],
          [
            -69.8391464,
            -31.36109
          ],
          [
            -69.839361,
            -31.3611198
          ],
          [
            -69.8395112,
            -31.3611221
          ],
          [
            -69.8396963,
            -31.3611038
          ],
          [
            -69.8398599,
            -31.3610648
          ],
          [
            -69.8399967,
            -31.3610099
          ],
          [
            -69.8401228,
            -31.3609526
          ],
          [
            -69.8402193,
            -31.3609183
          ],
          [
            -69.8403722,
            -31.3609137
          ],
          [
            -69.840517,
            -31.3609228
          ],
          [
            -69.8406673,
            -31.3609091
          ],
          [
            -69.8408523,
            -31.3608725
          ],
          [
            -69.8410669,
            -31.3608083
          ],
          [
            -69.8412493,
            -31.3607442
          ],
          [
            -69.8414102,
            -31.3606755
          ],
          [
            -69.8415256,
            -31.3606205
          ],
          [
            -69.8416248,
            -31.3605724
          ],
          [
            -69.8417401,
            -31.3605335
          ],
          [
            -69.8418689,
            -31.3605014
          ],
          [
            -69.8419842,
            -31.3604556
          ],
          [
            -69.8421022,
            -31.3603915
          ],
          [
            -69.8422202,
            -31.3603434
          ],
          [
            -69.842357,
            -31.3603159
          ],
          [
            -69.8425287,
            -31.3602884
          ],
          [
            -69.8427138,
            -31.360238
          ],
          [
            -69.8428908,
            -31.3601739
          ],
          [
            -69.8430678,
            -31.3600914
          ],
          [
            -69.8431993,
            -31.3599975
          ],
          [
            -69.8433468,
            -31.3599036
          ],
          [
            -69.8436016,
            -31.3597731
          ],
          [
            -69.8437598,
            -31.3597021
          ],
          [
            -69.8439744,
            -31.3596334
          ],
          [
            -69.8442158,
            -31.3595601
          ],
          [
            -69.8444116,
            -31.3595188
          ],
          [
            -69.8445672,
            -31.3595143
          ],
          [
            -69.8446879,
            -31.3595303
          ],
          [
            -69.8448193,
            -31.3595372
          ],
          [
            -69.8448873,
            -31.3595195
          ],
          [
            -69.8449335,
            -31.3594999
          ],
          [
            -69.8450366,
            -31.3594685
          ],
          [
            -69.845227,
            -31.359386
          ],
          [
            -69.8453665,
            -31.3593264
          ],
          [
            -69.8455086,
            -31.3592692
          ],
          [
            -69.8456776,
            -31.359228
          ],
          [
            -69.8457849,
            -31.3592211
          ],
          [
            -69.8458895,
            -31.3592234
          ],
          [
            -69.8460209,
            -31.3592463
          ],
          [
            -69.8461551,
            -31.3592371
          ],
          [
            -69.8463455,
            -31.3592211
          ],
          [
            -69.8466378,
            -31.359228
          ],
          [
            -69.8468095,
            -31.3592394
          ],
          [
            -69.8469865,
            -31.3592371
          ],
          [
            -69.8471931,
            -31.3592188
          ],
          [
            -69.8473862,
            -31.3591592
          ],
          [
            -69.847649,
            -31.359102
          ],
          [
            -69.8478583,
            -31.3590722
          ],
          [
            -69.8481452,
            -31.3589898
          ],
          [
            -69.8483464,
            -31.3589233
          ],
          [
            -69.84851,
            -31.3588752
          ],
          [
            -69.8487058,
            -31.3588226
          ],
          [
            -69.8488936,
            -31.3587538
          ],
          [
            -69.8490626,
            -31.3586966
          ],
          [
            -69.8491913,
            -31.3586508
          ],
          [
            -69.849312,
            -31.358605
          ],
          [
            -69.8494381,
            -31.3585363
          ],
          [
            -69.8495775,
            -31.3584515
          ],
          [
            -69.8497251,
            -31.3583599
          ],
          [
            -69.8498458,
            -31.3582683
          ],
          [
            -69.8499638,
            -31.3581767
          ],
          [
            -69.8500657,
            -31.358069
          ],
          [
            -69.8501784,
            -31.3579568
          ],
          [
            -69.8503259,
            -31.357801
          ],
          [
            -69.85046,
            -31.3576705
          ],
          [
            -69.8506156,
            -31.3575239
          ],
          [
            -69.850755,
            -31.3574208
          ],
          [
            -69.8509079,
            -31.3573727
          ],
          [
            -69.8511064,
            -31.357288
          ],
          [
            -69.8512512,
            -31.3571986
          ],
          [
            -69.8514685,
            -31.357075
          ],
          [
            -69.8517662,
            -31.3569261
          ],
          [
            -69.8518735,
            -31.356862
          ],
          [
            -69.8520157,
            -31.3567887
          ],
          [
            -69.8522007,
            -31.3566947
          ],
          [
            -69.8523402,
            -31.3566237
          ],
          [
            -69.852536,
            -31.3565482
          ],
          [
            -69.8526835,
            -31.3564955
          ],
          [
            -69.8528472,
            -31.3564405
          ],
          [
            -69.8530564,
            -31.3563214
          ],
          [
            -69.8532334,
            -31.3562389
          ],
          [
            -69.8534104,
            -31.356145
          ],
          [
            -69.8534989,
            -31.3560786
          ],
          [
            -69.8536277,
            -31.355987
          ],
          [
            -69.8537591,
            -31.3558954
          ],
          [
            -69.8538905,
            -31.3558152
          ],
          [
            -69.8540247,
            -31.3557488
          ],
          [
            -69.8541641,
            -31.3556388
          ],
          [
            -69.8542419,
            -31.3555587
          ],
          [
            -69.8543546,
            -31.3554831
          ],
          [
            -69.854486,
            -31.3554006
          ],
          [
            -69.8546577,
            -31.3553228
          ],
          [
            -69.8548213,
            -31.355222
          ],
          [
            -69.8550037,
            -31.3551235
          ],
          [
            -69.8550814,
            -31.3550525
          ],
          [
            -69.8551378,
            -31.3549471
          ],
          [
            -69.8551995,
            -31.3548326
          ],
          [
            -69.8552692,
            -31.3547387
          ],
          [
            -69.8553792,
            -31.354599
          ],
          [
            -69.8554891,
            -31.3545119
          ],
          [
            -69.8556125,
            -31.3544066
          ],
          [
            -69.8557305,
            -31.3542714
          ],
          [
            -69.855819,
            -31.35415
          ],
          [
            -69.8559558,
            -31.3539943
          ],
          [
            -69.8562884,
            -31.3537079
          ],
          [
            -69.8565352,
            -31.3534789
          ],
          [
            -69.8567364,
            -31.3533254
          ],
          [
            -69.8569295,
            -31.3531788
          ],
          [
            -69.8570985,
            -31.3530849
          ],
          [
            -69.8571923,
            -31.3530093
          ],
          [
            -69.8573157,
            -31.3529063
          ],
          [
            -69.8574203,
            -31.3527849
          ],
          [
            -69.8575223,
            -31.3526749
          ],
          [
            -69.8575974,
            -31.3525856
          ],
          [
            -69.8577181,
            -31.3524802
          ],
          [
            -69.8578897,
            -31.3523565
          ],
          [
            -69.8581123,
            -31.3521893
          ],
          [
            -69.8582143,
            -31.3521114
          ],
          [
            -69.858276,
            -31.3520313
          ],
          [
            -69.858335,
            -31.3519373
          ],
          [
            -69.8584154,
            -31.3518274
          ],
          [
            -69.8585039,
            -31.3517381
          ],
          [
            -69.8586461,
            -31.3516098
          ],
          [
            -69.8587829,
            -31.3514998
          ],
          [
            -69.8589626,
            -31.351367
          ],
          [
            -69.8590967,
            -31.3512822
          ],
          [
            -69.8592362,
            -31.3511837
          ],
          [
            -69.8594347,
            -31.3510234
          ],
          [
            -69.8595205,
            -31.3509387
          ],
          [
            -69.8595876,
            -31.350847
          ],
          [
            -69.8596251,
            -31.3507554
          ],
          [
            -69.8596466,
            -31.3506546
          ],
          [
            -69.8596814,
            -31.3505859
          ],
          [
            -69.8597592,
            -31.3505034
          ],
          [
            -69.8598558,
            -31.3504141
          ],
          [
            -69.8599604,
            -31.3503339
          ],
          [
            -69.8600677,
            -31.3502927
          ],
          [
            -69.8601428,
            -31.3502652
          ],
          [
            -69.8602474,
            -31.3502652
          ],
          [
            -69.8603252,
            -31.3502698
          ],
          [
            -69.8604459,
            -31.3502996
          ],
          [
            -69.860529,
            -31.3503294
          ],
          [
            -69.8606095,
            -31.3503362
          ],
          [
            -69.8606819,
            -31.3503362
          ],
          [
            -69.8607758,
            -31.3503042
          ],
          [
            -69.8608536,
            -31.3502652
          ],
          [
            -69.8609582,
            -31.3502286
          ],
          [
            -69.861052,
            -31.3502148
          ],
          [
            -69.8611164,
            -31.3502194
          ],
          [
            -69.8612049,
            -31.3502354
          ],
          [
            -69.8612773,
            -31.3502561
          ],
          [
            -69.861339,
            -31.350279
          ],
          [
            -69.8614356,
            -31.3503064
          ],
          [
            -69.8615724,
            -31.3503064
          ],
          [
            -69.8617709,
            -31.3503064
          ],
          [
            -69.8618701,
            -31.3503156
          ],
          [
            -69.8619345,
            -31.3503133
          ],
          [
            -69.8620391,
            -31.3502904
          ],
          [
            -69.8621222,
            -31.3502515
          ],
          [
            -69.8622296,
            -31.3501875
          ],
          [
            -69.8623529,
            -31.350114
          ],
          [
            -69.8624656,
            -31.3500774
          ],
          [
            -69.862605,
            -31.3500545
          ],
          [
            -69.862766,
            -31.3500407
          ],
          [
            -69.8628786,
            -31.3500407
          ],
          [
            -69.8630101,
            -31.3500476
          ],
          [
            -69.8631254,
            -31.3500728
          ],
          [
            -69.8632112,
            -31.3501049
          ],
          [
            -69.8632997,
            -31.3501598
          ],
          [
            -69.8634687,
            -31.3503454
          ],
          [
            -69.863568,
            -31.3504439
          ],
          [
            -69.8637074,
            -31.3505332
          ],
          [
            -69.8638147,
            -31.3505882
          ],
          [
            -69.8639032,
            -31.3506363
          ],
          [
            -69.8640132,
            -31.3506729
          ],
          [
            -69.8641339,
            -31.3506729
          ],
          [
            -69.8642841,
            -31.3506729
          ],
          [
            -69.8644397,
            -31.3506729
          ],
          [
            -69.8645818,
            -31.3507004
          ],
          [
            -69.8647454,
            -31.3507119
          ],
          [
            -69.8649278,
            -31.3507073
          ],
          [
            -69.8650995,
            -31.3507165
          ],
          [
            -69.865239,
            -31.3507325
          ],
          [
            -69.8653892,
            -31.3507577
          ],
          [
            -69.8655555,
            -31.3507898
          ],
          [
            -69.865703,
            -31.3508218
          ],
          [
            -69.8658264,
            -31.3508883
          ],
          [
            -69.8659149,
            -31.3509432
          ],
          [
            -69.8660356,
            -31.3509822
          ],
          [
            -69.8661697,
            -31.3510142
          ],
          [
            -69.8663333,
            -31.3510669
          ],
          [
            -69.8664835,
            -31.351099
          ],
          [
            -69.8666444,
            -31.351115
          ],
          [
            -69.8667732,
            -31.351115
          ],
          [
            -69.8668778,
            -31.3511104
          ],
          [
            -69.8669824,
            -31.3510853
          ],
          [
            -69.8670763,
            -31.3510486
          ],
          [
            -69.8671487,
            -31.3510097
          ],
          [
            -69.8672721,
            -31.3509753
          ],
          [
            -69.8673981,
            -31.3509409
          ],
          [
            -69.8675644,
            -31.3508928
          ],
          [
            -69.8677039,
            -31.3508424
          ],
          [
            -69.8678273,
            -31.3507714
          ],
          [
            -69.8679721,
            -31.3506684
          ],
          [
            -69.8680794,
            -31.3505905
          ],
          [
            -69.8682296,
            -31.350476
          ],
          [
            -69.8683181,
            -31.3504095
          ],
          [
            -69.8684201,
            -31.3503385
          ],
          [
            -69.8685032,
            -31.350295
          ],
          [
            -69.8686668,
            -31.3502354
          ],
          [
            -69.868758,
            -31.3501988
          ],
          [
            -69.8688439,
            -31.3501621
          ],
          [
            -69.8689163,
            -31.350114
          ],
          [
            -69.8689699,
            -31.3500705
          ],
          [
            -69.8690102,
            -31.3500247
          ],
          [
            -69.8690397,
            -31.3499881
          ],
          [
            -69.8691013,
            -31.349917
          ],
          [
            -69.8691389,
            -31.3498689
          ],
          [
            -69.869163,
            -31.3498002
          ],
          [
            -69.8692006,
            -31.3497475
          ],
          [
            -69.8692542,
            -31.3496949
          ],
          [
            -69.8693535,
            -31.3496307
          ],
          [
            -69.8694098,
            -31.349578
          ],
          [
            -69.8694769,
            -31.3495116
          ],
          [
            -69.8695788,
            -31.3494681
          ],
          [
            -69.8696834,
            -31.3494314
          ],
          [
            -69.8697826,
            -31.3494017
          ],
          [
            -69.8699033,
            -31.3493535
          ],
          [
            -69.8699838,
            -31.3492986
          ],
          [
            -69.8701018,
            -31.3492207
          ],
          [
            -69.8701903,
            -31.3491817
          ],
          [
            -69.8703083,
            -31.3491634
          ],
          [
            -69.8704425,
            -31.3491359
          ],
          [
            -69.8705444,
            -31.3491153
          ],
          [
            -69.8706329,
            -31.3490924
          ],
          [
            -69.870759,
            -31.3490695
          ],
          [
            -69.8708582,
            -31.3490489
          ],
          [
            -69.8709172,
            -31.3490535
          ],
          [
            -69.8710325,
            -31.3490558
          ],
          [
            -69.8711076,
            -31.349042
          ],
          [
            -69.8711935,
            -31.3489848
          ],
          [
            -69.8712954,
            -31.3489092
          ],
          [
            -69.8714805,
            -31.3487969
          ],
          [
            -69.8715851,
            -31.3487351
          ],
          [
            -69.8717192,
            -31.3486251
          ],
          [
            -69.8717997,
            -31.3485541
          ],
          [
            -69.871864,
            -31.3484808
          ],
          [
            -69.8719257,
            -31.3484052
          ],
          [
            -69.8719847,
            -31.3483571
          ],
          [
            -69.8720893,
            -31.3483182
          ],
          [
            -69.8722422,
            -31.3482563
          ],
          [
            -69.8724058,
            -31.3481739
          ],
          [
            -69.8725614,
            -31.3480822
          ],
          [
            -69.8728269,
            -31.3479356
          ],
          [
            -69.8729879,
            -31.3478417
          ],
          [
            -69.8731139,
            -31.3477524
          ],
          [
            -69.8732266,
            -31.3476562
          ],
          [
            -69.8733205,
            -31.3475875
          ],
          [
            -69.8735055,
            -31.3474844
          ],
          [
            -69.8736826,
            -31.3473813
          ],
          [
            -69.8737791,
            -31.347308
          ],
          [
            -69.8738596,
            -31.3472278
          ],
          [
            -69.8739937,
            -31.347072
          ],
          [
            -69.8740903,
            -31.3469415
          ],
          [
            -69.8741546,
            -31.3468659
          ],
          [
            -69.8742136,
            -31.3468201
          ],
          [
            -69.8743343,
            -31.3467536
          ],
          [
            -69.874683,
            -31.346504
          ],
          [
            -69.8747715,
            -31.3464146
          ],
          [
            -69.8749056,
            -31.3463573
          ],
          [
            -69.8750612,
            -31.3463024
          ],
          [
            -69.875257,
            -31.3462176
          ],
          [
            -69.8754019,
            -31.3461466
          ],
          [
            -69.8755333,
            -31.3460802
          ],
          [
            -69.8756379,
            -31.3460321
          ],
          [
            -69.8757693,
            -31.3459863
          ],
          [
            -69.8758605,
            -31.3459565
          ],
          [
            -69.8759544,
            -31.3458946
          ],
          [
            -69.8760563,
            -31.3457893
          ],
          [
            -69.8761985,
            -31.3456541
          ],
          [
            -69.8763165,
            -31.3455304
          ],
          [
            -69.876405,
            -31.3454502
          ],
          [
            -69.8765257,
            -31.3453792
          ],
          [
            -69.8766518,
            -31.3453174
          ],
          [
            -69.8767483,
            -31.3452601
          ],
          [
            -69.8768476,
            -31.3451753
          ],
          [
            -69.8769388,
            -31.345086
          ],
          [
            -69.8771104,
            -31.3449234
          ],
          [
            -69.8772472,
            -31.3448157
          ],
          [
            -69.8773786,
            -31.3447034
          ],
          [
            -69.8774967,
            -31.3446141
          ],
          [
            -69.877561,
            -31.3445729
          ],
          [
            -69.8777166,
            -31.3445133
          ],
          [
            -69.8778185,
            -31.344495
          ],
          [
            -69.8779526,
            -31.3444858
          ],
          [
            -69.8780599,
            -31.3444835
          ],
          [
            -69.8781994,
            -31.3444652
          ],
          [
            -69.878296,
            -31.34444
          ],
          [
            -69.8784193,
            -31.3444308
          ],
          [
            -69.8785159,
            -31.3444263
          ],
          [
            -69.8786366,
            -31.3444011
          ],
          [
            -69.8787493,
            -31.3443392
          ],
          [
            -69.8788807,
            -31.3442682
          ],
          [
            -69.8790309,
            -31.3442086
          ],
          [
            -69.8791945,
            -31.3441468
          ],
          [
            -69.8793662,
            -31.3440574
          ],
          [
            -69.8794922,
            -31.3439841
          ],
          [
            -69.8796076,
            -31.3439567
          ],
          [
            -69.8797175,
            -31.3439498
          ],
          [
            -69.8798302,
            -31.3439406
          ],
          [
            -69.8799723,
            -31.3439017
          ],
          [
            -69.8800823,
            -31.3438559
          ],
          [
            -69.8801762,
            -31.3438078
          ],
          [
            -69.8802513,
            -31.3437528
          ],
          [
            -69.8803479,
            -31.3436886
          ],
          [
            -69.8804739,
            -31.3436153
          ],
          [
            -69.8806992,
            -31.3435077
          ],
          [
            -69.8808494,
            -31.3434527
          ],
          [
            -69.8809487,
            -31.3433931
          ],
          [
            -69.8810264,
            -31.3433427
          ],
          [
            -69.8811364,
            -31.3432717
          ],
          [
            -69.8812544,
            -31.3432351
          ],
          [
            -69.88141,
            -31.3431801
          ],
          [
            -69.8815414,
            -31.3431343
          ],
          [
            -69.8817533,
            -31.3430907
          ],
          [
            -69.8818526,
            -31.3430655
          ],
          [
            -69.8819706,
            -31.3430587
          ],
          [
            -69.8821181,
            -31.3430587
          ],
          [
            -69.8822361,
            -31.3430495
          ],
          [
            -69.8823595,
            -31.3430197
          ],
          [
            -69.8824695,
            -31.3429625
          ],
          [
            -69.8826063,
            -31.3429052
          ],
          [
            -69.8827645,
            -31.3428365
          ],
          [
            -69.8828504,
            -31.3427998
          ],
          [
            -69.8830006,
            -31.3427815
          ],
          [
            -69.8831239,
            -31.3427654
          ],
          [
            -69.8832554,
            -31.3427128
          ],
          [
            -69.8833653,
            -31.3426715
          ],
          [
            -69.8834941,
            -31.3426395
          ],
          [
            -69.8836496,
            -31.3426165
          ],
          [
            -69.8837596,
            -31.3425982
          ],
          [
            -69.8838589,
            -31.3426028
          ],
          [
            -69.8839796,
            -31.3426211
          ],
          [
            -69.8841164,
            -31.3426143
          ],
          [
            -69.8842719,
            -31.3425661
          ],
          [
            -69.8844087,
            -31.3424974
          ],
          [
            -69.8845241,
            -31.3424195
          ],
          [
            -69.884626,
            -31.3423325
          ],
          [
            -69.884752,
            -31.3422134
          ],
          [
            -69.8848191,
            -31.3421149
          ],
          [
            -69.8849103,
            -31.3420049
          ],
          [
            -69.8849747,
            -31.3419041
          ],
          [
            -69.885039,
            -31.3417346
          ],
          [
            -69.885098,
            -31.3415628
          ],
          [
            -69.8851705,
            -31.3414184
          ],
          [
            -69.8852482,
            -31.3413016
          ],
          [
            -69.8853609,
            -31.3411665
          ],
          [
            -69.8855191,
            -31.3409694
          ],
          [
            -69.8857042,
            -31.3407381
          ],
          [
            -69.8858947,
            -31.3404861
          ],
          [
            -69.8859859,
            -31.3403692
          ],
          [
            -69.8861307,
            -31.340147
          ],
          [
            -69.8862782,
            -31.3398996
          ],
          [
            -69.8863614,
            -31.3397622
          ],
          [
            -69.8864391,
            -31.3396522
          ],
          [
            -69.8865223,
            -31.3395743
          ],
          [
            -69.8866457,
            -31.3394987
          ],
          [
            -69.8867583,
            -31.3394483
          ],
          [
            -69.8868656,
            -31.3393933
          ],
          [
            -69.886981,
            -31.339304
          ],
          [
            -69.8871017,
            -31.3391963
          ],
          [
            -69.8872304,
            -31.3391024
          ],
          [
            -69.8874128,
            -31.3389947
          ],
          [
            -69.8876461,
            -31.3388596
          ],
          [
            -69.8878232,
            -31.3387633
          ],
          [
            -69.8881343,
            -31.3386144
          ],
          [
            -69.8883301,
            -31.3385045
          ],
          [
            -69.8885044,
            -31.3383922
          ],
          [
            -69.8886788,
            -31.3382548
          ],
          [
            -69.8888075,
            -31.338154
          ],
          [
            -69.8889631,
            -31.3380898
          ],
          [
            -69.8891938,
            -31.3380509
          ],
          [
            -69.8893735,
            -31.3380738
          ],
          [
            -69.8895827,
            -31.3381127
          ],
          [
            -69.8897517,
            -31.3381288
          ],
          [
            -69.8899877,
            -31.3381494
          ],
          [
            -69.8901594,
            -31.3381608
          ],
          [
            -69.8903015,
            -31.3381563
          ],
          [
            -69.8904222,
            -31.3381242
          ],
          [
            -69.8906073,
            -31.3380555
          ],
          [
            -69.8908085,
            -31.3379684
          ],
          [
            -69.8910284,
            -31.3378997
          ],
          [
            -69.8912725,
            -31.3378516
          ],
          [
            -69.8914951,
            -31.3378172
          ],
          [
            -69.8917392,
            -31.337792
          ],
          [
            -69.8920181,
            -31.3377783
          ],
          [
            -69.8922059,
            -31.3377737
          ],
          [
            -69.8923668,
            -31.3377622
          ],
          [
            -69.8925439,
            -31.3377485
          ],
          [
            -69.8926646,
            -31.3377279
          ],
          [
            -69.8928148,
            -31.3376981
          ],
          [
            -69.8929328,
            -31.3376729
          ],
          [
            -69.8930454,
            -31.337611
          ],
          [
            -69.8931849,
            -31.3375354
          ],
          [
            -69.8933512,
            -31.337469
          ],
          [
            -69.8935416,
            -31.3374071
          ],
          [
            -69.8937187,
            -31.337359
          ],
          [
            -69.893952,
            -31.3372811
          ],
          [
            -69.8941478,
            -31.3372353
          ],
          [
            -69.8943302,
            -31.3372055
          ],
          [
            -69.8944482,
            -31.3372032
          ],
          [
            -69.8945904,
            -31.3372055
          ],
          [
            -69.894703,
            -31.3372078
          ],
          [
            -69.8948452,
            -31.3371826
          ],
          [
            -69.8949337,
            -31.3371437
          ],
          [
            -69.895041,
            -31.3370795
          ],
          [
            -69.8951295,
            -31.3369925
          ],
          [
            -69.8952448,
            -31.3368894
          ],
          [
            -69.8953602,
            -31.3368206
          ],
          [
            -69.8954755,
            -31.3367634
          ],
          [
            -69.8956364,
            -31.3367244
          ],
          [
            -69.8958135,
            -31.3366832
          ],
          [
            -69.895969,
            -31.3366557
          ],
          [
            -69.8960978,
            -31.3366488
          ],
          [
            -69.8962694,
            -31.3366305
          ],
          [
            -69.8963955,
            -31.3366213
          ],
          [
            -69.8965645,
            -31.3365961
          ],
          [
            -69.8967174,
            -31.3365572
          ],
          [
            -69.8968086,
            -31.3365389
          ],
          [
            -69.8969185,
            -31.3365389
          ],
          [
            -69.8970768,
            -31.3365572
          ],
          [
            -69.8972216,
            -31.3365641
          ],
          [
            -69.8973262,
            -31.3365618
          ],
          [
            -69.8974577,
            -31.3365595
          ],
          [
            -69.8975703,
            -31.3365595
          ],
          [
            -69.8977125,
            -31.3365618
          ],
          [
            -69.8978385,
            -31.3365686
          ],
          [
            -69.8979673,
            -31.3365938
          ],
          [
            -69.8981121,
            -31.3366236
          ],
          [
            -69.8982355,
            -31.3366465
          ],
          [
            -69.8983562,
            -31.3366649
          ],
          [
            -69.8984394,
            -31.3366671
          ],
          [
            -69.8985225,
            -31.3366626
          ],
          [
            -69.8986593,
            -31.3366465
          ],
          [
            -69.8988122,
            -31.3366122
          ],
          [
            -69.8989275,
            -31.3365801
          ],
          [
            -69.8990643,
            -31.3365343
          ],
          [
            -69.8992011,
            -31.3364655
          ],
          [
            -69.8993164,
            -31.3364106
          ],
          [
            -69.899421,
            -31.3363602
          ],
          [
            -69.8995391,
            -31.3363052
          ],
          [
            -69.8996061,
            -31.3362823
          ],
          [
            -69.8997644,
            -31.3362479
          ],
          [
            -69.899877,
            -31.336225
          ],
          [
            -69.8999923,
            -31.3361838
          ],
          [
            -69.900097,
            -31.3361265
          ],
          [
            -69.9001801,
            -31.3360852
          ],
          [
            -69.9002659,
            -31.3360394
          ],
          [
            -69.9003974,
            -31.3360028
          ],
          [
            -69.9005181,
            -31.3359867
          ],
          [
            -69.9006414,
            -31.3359592
          ],
          [
            -69.9007487,
            -31.3359272
          ],
          [
            -69.9008319,
            -31.3358928
          ],
          [
            -69.9009311,
            -31.3358424
          ],
          [
            -69.9009982,
            -31.335792
          ],
          [
            -69.9010867,
            -31.3357233
          ],
          [
            -69.9011725,
            -31.3356568
          ],
          [
            -69.9012369,
            -31.3355767
          ],
          [
            -69.9013013,
            -31.335524
          ],
          [
            -69.9013683,
            -31.3354827
          ],
          [
            -69.9014488,
            -31.3354507
          ],
          [
            -69.9015293,
            -31.3354277
          ],
          [
            -69.9016446,
            -31.3353888
          ],
          [
            -69.9017653,
            -31.3353178
          ],
          [
            -69.9018189,
            -31.3352857
          ],
          [
            -69.9018672,
            -31.335233
          ],
          [
            -69.9019021,
            -31.3351597
          ],
          [
            -69.9019262,
            -31.3350703
          ],
          [
            -69.901937,
            -31.3350108
          ],
          [
            -69.9019718,
            -31.3349443
          ],
          [
            -69.9020281,
            -31.3348848
          ],
          [
            -69.9021381,
            -31.3348069
          ],
          [
            -69.9022132,
            -31.3347427
          ],
          [
            -69.9023071,
            -31.3346282
          ],
          [
            -69.9026102,
            -31.3343601
          ],
          [
            -69.9028114,
            -31.3342273
          ],
          [
            -69.9030179,
            -31.3341265
          ],
          [
            -69.9031869,
            -31.3340531
          ],
          [
            -69.9034041,
            -31.3339638
          ],
          [
            -69.9035275,
            -31.3339088
          ],
          [
            -69.9036321,
            -31.3338584
          ],
          [
            -69.9037662,
            -31.3337851
          ],
          [
            -69.9038762,
            -31.333737
          ],
          [
            -69.9039862,
            -31.3337026
          ],
          [
            -69.9040693,
            -31.333682
          ],
          [
            -69.9041954,
            -31.333666
          ],
          [
            -69.9042812,
            -31.3336385
          ],
          [
            -69.9043885,
            -31.3335904
          ],
          [
            -69.9044743,
            -31.3335125
          ],
          [
            -69.9045467,
            -31.3334346
          ],
          [
            -69.9046433,
            -31.3333498
          ],
          [
            -69.9047452,
            -31.3332948
          ],
          [
            -69.9048713,
            -31.3332192
          ],
          [
            -69.905051,
            -31.3331367
          ],
          [
            -69.9051636,
            -31.3330818
          ],
          [
            -69.9052763,
            -31.3330176
          ],
          [
            -69.9053621,
            -31.332958
          ],
          [
            -69.9054506,
            -31.3328664
          ],
          [
            -69.9055123,
            -31.3327862
          ],
          [
            -69.9055526,
            -31.3327014
          ],
          [
            -69.9055794,
            -31.3326098
          ],
          [
            -69.9055955,
            -31.3325044
          ],
          [
            -69.9056143,
            -31.3324242
          ],
          [
            -69.9056357,
            -31.3323555
          ],
          [
            -69.9056652,
            -31.3322913
          ],
          [
            -69.9057055,
            -31.332218
          ],
          [
            -69.905735,
            -31.3321722
          ],
          [
            -69.9057564,
            -31.3321058
          ],
          [
            -69.9057564,
            -31.3320439
          ],
          [
            -69.9057376,
            -31.3319568
          ],
          [
            -69.9057189,
            -31.3318904
          ],
          [
            -69.9056572,
            -31.3318011
          ],
          [
            -69.9056062,
            -31.3316728
          ],
          [
            -69.9055794,
            -31.3315742
          ],
          [
            -69.9055526,
            -31.3314711
          ],
          [
            -69.9055767,
            -31.3313497
          ],
          [
            -69.9056304,
            -31.3312283
          ],
          [
            -69.9056947,
            -31.331116
          ],
          [
            -69.905794,
            -31.3309809
          ],
          [
            -69.9058878,
            -31.3308503
          ],
          [
            -69.9059603,
            -31.3307265
          ],
          [
            -69.9060836,
            -31.3305043
          ],
          [
            -69.9061748,
            -31.3303623
          ],
          [
            -69.9062955,
            -31.3302065
          ],
          [
            -69.9064189,
            -31.3300667
          ],
          [
            -69.9065316,
            -31.3299567
          ],
          [
            -69.9066442,
            -31.3298697
          ],
          [
            -69.9067944,
            -31.3298032
          ],
          [
            -69.9069339,
            -31.329762
          ],
          [
            -69.9071002,
            -31.3297276
          ],
          [
            -69.9072263,
            -31.3297139
          ],
          [
            -69.9073282,
            -31.3297093
          ],
          [
            -69.9074194,
            -31.3297185
          ],
          [
            -69.9075642,
            -31.3297505
          ],
          [
            -69.9077439,
            -31.3298032
          ],
          [
            -69.9080309,
            -31.329888
          ],
          [
            -69.908393,
            -31.3299957
          ],
          [
            -69.9087176,
            -31.3300621
          ],
          [
            -69.909018,
            -31.3301079
          ],
          [
            -69.9092004,
            -31.3301263
          ],
          [
            -69.9093908,
            -31.3301377
          ],
          [
            -69.9096054,
            -31.3301354
          ],
          [
            -69.9097315,
            -31.3301309
          ],
          [
            -69.9099353,
            -31.3301125
          ],
          [
            -69.9100935,
            -31.3301171
          ],
          [
            -69.9102464,
            -31.3301194
          ],
          [
            -69.910402,
            -31.3300896
          ],
          [
            -69.910579,
            -31.330053
          ],
          [
            -69.9107158,
            -31.3299911
          ],
          [
            -69.9108419,
            -31.3299499
          ],
          [
            -69.9110243,
            -31.3299499
          ],
          [
            -69.9111798,
            -31.3299842
          ],
          [
            -69.9113569,
            -31.3300026
          ],
          [
            -69.9114481,
            -31.3299957
          ],
          [
            -69.9116036,
            -31.3299544
          ],
          [
            -69.9119389,
            -31.3298491
          ],
          [
            -69.912065,
            -31.3298055
          ],
          [
            -69.912191,
            -31.3297322
          ],
          [
            -69.9123573,
            -31.3296291
          ],
          [
            -69.9125075,
            -31.3295604
          ],
          [
            -69.912698,
            -31.3295191
          ],
          [
            -69.9128884,
            -31.3294985
          ],
          [
            -69.9130359,
            -31.3294756
          ],
          [
            -69.9132371,
            -31.3294412
          ],
          [
            -69.9134088,
            -31.3294229
          ],
          [
            -69.9135724,
            -31.3294023
          ],
          [
            -69.9137253,
            -31.3293817
          ],
          [
            -69.913846,
            -31.3293358
          ],
          [
            -69.9139747,
            -31.329274
          ],
          [
            -69.9141115,
            -31.3292304
          ],
          [
            -69.9142671,
            -31.3291984
          ],
          [
            -69.9144548,
            -31.3291732
          ],
          [
            -69.9146453,
            -31.3291594
          ],
          [
            -69.9147579,
            -31.3291571
          ],
          [
            -69.9148679,
            -31.3291434
          ],
          [
            -69.9150074,
            -31.329109
          ],
          [
            -69.9151522,
            -31.3290655
          ],
          [
            -69.9152756,
            -31.3290494
          ],
          [
            -69.9153963,
            -31.3290472
          ],
          [
            -69.9155438,
            -31.3290609
          ],
          [
            -69.9156565,
            -31.3290884
          ],
          [
            -69.9157771,
            -31.3290953
          ],
          [
            -69.9159434,
            -31.3290747
          ],
          [
            -69.9160668,
            -31.3290655
          ],
          [
            -69.9162734,
            -31.3290701
          ],
          [
            -69.9164048,
            -31.3290838
          ],
          [
            -69.9165469,
            -31.329109
          ],
          [
            -69.916791,
            -31.3291571
          ],
          [
            -69.9173597,
            -31.3292511
          ],
          [
            -69.9175608,
            -31.3292831
          ],
          [
            -69.9177378,
            -31.3293198
          ],
          [
            -69.9178666,
            -31.3293473
          ],
          [
            -69.9179631,
            -31.329384
          ],
          [
            -69.9181187,
            -31.3294504
          ],
          [
            -69.9184111,
            -31.3295558
          ],
          [
            -69.9184942,
            -31.3295879
          ],
          [
            -69.9186176,
            -31.3296245
          ],
          [
            -69.9187437,
            -31.3296474
          ],
          [
            -69.9188724,
            -31.329652
          ],
          [
            -69.9190226,
            -31.3296658
          ],
          [
            -69.9192935,
            -31.3297116
          ],
          [
            -69.919425,
            -31.3297299
          ],
          [
            -69.919543,
            -31.3297414
          ],
          [
            -69.9196932,
            -31.3297207
          ],
          [
            -69.91983,
            -31.3297001
          ],
          [
            -69.9199963,
            -31.3296772
          ],
          [
            -69.9202108,
            -31.3296635
          ],
          [
            -69.9203879,
            -31.3296497
          ],
          [
            -69.9205434,
            -31.3296268
          ],
          [
            -69.9207124,
            -31.3295902
          ],
          [
            -69.9208358,
            -31.3295512
          ],
          [
            -69.9209484,
            -31.3294916
          ],
          [
            -69.9210718,
            -31.3294206
          ],
          [
            -69.9211845,
            -31.3293473
          ],
          [
            -69.9212703,
            -31.3292694
          ],
          [
            -69.9213776,
            -31.3291755
          ],
          [
            -69.9214473,
            -31.3291067
          ],
          [
            -69.9215385,
            -31.3290242
          ],
          [
            -69.921611,
            -31.3289486
          ],
          [
            -69.921678,
            -31.3289143
          ],
          [
            -69.9217719,
            -31.3288914
          ],
          [
            -69.9218738,
            -31.3288616
          ],
          [
            -69.921957,
            -31.3288203
          ],
          [
            -69.9220294,
            -31.3287585
          ],
          [
            -69.9221286,
            -31.3286783
          ],
          [
            -69.9222708,
            -31.3286554
          ],
          [
            -69.9224934,
            -31.3286577
          ],
          [
            -69.9226892,
            -31.3286783
          ],
          [
            -69.9228582,
            -31.328676
          ],
          [
            -69.9230218,
            -31.3286554
          ],
          [
            -69.923231,
            -31.3286164
          ],
          [
            -69.9234429,
            -31.3285775
          ],
          [
            -69.9235368,
            -31.3285706
          ],
          [
            -69.923628,
            -31.3285706
          ],
          [
            -69.9237353,
            -31.3285912
          ],
          [
            -69.9238157,
            -31.3286096
          ],
          [
            -69.9239284,
            -31.3286233
          ],
          [
            -69.9240544,
            -31.3286187
          ],
          [
            -69.9241751,
            -31.3286141
          ],
          [
            -69.9242985,
            -31.3286073
          ],
          [
            -69.9244219,
            -31.3286302
          ],
          [
            -69.9244662,
            -31.3286508
          ],
          [
            -69.9244943,
            -31.3286737
          ],
          [
            -69.924566,
            -31.328747
          ],
          [
            -69.9246982,
            -31.3288822
          ],
          [
            -69.9247545,
            -31.3289234
          ],
          [
            -69.9248913,
            -31.328999
          ],
          [
            -69.9251005,
            -31.3290792
          ],
          [
            -69.9253285,
            -31.3291159
          ],
          [
            -69.9255914,
            -31.3291342
          ],
          [
            -69.9257925,
            -31.3291319
          ],
          [
            -69.9260929,
            -31.3291067
          ],
          [
            -69.9262619,
            -31.3290976
          ],
          [
            -69.9264389,
            -31.3291182
          ],
          [
            -69.9266294,
            -31.3291503
          ],
          [
            -69.9267286,
            -31.3291732
          ],
          [
            -69.9268359,
            -31.3292144
          ],
          [
            -69.9269432,
            -31.329274
          ],
          [
            -69.9272704,
            -31.3294916
          ],
          [
            -69.927426,
            -31.3295902
          ],
          [
            -69.927536,
            -31.3296429
          ],
          [
            -69.9276352,
            -31.3296703
          ],
          [
            -69.9277478,
            -31.3296772
          ],
          [
            -69.9279383,
            -31.3296749
          ],
          [
            -69.9284238,
            -31.329652
          ],
          [
            -69.9285606,
            -31.329652
          ],
          [
            -69.9287429,
            -31.3296543
          ],
          [
            -69.9288636,
            -31.3296406
          ],
          [
            -69.9289897,
            -31.3296154
          ],
          [
            -69.929156,
            -31.3295879
          ],
          [
            -69.9292848,
            -31.3295764
          ],
          [
            -69.9294484,
            -31.3295741
          ],
          [
            -69.9295878,
            -31.329581
          ],
          [
            -69.9297434,
            -31.3296176
          ],
          [
            -69.9300733,
            -31.3297024
          ],
          [
            -69.9301806,
            -31.329746
          ],
          [
            -69.930304,
            -31.3298193
          ],
          [
            -69.9303979,
            -31.3298513
          ],
          [
            -69.9305373,
            -31.3298559
          ],
          [
            -69.9306929,
            -31.3298399
          ],
          [
            -69.930878,
            -31.3298009
          ],
          [
            -69.9310094,
            -31.3297666
          ],
          [
            -69.9311301,
            -31.3297391
          ],
          [
            -69.931291,
            -31.3297345
          ],
          [
            -69.9314895,
            -31.3297276
          ],
          [
            -69.932254,
            -31.3296451
          ],
          [
            -69.9324498,
            -31.3296222
          ],
          [
            -69.932608,
            -31.3295924
          ],
          [
            -69.9327689,
            -31.3295398
          ],
          [
            -69.9331847,
            -31.3293977
          ],
          [
            -69.933351,
            -31.3293381
          ],
          [
            -69.9334905,
            -31.3293083
          ],
          [
            -69.9336112,
            -31.3293015
          ],
          [
            -69.933764,
            -31.3293152
          ],
          [
            -69.9343193,
            -31.3293358
          ],
          [
            -69.9344507,
            -31.3293244
          ],
          [
            -69.934558,
            -31.3292969
          ],
          [
            -69.934676,
            -31.3292396
          ],
          [
            -69.9348021,
            -31.3291663
          ],
          [
            -69.9349549,
            -31.3290701
          ],
          [
            -69.9352285,
            -31.3289234
          ],
          [
            -69.9355826,
            -31.3287699
          ],
          [
            -69.9358293,
            -31.3286691
          ],
          [
            -69.9359661,
            -31.3285981
          ],
          [
            -69.936111,
            -31.3285042
          ],
          [
            -69.9363041,
            -31.3283713
          ],
          [
            -69.9364677,
            -31.3282407
          ],
          [
            -69.9367976,
            -31.3279749
          ],
          [
            -69.9369693,
            -31.3278214
          ],
          [
            -69.9370551,
            -31.3277183
          ],
          [
            -69.9371409,
            -31.3276129
          ],
          [
            -69.9372402,
            -31.3274388
          ],
          [
            -69.9373421,
            -31.3272898
          ],
          [
            -69.9374521,
            -31.3271432
          ],
          [
            -69.937605,
            -31.3269599
          ],
          [
            -69.9377096,
            -31.3268293
          ],
          [
            -69.9377564,
            -31.3267772
          ],
          [
            -69.9377981,
            -31.3267308
          ],
          [
            -69.9379161,
            -31.3266071
          ],
          [
            -69.9380851,
            -31.326465
          ],
          [
            -69.9389327,
            -31.3258235
          ],
          [
            -69.939107,
            -31.3256975
          ],
          [
            -69.939276,
            -31.3256058
          ],
          [
            -69.9394342,
            -31.325544
          ],
          [
            -69.9395952,
            -31.3255119
          ],
          [
            -69.9398419,
            -31.325489
          ],
          [
            -69.9400967,
            -31.3254523
          ],
          [
            -69.9403033,
            -31.3254363
          ],
          [
            -69.9404883,
            -31.3254019
          ],
          [
            -69.9407217,
            -31.32534
          ],
          [
            -69.9409363,
            -31.3252759
          ],
          [
            -69.9411643,
            -31.3252003
          ],
          [
            -69.9413171,
            -31.3251522
          ],
          [
            -69.9414995,
            -31.3250788
          ],
          [
            -69.9416631,
            -31.3250124
          ],
          [
            -69.9417785,
            -31.3249574
          ],
          [
            -69.9419045,
            -31.3248726
          ],
          [
            -69.9420279,
            -31.3247856
          ],
          [
            -69.9421835,
            -31.3247099
          ],
          [
            -69.9423391,
            -31.3246504
          ],
          [
            -69.9425,
            -31.3246114
          ],
          [
            -69.9427119,
            -31.3246068
          ],
          [
            -69.9429399,
            -31.3246046
          ],
          [
            -69.9431518,
            -31.3245931
          ],
          [
            -69.9444661,
            -31.324561
          ],
          [
            -69.9446055,
            -31.3245564
          ],
          [
            -69.9447718,
            -31.3245839
          ],
          [
            -69.9449059,
            -31.3246252
          ],
          [
            -69.9455872,
            -31.324907
          ],
          [
            -69.9457482,
            -31.3249482
          ],
          [
            -69.9458581,
            -31.3249757
          ],
          [
            -69.9459574,
            -31.3249803
          ],
          [
            -69.9460888,
            -31.3249849
          ],
          [
            -69.9462712,
            -31.3249918
          ],
          [
            -69.9464509,
            -31.3250009
          ],
          [
            -69.9468988,
            -31.3250491
          ],
          [
            -69.9473065,
            -31.3250972
          ],
          [
            -69.9474674,
            -31.3251155
          ],
          [
            -69.9476042,
            -31.3251086
          ],
          [
            -69.9477571,
            -31.325127
          ],
          [
            -69.9479234,
            -31.3251613
          ],
          [
            -69.9480388,
            -31.3251957
          ],
          [
            -69.9481595,
            -31.3252484
          ],
          [
            -69.9483231,
            -31.3252965
          ],
          [
            -69.9484545,
            -31.3253263
          ],
          [
            -69.9485913,
            -31.325324
          ],
          [
            -69.9487656,
            -31.3252965
          ],
          [
            -69.9491841,
            -31.3252049
          ],
          [
            -69.949345,
            -31.3251751
          ],
          [
            -69.9494872,
            -31.3251659
          ],
          [
            -69.9498466,
            -31.3251636
          ],
          [
            -69.9499619,
            -31.3251774
          ],
          [
            -69.9500746,
            -31.3252049
          ],
          [
            -69.9501604,
            -31.3252301
          ],
          [
            -69.9502757,
            -31.3252301
          ],
          [
            -69.9503481,
            -31.3252094
          ],
          [
            -69.9504501,
            -31.3251705
          ],
          [
            -69.9506378,
            -31.3251063
          ],
          [
            -69.950898,
            -31.3250124
          ],
          [
            -69.9511126,
            -31.3249276
          ],
          [
            -69.9512789,
            -31.3248383
          ],
          [
            -69.9514183,
            -31.3247879
          ],
          [
            -69.951641,
            -31.3247535
          ],
          [
            -69.9518529,
            -31.324726
          ],
          [
            -69.9520862,
            -31.3247237
          ],
          [
            -69.9522927,
            -31.3247306
          ],
          [
            -69.9525207,
            -31.3247443
          ],
          [
            -69.9527246,
            -31.3247741
          ],
          [
            -69.9529633,
            -31.3248234
          ],
          [
            -69.9531108,
            -31.32486
          ],
          [
            -69.9532302,
            -31.324915
          ],
          [
            -69.9533432,
            -31.324979
          ],
          [
            -69.9534407,
            -31.325025
          ],
          [
            -69.9535105,
            -31.3250296
          ],
          [
            -69.9536204,
            -31.3250124
          ],
          [
            -69.9537586,
            -31.3249734
          ],
          [
            -69.9539074,
            -31.3249162
          ],
          [
            -69.9542816,
            -31.3248073
          ],
          [
            -69.954527,
            -31.3247512
          ],
          [
            -69.9546826,
            -31.324734
          ],
          [
            -69.9548288,
            -31.3247374
          ],
          [
            -69.954987,
            -31.3247592
          ],
          [
            -69.9552217,
            -31.3247993
          ],
          [
            -69.9553719,
            -31.3248211
          ],
          [
            -69.9554993,
            -31.3248463
          ],
          [
            -69.9556455,
            -31.3248875
          ],
          [
            -69.955781,
            -31.3249471
          ],
          [
            -69.9559151,
            -31.3249872
          ],
          [
            -69.9560143,
            -31.3250009
          ],
          [
            -69.9561296,
            -31.3249941
          ],
          [
            -69.956253,
            -31.3249757
          ],
          [
            -69.9563482,
            -31.3249666
          ],
          [
            -69.9564354,
            -31.3249734
          ],
          [
            -69.9565025,
            -31.3249952
          ],
          [
            -69.9565977,
            -31.3250491
          ],
          [
            -69.9566942,
            -31.3250972
          ],
          [
            -69.9567908,
            -31.3251247
          ],
          [
            -69.9569115,
            -31.3251522
          ],
          [
            -69.9570403,
            -31.3251636
          ],
          [
            -69.9572092,
            -31.3251797
          ],
          [
            -69.9573433,
            -31.3251865
          ],
          [
            -69.9574801,
            -31.3252003
          ],
          [
            -69.957566,
            -31.325214
          ],
          [
            -69.9576518,
            -31.3252415
          ],
          [
            -69.9577644,
            -31.3252919
          ],
          [
            -69.9578959,
            -31.3253377
          ],
          [
            -69.9580407,
            -31.325395
          ],
          [
            -69.9581587,
            -31.3254408
          ],
          [
            -69.9582741,
            -31.3254683
          ],
          [
            -69.9583975,
            -31.325489
          ],
          [
            -69.9584967,
            -31.325505
          ],
          [
            -69.958612,
            -31.3255325
          ],
          [
            -69.9587401,
            -31.3255709
          ],
          [
            -69.9591324,
            -31.3256975
          ],
          [
            -69.9593309,
            -31.3257547
          ],
          [
            -69.959465,
            -31.3257754
          ],
          [
            -69.9596232,
            -31.3257754
          ],
          [
            -69.959752,
            -31.3257639
          ],
          [
            -69.9598995,
            -31.3257364
          ],
          [
            -69.9600765,
            -31.3256952
          ],
          [
            -69.960216,
            -31.3256677
          ],
          [
            -69.9603555,
            -31.3256494
          ],
          [
            -69.9604788,
            -31.3256494
          ],
          [
            -69.9605942,
            -31.3256837
          ],
          [
            -69.9607363,
            -31.3257479
          ],
          [
            -69.9609683,
            -31.3258796
          ],
          [
            -69.9610743,
            -31.3259518
          ],
          [
            -69.9611481,
            -31.3259919
          ],
          [
            -69.9612513,
            -31.3259873
          ],
          [
            -69.9613532,
            -31.3259438
          ],
          [
            -69.9614377,
            -31.3258979
          ],
          [
            -69.9615397,
            -31.3258521
          ],
          [
            -69.9616644,
            -31.3258258
          ],
          [
            -69.9618682,
            -31.3258109
          ],
          [
            -69.9619715,
            -31.3258235
          ],
          [
            -69.9620627,
            -31.3258464
          ],
          [
            -69.9621646,
            -31.3258899
          ],
          [
            -69.9622451,
            -31.3259335
          ],
          [
            -69.9623296,
            -31.3259598
          ],
          [
            -69.9624945,
            -31.325969
          ],
          [
            -69.9626608,
            -31.3259701
          ],
          [
            -69.9627721,
            -31.3259758
          ],
          [
            -69.9628955,
            -31.3259976
          ],
          [
            -69.9630471,
            -31.3260434
          ],
          [
            -69.9631543,
            -31.3260767
          ],
          [
            -69.963271,
            -31.3260927
          ],
          [
            -69.963377,
            -31.3260893
          ],
          [
            -69.9635111,
            -31.3260732
          ],
          [
            -69.9636559,
            -31.3260492
          ],
          [
            -69.9638195,
            -31.3260171
          ],
          [
            -69.9643493,
            -31.3258934
          ],
          [
            -69.9644633,
            -31.3258613
          ],
          [
            -69.9645464,
            -31.3258498
          ],
          [
            -69.9646175,
            -31.3258487
          ],
          [
            -69.9646886,
            -31.325875
          ]
        ]
      }
    },
    {
      "type": "Feature",
      "id": "osm-way-1436828898",
      "properties": {
        "bridge": "yes",
        "highway": "tertiary",
        "lanes": "2",
        "layer": "1",
        "maxspeed": "60",
        "name": "Camino a Los Azules",
        "oneway": "no",
        "ref": "RP437",
        "surface": "pebblestone",
        "osmWayId": 1436828898,
        "sourceFeatureId": "osm-way-1436828898",
        "selectedForCorridor": "los-azules",
        "selectionMethod": "reviewed source-junction clip between pinned coordinates",
        "selectionLengthKm": 0.023954,
        "sourceGeometryClipped": true
      },
      "geometry": {
        "type": "LineString",
        "coordinates": [
          [
            -69.9646886,
            -31.325875
          ],
          [
            -69.9648978,
            -31.3259953
          ]
        ]
      }
    },
    {
      "type": "Feature",
      "id": "osm-way-1441747900",
      "properties": {
        "highway": "tertiary",
        "lanes": "2",
        "maxspeed": "60",
        "name": "Camino a Los Azules",
        "oneway": "no",
        "ref": "RP437",
        "surface": "pebblestone",
        "osmWayId": 1441747900,
        "sourceFeatureId": "osm-way-1441747900",
        "selectedForCorridor": "los-azules",
        "selectionMethod": "reviewed source-junction clip between pinned coordinates",
        "selectionLengthKm": 17.019577,
        "sourceGeometryClipped": true
      },
      "geometry": {
        "type": "LineString",
        "coordinates": [
          [
            -69.9648978,
            -31.3259953
          ],
          [
            -69.9649313,
            -31.3260022
          ],
          [
            -69.9649876,
            -31.3260056
          ],
          [
            -69.9650587,
            -31.3260011
          ],
          [
            -69.9651781,
            -31.3259862
          ],
          [
            -69.9653739,
            -31.3259678
          ],
          [
            -69.9655321,
            -31.3259724
          ],
          [
            -69.9656636,
            -31.3260182
          ],
          [
            -69.9659157,
            -31.3261626
          ],
          [
            -69.9661034,
            -31.3262474
          ],
          [
            -69.9662778,
            -31.3263184
          ],
          [
            -69.9664924,
            -31.3263619
          ],
          [
            -69.9668732,
            -31.3264215
          ],
          [
            -69.9670985,
            -31.3264444
          ],
          [
            -69.9673051,
            -31.3264581
          ],
          [
            -69.9675089,
            -31.3264765
          ],
          [
            -69.967702,
            -31.3265108
          ],
          [
            -69.9678898,
            -31.3265475
          ],
          [
            -69.9684235,
            -31.3267491
          ],
          [
            -69.9686462,
            -31.326827
          ],
          [
            -69.9688715,
            -31.3268889
          ],
          [
            -69.9690592,
            -31.3269301
          ],
          [
            -69.9692711,
            -31.3269553
          ],
          [
            -69.9694562,
            -31.3269645
          ],
          [
            -69.9696252,
            -31.3269645
          ],
          [
            -69.9698263,
            -31.3269508
          ],
          [
            -69.9700141,
            -31.3269164
          ],
          [
            -69.9701241,
            -31.3268683
          ],
          [
            -69.9702179,
            -31.326811
          ],
          [
            -69.9703011,
            -31.3267445
          ],
          [
            -69.9704245,
            -31.3266162
          ],
          [
            -69.9705479,
            -31.3264994
          ],
          [
            -69.9707517,
            -31.3263184
          ],
          [
            -69.9708214,
            -31.3262771
          ],
          [
            -69.9709368,
            -31.3262519
          ],
          [
            -69.9710736,
            -31.3262428
          ],
          [
            -69.971264,
            -31.3262565
          ],
          [
            -69.9714839,
            -31.3262909
          ],
          [
            -69.9719265,
            -31.326355
          ],
          [
            -69.9721384,
            -31.3263894
          ],
          [
            -69.9723476,
            -31.3264284
          ],
          [
            -69.9727848,
            -31.3265338
          ],
          [
            -69.9729404,
            -31.3265452
          ],
          [
            -69.9730933,
            -31.3265315
          ],
          [
            -69.9732542,
            -31.3264811
          ],
          [
            -69.9737263,
            -31.3263184
          ],
          [
            -69.9738818,
            -31.3262817
          ],
          [
            -69.9740025,
            -31.3262634
          ],
          [
            -69.974201,
            -31.3262726
          ],
          [
            -69.9743968,
            -31.3263001
          ],
          [
            -69.9746946,
            -31.3263688
          ],
          [
            -69.9752712,
            -31.3265246
          ],
          [
            -69.975577,
            -31.3265842
          ],
          [
            -69.9759954,
            -31.326646
          ],
          [
            -69.9764246,
            -31.3266964
          ],
          [
            -69.9770924,
            -31.3267835
          ],
          [
            -69.9774116,
            -31.326827
          ],
          [
            -69.9778059,
            -31.3268591
          ],
          [
            -69.9781519,
            -31.3268751
          ],
          [
            -69.9784148,
            -31.3268706
          ],
          [
            -69.9787205,
            -31.3268499
          ],
          [
            -69.9789834,
            -31.3268362
          ],
          [
            -69.9792329,
            -31.3267972
          ],
          [
            -69.9794957,
            -31.3267331
          ],
          [
            -69.9797291,
            -31.3266666
          ],
          [
            -69.9799812,
            -31.3265979
          ],
          [
            -69.9802467,
            -31.3265108
          ],
          [
            -69.9804747,
            -31.3264375
          ],
          [
            -69.9806786,
            -31.3263825
          ],
          [
            -69.9808234,
            -31.3263825
          ],
          [
            -69.9809709,
            -31.3263688
          ],
          [
            -69.9810943,
            -31.3263321
          ],
          [
            -69.9812311,
            -31.3262817
          ],
          [
            -69.9813679,
            -31.3262382
          ],
          [
            -69.9815369,
            -31.3262015
          ],
          [
            -69.9818453,
            -31.3261557
          ],
          [
            -69.9821967,
            -31.3260893
          ],
          [
            -69.9824381,
            -31.3260343
          ],
          [
            -69.9827439,
            -31.3259472
          ],
          [
            -69.9831274,
            -31.3258258
          ],
          [
            -69.9833795,
            -31.3257341
          ],
          [
            -69.9836075,
            -31.3256356
          ],
          [
            -69.9838302,
            -31.3255348
          ],
          [
            -69.9840742,
            -31.3254271
          ],
          [
            -69.9843049,
            -31.3253148
          ],
          [
            -69.9845088,
            -31.3252461
          ],
          [
            -69.9846777,
            -31.3252049
          ],
          [
            -69.9848709,
            -31.3251728
          ],
          [
            -69.9850586,
            -31.3251613
          ],
          [
            -69.9852571,
            -31.3251499
          ],
          [
            -69.9854341,
            -31.3251636
          ],
          [
            -69.9857372,
            -31.3252094
          ],
          [
            -69.9858579,
            -31.3252209
          ],
          [
            -69.985992,
            -31.3252209
          ],
          [
            -69.9861208,
            -31.3251957
          ],
          [
            -69.9862844,
            -31.3251407
          ],
          [
            -69.9866545,
            -31.3250147
          ],
          [
            -69.9869067,
            -31.3249299
          ],
          [
            -69.9870354,
            -31.3248703
          ],
          [
            -69.9871749,
            -31.324797
          ],
          [
            -69.987317,
            -31.3247145
          ],
          [
            -69.9874619,
            -31.3246366
          ],
          [
            -69.9876389,
            -31.3245862
          ],
          [
            -69.9878857,
            -31.3245289
          ],
          [
            -69.9880922,
            -31.3244694
          ],
          [
            -69.9883497,
            -31.3243777
          ],
          [
            -69.9885991,
            -31.3242952
          ],
          [
            -69.9889988,
            -31.3241921
          ],
          [
            -69.9892724,
            -31.3241165
          ],
          [
            -69.9895808,
            -31.324018
          ],
          [
            -69.9900448,
            -31.3239011
          ],
          [
            -69.990525,
            -31.3237705
          ],
          [
            -69.9908146,
            -31.3236812
          ],
          [
            -69.9910292,
            -31.3236193
          ],
          [
            -69.9912545,
            -31.3235208
          ],
          [
            -69.9915791,
            -31.3233833
          ],
          [
            -69.9920484,
            -31.3231725
          ],
          [
            -69.9923703,
            -31.3230282
          ],
          [
            -69.9925594,
            -31.3229514
          ],
          [
            -69.9926298,
            -31.3229073
          ],
          [
            -69.9926486,
            -31.3228827
          ],
          [
            -69.9926607,
            -31.3228609
          ],
          [
            -69.9926734,
            -31.3227922
          ],
          [
            -69.9926761,
            -31.3226982
          ],
          [
            -69.9926788,
            -31.3225859
          ],
          [
            -69.9927244,
            -31.3224805
          ],
          [
            -69.9928236,
            -31.3223614
          ],
          [
            -69.9929899,
            -31.3222537
          ],
          [
            -69.9932259,
            -31.3221254
          ],
          [
            -69.9933843,
            -31.3220566
          ],
          [
            -69.9940547,
            -31.3217702
          ],
          [
            -69.9941728,
            -31.3217015
          ],
          [
            -69.9943417,
            -31.3215709
          ],
          [
            -69.9945107,
            -31.321422
          ],
          [
            -69.9947146,
            -31.3212157
          ],
          [
            -69.9949667,
            -31.3209293
          ],
          [
            -69.9952081,
            -31.3206521
          ],
          [
            -69.99542,
            -31.3203863
          ],
          [
            -69.9956694,
            -31.3201022
          ],
          [
            -69.9959162,
            -31.3198295
          ],
          [
            -69.9961951,
            -31.3194858
          ],
          [
            -69.9963856,
            -31.3192521
          ],
          [
            -69.9966028,
            -31.3190183
          ],
          [
            -69.9968496,
            -31.3187342
          ],
          [
            -69.9969998,
            -31.3185532
          ],
          [
            -69.9971339,
            -31.3183974
          ],
          [
            -69.9973136,
            -31.3181568
          ],
          [
            -69.9975765,
            -31.3177993
          ],
          [
            -69.9979493,
            -31.3172425
          ],
          [
            -69.9981183,
            -31.317018
          ],
          [
            -69.9982041,
            -31.3169057
          ],
          [
            -69.9983355,
            -31.3168026
          ],
          [
            -69.9984455,
            -31.3167063
          ],
          [
            -69.9986199,
            -31.3165459
          ],
          [
            -69.9987781,
            -31.316397
          ],
          [
            -69.9990061,
            -31.3161426
          ],
          [
            -69.9991885,
            -31.3159479
          ],
          [
            -69.9993467,
            -31.3158241
          ],
          [
            -69.999513,
            -31.3156843
          ],
          [
            -69.9998644,
            -31.3153246
          ],
          [
            -70.0000843,
            -31.3150908
          ],
          [
            -70.0002292,
            -31.3149534
          ],
          [
            -70.0003794,
            -31.3148227
          ],
          [
            -70.0004867,
            -31.3147403
          ],
          [
            -70.0005993,
            -31.3146417
          ],
          [
            -70.0006771,
            -31.3145501
          ],
          [
            -70.0007576,
            -31.3144217
          ],
          [
            -70.0009056,
            -31.3142227
          ],
          [
            -70.001053,
            -31.3140692
          ],
          [
            -70.0012752,
            -31.3139291
          ],
          [
            -70.0015166,
            -31.3137939
          ],
          [
            -70.001809,
            -31.3136839
          ],
          [
            -70.0020799,
            -31.3136426
          ],
          [
            -70.002324,
            -31.3135533
          ],
          [
            -70.0025144,
            -31.3134433
          ],
          [
            -70.002788,
            -31.3132095
          ],
          [
            -70.0031447,
            -31.3128635
          ],
          [
            -70.003413,
            -31.3126985
          ],
          [
            -70.0037938,
            -31.3123892
          ],
          [
            -70.0040057,
            -31.3121371
          ],
          [
            -70.0041854,
            -31.3119859
          ],
          [
            -70.0043196,
            -31.31183
          ],
          [
            -70.0045288,
            -31.311523
          ],
          [
            -70.0046951,
            -31.3113923
          ],
          [
            -70.0050062,
            -31.3111724
          ],
          [
            -70.0051215,
            -31.3110394
          ],
          [
            -70.0052878,
            -31.3108263
          ],
          [
            -70.0055695,
            -31.3105101
          ],
          [
            -70.0058189,
            -31.3102259
          ],
          [
            -70.0060925,
            -31.3098341
          ],
          [
            -70.0062373,
            -31.309566
          ],
          [
            -70.0063366,
            -31.309307
          ],
          [
            -70.0064251,
            -31.3091626
          ],
          [
            -70.0065592,
            -31.3090389
          ],
          [
            -70.0069588,
            -31.3086883
          ],
          [
            -70.0071037,
            -31.3085233
          ],
          [
            -70.0073102,
            -31.3082047
          ],
          [
            -70.0075409,
            -31.3078633
          ],
          [
            -70.0079486,
            -31.307327
          ],
          [
            -70.0083026,
            -31.3068412
          ],
          [
            -70.0085172,
            -31.3065502
          ],
          [
            -70.0086781,
            -31.3064035
          ],
          [
            -70.00889,
            -31.3062614
          ],
          [
            -70.0094479,
            -31.3059199
          ],
          [
            -70.0097832,
            -31.3057458
          ],
          [
            -70.0101212,
            -31.3056014
          ],
          [
            -70.0102821,
            -31.3054822
          ],
          [
            -70.0104538,
            -31.3053447
          ],
          [
            -70.0106201,
            -31.3052599
          ],
          [
            -70.0109366,
            -31.3051339
          ],
          [
            -70.0112397,
            -31.3050101
          ],
          [
            -70.0114569,
            -31.3048818
          ],
          [
            -70.011701,
            -31.3046755
          ],
          [
            -70.0119397,
            -31.3044418
          ],
          [
            -70.0122911,
            -31.3040293
          ],
          [
            -70.0124198,
            -31.3039009
          ],
          [
            -70.0125486,
            -31.3038299
          ],
          [
            -70.0126773,
            -31.3037955
          ],
          [
            -70.0128141,
            -31.3037955
          ],
          [
            -70.0129697,
            -31.3038093
          ],
          [
            -70.0130689,
            -31.303807
          ],
          [
            -70.0131601,
            -31.3037749
          ],
          [
            -70.0132325,
            -31.3037107
          ],
          [
            -70.0133318,
            -31.3035709
          ],
          [
            -70.0134552,
            -31.3034151
          ],
          [
            -70.0136,
            -31.3032822
          ],
          [
            -70.0140318,
            -31.302943
          ],
          [
            -70.0143054,
            -31.3027642
          ],
          [
            -70.0145763,
            -31.3026107
          ],
          [
            -70.0147721,
            -31.3025259
          ],
          [
            -70.0149867,
            -31.3024686
          ],
          [
            -70.0152656,
            -31.3024319
          ],
          [
            -70.0154534,
            -31.3024021
          ],
          [
            -70.0155821,
            -31.3023677
          ],
          [
            -70.0156653,
            -31.3023288
          ],
          [
            -70.0158128,
            -31.3021913
          ],
          [
            -70.0161159,
            -31.3018842
          ],
          [
            -70.0162876,
            -31.301694
          ],
          [
            -70.0164673,
            -31.3015244
          ],
          [
            -70.0167248,
            -31.3012975
          ],
          [
            -70.0167972,
            -31.3011852
          ],
          [
            -70.016824,
            -31.3010637
          ],
          [
            -70.0168052,
            -31.3009491
          ],
          [
            -70.0166792,
            -31.3007222
          ],
          [
            -70.0166443,
            -31.3006031
          ],
          [
            -70.0166631,
            -31.3004839
          ],
          [
            -70.0167301,
            -31.3003762
          ],
          [
            -70.0168401,
            -31.3002639
          ],
          [
            -70.0169018,
            -31.3001791
          ],
          [
            -70.016934,
            -31.3000691
          ],
          [
            -70.0169608,
            -31.2999361
          ],
          [
            -70.0170064,
            -31.2998399
          ],
          [
            -70.0170949,
            -31.2997138
          ],
          [
            -70.0171942,
            -31.2995809
          ],
          [
            -70.0172263,
            -31.2994869
          ],
          [
            -70.0172183,
            -31.2993723
          ],
          [
            -70.0171593,
            -31.2991477
          ],
          [
            -70.0171459,
            -31.2990102
          ],
          [
            -70.0171727,
            -31.2988567
          ],
          [
            -70.0171915,
            -31.2987215
          ],
          [
            -70.0171888,
            -31.2985106
          ],
          [
            -70.0171888,
            -31.2982975
          ],
          [
            -70.0172156,
            -31.2980431
          ],
          [
            -70.0172639,
            -31.2976007
          ],
          [
            -70.0172988,
            -31.2974884
          ],
          [
            -70.0173792,
            -31.2973876
          ],
          [
            -70.0175536,
            -31.2972592
          ],
          [
            -70.0177011,
            -31.2971561
          ],
          [
            -70.0178057,
            -31.297124
          ],
          [
            -70.0179371,
            -31.2971171
          ],
          [
            -70.0181624,
            -31.2971355
          ],
          [
            -70.0183502,
            -31.2971401
          ],
          [
            -70.0185004,
            -31.2971286
          ],
          [
            -70.0186533,
            -31.2970896
          ],
          [
            -70.0188088,
            -31.2970232
          ],
          [
            -70.0189617,
            -31.2969292
          ],
          [
            -70.0190932,
            -31.2968192
          ],
          [
            -70.0192112,
            -31.296645
          ],
          [
            -70.0194874,
            -31.296072
          ],
          [
            -70.0195652,
            -31.2959505
          ],
          [
            -70.0196645,
            -31.2958635
          ],
          [
            -70.0198227,
            -31.2957649
          ],
          [
            -70.0201017,
            -31.2956159
          ],
          [
            -70.0204074,
            -31.2954853
          ],
          [
            -70.0206971,
            -31.2954303
          ],
          [
            -70.0209305,
            -31.2954303
          ],
          [
            -70.0211263,
            -31.2954532
          ],
          [
            -70.0213811,
            -31.2955128
          ],
          [
            -70.0215554,
            -31.2955517
          ],
          [
            -70.021711,
            -31.2955655
          ],
          [
            -70.0218719,
            -31.2955403
          ],
          [
            -70.0220731,
            -31.2954326
          ],
          [
            -70.0222689,
            -31.2952653
          ],
          [
            -70.0224486,
            -31.2951254
          ],
          [
            -70.02258,
            -31.295059
          ],
          [
            -70.0228134,
            -31.2949879
          ],
          [
            -70.0237736,
            -31.2946464
          ],
          [
            -70.0241894,
            -31.294486
          ],
          [
            -70.0244013,
            -31.294376
          ],
          [
            -70.0246507,
            -31.294227
          ],
          [
            -70.0257236,
            -31.2935142
          ],
          [
            -70.0259998,
            -31.2932735
          ],
          [
            -70.0264478,
            -31.2928105
          ],
          [
            -70.0267643,
            -31.2924965
          ],
          [
            -70.0268984,
            -31.2924071
          ],
          [
            -70.0271022,
            -31.2923498
          ],
          [
            -70.0274214,
            -31.2922696
          ],
          [
            -70.0276065,
            -31.2921757
          ],
          [
            -70.0277808,
            -31.2920244
          ],
          [
            -70.0281966,
            -31.2916485
          ],
          [
            -70.0284943,
            -31.2913299
          ],
          [
            -70.0286096,
            -31.2911511
          ],
          [
            -70.0287437,
            -31.2909425
          ],
          [
            -70.0288859,
            -31.2907981
          ],
          [
            -70.0291219,
            -31.2906194
          ],
          [
            -70.0293848,
            -31.2903397
          ],
          [
            -70.0294706,
            -31.2902022
          ],
          [
            -70.0295028,
            -31.2900922
          ],
          [
            -70.029484,
            -31.289989
          ],
          [
            -70.0292909,
            -31.2896521
          ],
          [
            -70.0292453,
            -31.2895375
          ],
          [
            -70.0292346,
            -31.2894229
          ],
          [
            -70.0292534,
            -31.2892968
          ],
          [
            -70.0293124,
            -31.2891157
          ],
          [
            -70.0294036,
            -31.2889874
          ],
          [
            -70.0295645,
            -31.2888338
          ],
          [
            -70.0297228,
            -31.2887146
          ],
          [
            -70.0298676,
            -31.2885931
          ],
          [
            -70.0299481,
            -31.2885015
          ],
          [
            -70.029991,
            -31.2884212
          ],
          [
            -70.0300607,
            -31.2881233
          ],
          [
            -70.0301331,
            -31.2877428
          ],
          [
            -70.0302056,
            -31.2875915
          ],
          [
            -70.0302941,
            -31.2874769
          ],
          [
            -70.0304335,
            -31.2873944
          ],
          [
            -70.0308815,
            -31.2872843
          ],
          [
            -70.031265,
            -31.2872133
          ],
          [
            -70.0314394,
            -31.2871995
          ],
          [
            -70.0316459,
            -31.2871949
          ],
          [
            -70.0318578,
            -31.2872018
          ],
          [
            -70.032059,
            -31.2871904
          ],
          [
            -70.0323111,
            -31.2871308
          ],
          [
            -70.0326034,
            -31.2870093
          ],
          [
            -70.0328717,
            -31.2868649
          ],
          [
            -70.0330192,
            -31.2867503
          ],
          [
            -70.0331453,
            -31.2866265
          ],
          [
            -70.0332525,
            -31.2864477
          ],
          [
            -70.0334832,
            -31.2859755
          ],
          [
            -70.0335985,
            -31.2858174
          ],
          [
            -70.0337192,
            -31.2856729
          ],
          [
            -70.0338346,
            -31.2855171
          ],
          [
            -70.0339365,
            -31.2853131
          ],
          [
            -70.034025,
            -31.2851045
          ],
          [
            -70.034084,
            -31.2850151
          ],
          [
            -70.0344998,
            -31.2846919
          ],
          [
            -70.0347358,
            -31.2845131
          ],
          [
            -70.034878,
            -31.2843435
          ],
          [
            -70.0350335,
            -31.2841234
          ],
          [
            -70.0351489,
            -31.2839813
          ],
          [
            -70.0356504,
            -31.2835183
          ],
          [
            -70.0360447,
            -31.2831125
          ],
          [
            -70.0362808,
            -31.2829131
          ],
          [
            -70.0365704,
            -31.2826816
          ],
          [
            -70.0369647,
            -31.2822988
          ],
          [
            -70.0372517,
            -31.2820604
          ],
          [
            -70.0375521,
            -31.2818243
          ],
          [
            -70.0377613,
            -31.281712
          ],
          [
            -70.0380912,
            -31.2815423
          ],
          [
            -70.0382683,
            -31.2814186
          ],
          [
            -70.0385472,
            -31.2811274
          ],
          [
            -70.0391185,
            -31.2805337
          ],
          [
            -70.0393868,
            -31.2802266
          ],
          [
            -70.0399822,
            -31.279571
          ],
          [
            -70.0402933,
            -31.2792179
          ],
          [
            -70.0407386,
            -31.278693
          ],
          [
            -70.0409317,
            -31.2785256
          ],
          [
            -70.0412026,
            -31.2783056
          ],
          [
            -70.0414655,
            -31.2781107
          ],
          [
            -70.0417739,
            -31.2779182
          ],
          [
            -70.042423,
            -31.2775537
          ],
          [
            -70.0431097,
            -31.2772396
          ],
          [
            -70.0437963,
            -31.2769256
          ],
          [
            -70.0442335,
            -31.276678
          ],
          [
            -70.0445044,
            -31.2765083
          ],
          [
            -70.0450999,
            -31.2762172
          ],
          [
            -70.046103,
            -31.2757541
          ],
          [
            -70.0477123,
            -31.2749518
          ],
          [
            -70.0489783,
            -31.274264
          ],
          [
            -70.0500512,
            -31.2737139
          ],
          [
            -70.0502926,
            -31.273558
          ],
          [
            -70.0506145,
            -31.2732875
          ],
          [
            -70.050931,
            -31.272994
          ],
          [
            -70.0511026,
            -31.272884
          ],
          [
            -70.0514084,
            -31.272751
          ],
          [
            -70.0517732,
            -31.2725859
          ],
          [
            -70.0520039,
            -31.272508
          ],
          [
            -70.0524437,
            -31.272398
          ],
          [
            -70.0531384,
            -31.2722398
          ],
          [
            -70.0534952,
            -31.2721343
          ],
          [
            -70.0537232,
            -31.2720037
          ],
          [
            -70.0539565,
            -31.2718684
          ],
          [
            -70.0541201,
            -31.2718065
          ],
          [
            -70.054501,
            -31.2717286
          ],
          [
            -70.054729,
            -31.2716689
          ],
          [
            -70.0549597,
            -31.27163
          ],
          [
            -70.0551716,
            -31.2716048
          ],
          [
            -70.0559977,
            -31.2715864
          ],
          [
            -70.0562122,
            -31.2715635
          ],
          [
            -70.0563544,
            -31.2715222
          ],
          [
            -70.0565073,
            -31.2714236
          ],
          [
            -70.0569633,
            -31.2711485
          ],
          [
            -70.0570947,
            -31.2710935
          ],
          [
            -70.0572851,
            -31.2710362
          ],
          [
            -70.057615,
            -31.2708734
          ],
          [
            -70.0577331,
            -31.2707863
          ],
          [
            -70.0578564,
            -31.2706946
          ],
          [
            -70.058012,
            -31.2706465
          ],
          [
            -70.0582641,
            -31.270596
          ],
          [
            -70.0585645,
            -31.2705318
          ],
          [
            -70.0596106,
            -31.2702842
          ],
          [
            -70.0600451,
            -31.2701421
          ],
          [
            -70.060882,
            -31.2698166
          ],
          [
            -70.0614452,
            -31.2696698
          ],
          [
            -70.0620568,
            -31.2695965
          ],
          [
            -70.0625128,
            -31.2695139
          ],
          [
            -70.0629473,
            -31.2694177
          ],
          [
            -70.0639933,
            -31.2692388
          ],
          [
            -70.06468,
            -31.2691746
          ],
          [
            -70.0653398,
            -31.2690738
          ],
          [
            -70.065667,
            -31.2689821
          ],
          [
            -70.0659567,
            -31.2688628
          ],
          [
            -70.0661659,
            -31.2687941
          ],
          [
            -70.0664127,
            -31.2687345
          ],
          [
            -70.0667292,
            -31.2686703
          ],
          [
            -70.0670189,
            -31.2685786
          ],
          [
            -70.06733,
            -31.2684639
          ],
          [
            -70.0677913,
            -31.2682301
          ],
          [
            -70.0681078,
            -31.2680834
          ],
          [
            -70.068478,
            -31.2679596
          ],
          [
            -70.0688642,
            -31.2679
          ],
          [
            -70.0691807,
            -31.2679045
          ],
          [
            -70.0694436,
            -31.2679641
          ],
          [
            -70.0696635,
            -31.2680238
          ],
          [
            -70.0698191,
            -31.2680329
          ],
          [
            -70.0701034,
            -31.2680329
          ],
          [
            -70.0703824,
            -31.2680008
          ],
          [
            -70.0706023,
            -31.2679229
          ],
          [
            -70.0710958,
            -31.2676569
          ],
          [
            -70.0714123,
            -31.267524
          ],
          [
            -70.07182,
            -31.2673772
          ],
          [
            -70.072217,
            -31.2672855
          ],
          [
            -70.0726676,
            -31.2672488
          ],
          [
            -70.0731075,
            -31.2672488
          ],
          [
            -70.0733542,
            -31.2672534
          ],
          [
            -70.0735098,
            -31.2673222
          ],
          [
            -70.0736654,
            -31.267446
          ],
          [
            -70.0737888,
            -31.2675652
          ],
          [
            -70.0739175,
            -31.2676386
          ],
          [
            -70.0740409,
            -31.2676844
          ],
          [
            -70.0742394,
            -31.2677165
          ],
          [
            -70.074411,
            -31.2677257
          ],
          [
            -70.0745827,
            -31.267712
          ],
          [
            -70.0747865,
            -31.2676478
          ],
          [
            -70.0753123,
            -31.2674368
          ],
          [
            -70.0757092,
            -31.2672993
          ],
          [
            -70.0760365,
            -31.2672122
          ],
          [
            -70.0765675,
            -31.2671296
          ],
          [
            -70.0768787,
            -31.2670654
          ],
          [
            -70.077104,
            -31.2669783
          ],
          [
            -70.0773239,
            -31.2669233
          ],
          [
            -70.077517,
            -31.2669004
          ],
          [
            -70.0780803,
            -31.2668041
          ],
          [
            -70.0787187,
            -31.2666344
          ],
          [
            -70.0794429,
            -31.2663455
          ],
          [
            -70.0801778,
            -31.2660934
          ],
          [
            -70.0808162,
            -31.2658962
          ],
          [
            -70.0812453,
            -31.2657816
          ],
          [
            -70.0815243,
            -31.2657265
          ],
          [
            -70.0817925,
            -31.2657219
          ],
          [
            -70.0823933,
            -31.2657403
          ],
          [
            -70.0832301,
            -31.2657128
          ],
          [
            -70.0838095,
            -31.2656898
          ],
          [
            -70.0843781,
            -31.2657174
          ],
          [
            -70.0848609,
            -31.2657357
          ],
          [
            -70.0852847,
            -31.2657999
          ],
          [
            -70.0861913,
            -31.2659191
          ],
          [
            -70.0864595,
            -31.2659879
          ],
          [
            -70.0866848,
            -31.2660842
          ],
          [
            -70.0868619,
            -31.2661713
          ],
          [
            -70.0871676,
            -31.2662309
          ],
          [
            -70.0878704,
            -31.2663639
          ],
          [
            -70.0880688,
            -31.2664052
          ],
          [
            -70.0883102,
            -31.2664923
          ],
          [
            -70.088498,
            -31.2665656
          ],
          [
            -70.0887501,
            -31.2666161
          ],
          [
            -70.0889862,
            -31.2666619
          ],
          [
            -70.0891846,
            -31.2666619
          ],
          [
            -70.0894153,
            -31.2666665
          ],
          [
            -70.0898874,
            -31.2665932
          ],
          [
            -70.0910354,
            -31.2664097
          ],
          [
            -70.0916094,
            -31.2663455
          ],
          [
            -70.0921619,
            -31.2663272
          ],
          [
            -70.0926125,
            -31.2662676
          ],
          [
            -70.0931436,
            -31.2661851
          ],
          [
            -70.0934762,
            -31.2662126
          ],
          [
            -70.0940394,
            -31.2662951
          ],
          [
            -70.0946671,
            -31.2663731
          ],
          [
            -70.095048,
            -31.2664464
          ],
          [
            -70.0953913,
            -31.2665427
          ],
          [
            -70.0958687,
            -31.2666528
          ],
          [
            -70.096271,
            -31.266717
          ],
          [
            -70.0966197,
            -31.2667124
          ],
          [
            -70.0969684,
            -31.2667032
          ],
          [
            -70.0972152,
            -31.2667078
          ],
          [
            -70.0975156,
            -31.2667903
          ],
          [
            -70.097875,
            -31.2668499
          ],
          [
            -70.098272,
            -31.2668912
          ],
          [
            -70.10023,
            -31.2671067
          ],
          [
            -70.1005948,
            -31.2671342
          ],
          [
            -70.1010025,
            -31.2671296
          ],
          [
            -70.1014638,
            -31.2670471
          ],
          [
            -70.1018232,
            -31.2669371
          ],
          [
            -70.1022041,
            -31.2668545
          ],
          [
            -70.102542,
            -31.2668637
          ],
          [
            -70.1029819,
            -31.2669004
          ],
          [
            -70.1034433,
            -31.2669829
          ],
          [
            -70.1045537,
            -31.2671342
          ],
          [
            -70.1054442,
            -31.267203
          ],
          [
            -70.1060826,
            -31.2672443
          ],
          [
            -70.1064473,
            -31.2672809
          ],
          [
            -70.1068014,
            -31.2672947
          ],
          [
            -70.1072735,
            -31.2672672
          ],
          [
            -70.1077348,
            -31.2672213
          ],
          [
            -70.1082176,
            -31.267203
          ],
          [
            -70.1093066,
            -31.2670884
          ],
          [
            -70.1095158,
            -31.2670563
          ],
          [
            -70.1096982,
            -31.2670654
          ],
          [
            -70.1099181,
            -31.2670929
          ],
          [
            -70.1101059,
            -31.2670929
          ],
          [
            -70.1103258,
            -31.2670425
          ],
          [
            -70.110476,
            -31.2669829
          ],
          [
            -70.1105699,
            -31.2669187
          ],
          [
            -70.1106128,
            -31.2668488
          ],
          [
            -70.1106705,
            -31.2667708
          ]
        ]
      }
    },
    {
      "type": "Feature",
      "id": "osm-way-1441747899",
      "properties": {
        "highway": "tertiary",
        "lanes": "2",
        "maxspeed": "60",
        "name": "Camino a Los Azules",
        "oneway": "no",
        "ref": "RP437",
        "surface": "pebblestone",
        "osmWayId": 1441747899,
        "sourceFeatureId": "osm-way-1441747899",
        "selectedForCorridor": "los-azules",
        "selectionMethod": "reviewed source-junction clip between pinned coordinates",
        "selectionLengthKm": 0.005901,
        "sourceGeometryClipped": true
      },
      "geometry": {
        "type": "LineString",
        "coordinates": [
          [
            -70.1106705,
            -31.2667708
          ],
          [
            -70.1107126,
            -31.2667318
          ]
        ]
      }
    },
    {
      "type": "Feature",
      "id": "osm-way-1441747905",
      "properties": {
        "highway": "tertiary",
        "lanes": "2",
        "maxspeed": "60",
        "name": "Camino a Los Azules",
        "oneway": "no",
        "ref": "RP437",
        "surface": "pebblestone",
        "osmWayId": 1441747905,
        "sourceFeatureId": "osm-way-1441747905",
        "selectedForCorridor": "los-azules",
        "selectionMethod": "reviewed source-junction clip between pinned coordinates",
        "selectionLengthKm": 33.293571,
        "sourceGeometryClipped": true
      },
      "geometry": {
        "type": "LineString",
        "coordinates": [
          [
            -70.1107126,
            -31.2667318
          ],
          [
            -70.1107845,
            -31.266694
          ],
          [
            -70.1109481,
            -31.2666734
          ],
          [
            -70.1113987,
            -31.2667215
          ],
          [
            -70.1119646,
            -31.2668293
          ],
          [
            -70.112249,
            -31.2669095
          ],
          [
            -70.1124179,
            -31.2669577
          ],
          [
            -70.1126701,
            -31.2669921
          ],
          [
            -70.1128659,
            -31.2670127
          ],
          [
            -70.1130241,
            -31.2670379
          ],
          [
            -70.1131126,
            -31.2670631
          ],
          [
            -70.113169,
            -31.2670907
          ],
          [
            -70.1131824,
            -31.2671503
          ],
          [
            -70.1131502,
            -31.2672305
          ],
          [
            -70.1130429,
            -31.2673062
          ],
          [
            -70.1128686,
            -31.2673635
          ],
          [
            -70.112654,
            -31.2674483
          ],
          [
            -70.1125145,
            -31.2675286
          ],
          [
            -70.1124609,
            -31.2675836
          ],
          [
            -70.1124421,
            -31.2676363
          ],
          [
            -70.1124609,
            -31.2676776
          ],
          [
            -70.1125413,
            -31.2676982
          ],
          [
            -70.112654,
            -31.2676524
          ],
          [
            -70.1128203,
            -31.2676088
          ],
          [
            -70.1129705,
            -31.267618
          ],
          [
            -70.1131824,
            -31.2676409
          ],
          [
            -70.1134023,
            -31.2676661
          ],
          [
            -70.1136008,
            -31.2676638
          ],
          [
            -70.1138046,
            -31.267618
          ],
          [
            -70.1140434,
            -31.2675171
          ],
          [
            -70.1141748,
            -31.267407
          ],
          [
            -70.1142687,
            -31.2673383
          ],
          [
            -70.1144135,
            -31.2673062
          ],
          [
            -70.1145449,
            -31.2672626
          ],
          [
            -70.1146415,
            -31.2671778
          ],
          [
            -70.1146978,
            -31.2670081
          ],
          [
            -70.1148024,
            -31.2667697
          ],
          [
            -70.1148722,
            -31.2666894
          ],
          [
            -70.114958,
            -31.2666619
          ],
          [
            -70.1150841,
            -31.2666619
          ],
          [
            -70.1152852,
            -31.2666688
          ],
          [
            -70.1154408,
            -31.2666482
          ],
          [
            -70.1155937,
            -31.2665909
          ],
          [
            -70.1157895,
            -31.2664418
          ],
          [
            -70.1159075,
            -31.2663776
          ],
          [
            -70.1160631,
            -31.2663616
          ],
          [
            -70.1162186,
            -31.2663616
          ],
          [
            -70.1163286,
            -31.2663387
          ],
          [
            -70.1164091,
            -31.2662722
          ],
          [
            -70.1164842,
            -31.2661484
          ],
          [
            -70.1165432,
            -31.2660337
          ],
          [
            -70.1165941,
            -31.2659673
          ],
          [
            -70.11668,
            -31.2659306
          ],
          [
            -70.1168194,
            -31.2659283
          ],
          [
            -70.1172003,
            -31.2659558
          ],
          [
            -70.1173076,
            -31.2659237
          ],
          [
            -70.11749,
            -31.2657816
          ],
          [
            -70.1177529,
            -31.2655775
          ],
          [
            -70.1179191,
            -31.265417
          ],
          [
            -70.1180694,
            -31.2652932
          ],
          [
            -70.1182383,
            -31.2652176
          ],
          [
            -70.1184878,
            -31.2651579
          ],
          [
            -70.1192737,
            -31.2650639
          ],
          [
            -70.1194587,
            -31.2649562
          ],
          [
            -70.1196358,
            -31.264853
          ],
          [
            -70.1199657,
            -31.2647774
          ],
          [
            -70.1205182,
            -31.2646788
          ],
          [
            -70.1207247,
            -31.2646237
          ],
          [
            -70.1207891,
            -31.2645527
          ],
          [
            -70.121052,
            -31.2642294
          ],
          [
            -70.1211512,
            -31.2641515
          ],
          [
            -70.1212505,
            -31.2641194
          ],
          [
            -70.1213738,
            -31.2641216
          ],
          [
            -70.1215428,
            -31.2641652
          ],
          [
            -70.1216769,
            -31.264179
          ],
          [
            -70.1218057,
            -31.2641423
          ],
          [
            -70.1220202,
            -31.2640254
          ],
          [
            -70.1222509,
            -31.2638878
          ],
          [
            -70.1224494,
            -31.2637961
          ],
          [
            -70.1226586,
            -31.2637135
          ],
          [
            -70.1229537,
            -31.2636173
          ],
          [
            -70.1231843,
            -31.2635301
          ],
          [
            -70.1234284,
            -31.263404
          ],
          [
            -70.1238307,
            -31.2631725
          ],
          [
            -70.1242116,
            -31.2629707
          ],
          [
            -70.1246166,
            -31.2627116
          ],
          [
            -70.1250351,
            -31.2624778
          ],
          [
            -70.1253033,
            -31.2622943
          ],
          [
            -70.125711,
            -31.2619986
          ],
          [
            -70.1259041,
            -31.2617991
          ],
          [
            -70.1260409,
            -31.2616134
          ],
          [
            -70.1262206,
            -31.2613474
          ],
          [
            -70.1263601,
            -31.2611434
          ],
          [
            -70.1265183,
            -31.2609806
          ],
          [
            -70.1267087,
            -31.2608132
          ],
          [
            -70.1269662,
            -31.2606298
          ],
          [
            -70.1271245,
            -31.2605129
          ],
          [
            -70.1274329,
            -31.2602584
          ],
          [
            -70.1277199,
            -31.2600726
          ],
          [
            -70.1281276,
            -31.259809
          ],
          [
            -70.1285085,
            -31.2595843
          ],
          [
            -70.1286641,
            -31.2594765
          ],
          [
            -70.128766,
            -31.259371
          ],
          [
            -70.1288867,
            -31.2591532
          ],
          [
            -70.1289859,
            -31.2589239
          ],
          [
            -70.1291013,
            -31.2588001
          ],
          [
            -70.1292515,
            -31.2587153
          ],
          [
            -70.1295707,
            -31.2585846
          ],
          [
            -70.1299891,
            -31.258447
          ],
          [
            -70.1304826,
            -31.2582544
          ],
          [
            -70.1310888,
            -31.2580137
          ],
          [
            -70.1315421,
            -31.257805
          ],
          [
            -70.1322234,
            -31.2575528
          ],
          [
            -70.1327625,
            -31.257335
          ],
          [
            -70.1332158,
            -31.2571447
          ],
          [
            -70.1335484,
            -31.2569979
          ],
          [
            -70.1338488,
            -31.2569016
          ],
          [
            -70.1342431,
            -31.2567686
          ],
          [
            -70.1345435,
            -31.2566632
          ],
          [
            -70.1349726,
            -31.256466
          ],
          [
            -70.1354742,
            -31.2562183
          ],
          [
            -70.1359382,
            -31.2559524
          ],
          [
            -70.1363862,
            -31.2556314
          ],
          [
            -70.1365498,
            -31.255558
          ],
          [
            -70.1366356,
            -31.2555213
          ],
          [
            -70.1368582,
            -31.2553906
          ],
          [
            -70.1369602,
            -31.2552966
          ],
          [
            -70.1370809,
            -31.255237
          ],
          [
            -70.1372525,
            -31.255198
          ],
          [
            -70.137561,
            -31.2551223
          ],
          [
            -70.1378319,
            -31.2550398
          ],
          [
            -70.1380035,
            -31.2549664
          ],
          [
            -70.1381215,
            -31.2548609
          ],
          [
            -70.1382583,
            -31.2546339
          ],
          [
            -70.1384085,
            -31.2543863
          ],
          [
            -70.1385319,
            -31.2542487
          ],
          [
            -70.1386929,
            -31.2540882
          ],
          [
            -70.1388967,
            -31.2538291
          ],
          [
            -70.1389745,
            -31.2536938
          ],
          [
            -70.1390389,
            -31.253625
          ],
          [
            -70.1394358,
            -31.253476
          ],
          [
            -70.1395056,
            -31.2534256
          ],
          [
            -70.1395083,
            -31.2533613
          ],
          [
            -70.1394036,
            -31.253304
          ],
          [
            -70.1392803,
            -31.253265
          ],
          [
            -70.1391757,
            -31.2532284
          ],
          [
            -70.1390737,
            -31.2532169
          ],
          [
            -70.1389664,
            -31.2532329
          ],
          [
            -70.1388806,
            -31.2532628
          ],
          [
            -70.1385132,
            -31.2533935
          ],
          [
            -70.1381242,
            -31.2534966
          ],
          [
            -70.1379472,
            -31.2535264
          ],
          [
            -70.1378426,
            -31.253531
          ],
          [
            -70.1377648,
            -31.253515
          ],
          [
            -70.1377192,
            -31.2534714
          ],
          [
            -70.1377058,
            -31.2534164
          ],
          [
            -70.1377192,
            -31.2533499
          ],
          [
            -70.1377916,
            -31.2532605
          ],
          [
            -70.1382422,
            -31.2527033
          ],
          [
            -70.1385587,
            -31.2522561
          ],
          [
            -70.138725,
            -31.2520681
          ],
          [
            -70.1389691,
            -31.2518388
          ],
          [
            -70.1392239,
            -31.2516164
          ],
          [
            -70.1399669,
            -31.2509399
          ],
          [
            -70.1403263,
            -31.250635
          ],
          [
            -70.1406911,
            -31.2503254
          ],
          [
            -70.1415306,
            -31.2496627
          ],
          [
            -70.1422226,
            -31.2490917
          ],
          [
            -70.1423353,
            -31.2490023
          ],
          [
            -70.1423648,
            -31.2489633
          ],
          [
            -70.1423326,
            -31.2488968
          ],
          [
            -70.1422575,
            -31.2488716
          ],
          [
            -70.1421019,
            -31.2488464
          ],
          [
            -70.1419303,
            -31.2488166
          ],
          [
            -70.1417694,
            -31.2487661
          ],
          [
            -70.1416111,
            -31.2486698
          ],
          [
            -70.1415011,
            -31.2485758
          ],
          [
            -70.1414448,
            -31.248468
          ],
          [
            -70.1414797,
            -31.2483304
          ],
          [
            -70.1416352,
            -31.2481332
          ],
          [
            -70.1418498,
            -31.2478672
          ],
          [
            -70.1419276,
            -31.2477021
          ],
          [
            -70.1419812,
            -31.2474568
          ],
          [
            -70.142118,
            -31.2469867
          ],
          [
            -70.1421931,
            -31.2466404
          ],
          [
            -70.1423273,
            -31.2459571
          ],
          [
            -70.1424184,
            -31.245597
          ],
          [
            -70.1425472,
            -31.2450971
          ],
          [
            -70.1426464,
            -31.2448174
          ],
          [
            -70.142802,
            -31.2444757
          ],
          [
            -70.1430407,
            -31.243923
          ],
          [
            -70.1432902,
            -31.2434598
          ],
          [
            -70.1435772,
            -31.2430011
          ],
          [
            -70.1438722,
            -31.2425952
          ],
          [
            -70.144245,
            -31.2421733
          ],
          [
            -70.1446366,
            -31.2417903
          ],
          [
            -70.1450792,
            -31.2413569
          ],
          [
            -70.1452509,
            -31.2411597
          ],
          [
            -70.1453099,
            -31.2410381
          ],
          [
            -70.1453394,
            -31.2407996
          ],
          [
            -70.1453769,
            -31.2406368
          ],
          [
            -70.1453769,
            -31.240568
          ],
          [
            -70.1453581,
            -31.240513
          ],
          [
            -70.1452965,
            -31.2404831
          ],
          [
            -70.1452428,
            -31.240474
          ],
          [
            -70.1451758,
            -31.2404854
          ],
          [
            -70.1448619,
            -31.2406299
          ],
          [
            -70.1444274,
            -31.2408088
          ],
          [
            -70.1442611,
            -31.2408799
          ],
          [
            -70.1441619,
            -31.240951
          ],
          [
            -70.144068,
            -31.2410335
          ],
          [
            -70.1439714,
            -31.2411643
          ],
          [
            -70.1439071,
            -31.2412629
          ],
          [
            -70.1438534,
            -31.2413317
          ],
          [
            -70.1438078,
            -31.2413775
          ],
          [
            -70.1437515,
            -31.2414073
          ],
          [
            -70.1437005,
            -31.2414142
          ],
          [
            -70.1436549,
            -31.2413913
          ],
          [
            -70.1436281,
            -31.24135
          ],
          [
            -70.1436308,
            -31.2412858
          ],
          [
            -70.1436791,
            -31.2411941
          ],
          [
            -70.1439822,
            -31.2407813
          ],
          [
            -70.1443577,
            -31.2403318
          ],
          [
            -70.1445213,
            -31.2401231
          ],
          [
            -70.1446474,
            -31.2398708
          ],
          [
            -70.1448217,
            -31.2396369
          ],
          [
            -70.1450363,
            -31.2393755
          ],
          [
            -70.1453313,
            -31.2390774
          ],
          [
            -70.1457712,
            -31.2386508
          ],
          [
            -70.1460904,
            -31.2383137
          ],
          [
            -70.1462674,
            -31.2381004
          ],
          [
            -70.1463801,
            -31.2379353
          ],
          [
            -70.1464874,
            -31.2377289
          ],
          [
            -70.146651,
            -31.2373207
          ],
          [
            -70.1467851,
            -31.2369423
          ],
          [
            -70.1468414,
            -31.2366762
          ],
          [
            -70.1468629,
            -31.2364515
          ],
          [
            -70.1469058,
            -31.2359286
          ],
          [
            -70.1469085,
            -31.2358139
          ],
          [
            -70.146938,
            -31.2357313
          ],
          [
            -70.1469862,
            -31.2356488
          ],
          [
            -70.1470614,
            -31.2355754
          ],
          [
            -70.1474449,
            -31.2352268
          ],
          [
            -70.1475844,
            -31.235041
          ],
          [
            -70.1476648,
            -31.2349424
          ],
          [
            -70.1477265,
            -31.2348828
          ],
          [
            -70.1477373,
            -31.2348346
          ],
          [
            -70.1476836,
            -31.2348186
          ],
          [
            -70.1475227,
            -31.2348965
          ],
          [
            -70.1469836,
            -31.2352314
          ],
          [
            -70.1468387,
            -31.2352956
          ],
          [
            -70.1466617,
            -31.2353392
          ],
          [
            -70.1464444,
            -31.2353575
          ],
          [
            -70.1462379,
            -31.2354103
          ],
          [
            -70.1461548,
            -31.2355089
          ],
          [
            -70.1460958,
            -31.2356602
          ],
          [
            -70.1460609,
            -31.2358529
          ],
          [
            -70.1460046,
            -31.2362909
          ],
          [
            -70.1459751,
            -31.236385
          ],
          [
            -70.1459214,
            -31.2364354
          ],
          [
            -70.1458624,
            -31.2364331
          ],
          [
            -70.14579,
            -31.236385
          ],
          [
            -70.1457122,
            -31.2362818
          ],
          [
            -70.1455888,
            -31.2361946
          ],
          [
            -70.1454467,
            -31.2361304
          ],
          [
            -70.1451731,
            -31.2360318
          ],
          [
            -70.1447547,
            -31.2358437
          ],
          [
            -70.1443443,
            -31.2356327
          ],
          [
            -70.1441458,
            -31.2354814
          ],
          [
            -70.1439232,
            -31.2352704
          ],
          [
            -70.1436684,
            -31.2349975
          ],
          [
            -70.1435852,
            -31.2348415
          ],
          [
            -70.1435664,
            -31.2347245
          ],
          [
            -70.1435879,
            -31.2346007
          ],
          [
            -70.143671,
            -31.234486
          ],
          [
            -70.1438025,
            -31.2344012
          ],
          [
            -70.1440331,
            -31.234314
          ],
          [
            -70.1441941,
            -31.2343003
          ],
          [
            -70.1443255,
            -31.2343071
          ],
          [
            -70.1443872,
            -31.2342911
          ],
          [
            -70.1443845,
            -31.2342567
          ],
          [
            -70.1443389,
            -31.23422
          ],
          [
            -70.1442128,
            -31.2341787
          ],
          [
            -70.1440465,
            -31.2341489
          ],
          [
            -70.1437327,
            -31.234142
          ],
          [
            -70.1435477,
            -31.2341282
          ],
          [
            -70.1434082,
            -31.2340984
          ],
          [
            -70.1432768,
            -31.2340801
          ],
          [
            -70.1431802,
            -31.2340755
          ],
          [
            -70.1430675,
            -31.2341053
          ],
          [
            -70.1429093,
            -31.2342292
          ],
          [
            -70.1427859,
            -31.2343461
          ],
          [
            -70.1427537,
            -31.2344402
          ],
          [
            -70.1427457,
            -31.2345869
          ],
          [
            -70.1428127,
            -31.2349447
          ],
          [
            -70.1428717,
            -31.2351534
          ],
          [
            -70.1429012,
            -31.2352268
          ],
          [
            -70.1429254,
            -31.235291
          ],
          [
            -70.1429227,
            -31.2353415
          ],
          [
            -70.1428825,
            -31.2353506
          ],
          [
            -70.1428208,
            -31.2352979
          ],
          [
            -70.1426035,
            -31.2350135
          ],
          [
            -70.1422843,
            -31.234619
          ],
          [
            -70.1421797,
            -31.2344539
          ],
          [
            -70.1421583,
            -31.2343438
          ],
          [
            -70.1421636,
            -31.2342062
          ],
          [
            -70.1421851,
            -31.2340732
          ],
          [
            -70.1422414,
            -31.2338095
          ],
          [
            -70.1423138,
            -31.233665
          ],
          [
            -70.1424345,
            -31.233509
          ],
          [
            -70.1425311,
            -31.2334012
          ],
          [
            -70.1427135,
            -31.2332659
          ],
          [
            -70.1428878,
            -31.2331489
          ],
          [
            -70.1431936,
            -31.2329953
          ],
          [
            -70.143384,
            -31.2328714
          ],
          [
            -70.1434779,
            -31.2328164
          ],
          [
            -70.1435852,
            -31.2327912
          ],
          [
            -70.14373,
            -31.2327912
          ],
          [
            -70.1438937,
            -31.2328049
          ],
          [
            -70.1440251,
            -31.2328095
          ],
          [
            -70.1441619,
            -31.2328095
          ],
          [
            -70.1442987,
            -31.2327843
          ],
          [
            -70.1444328,
            -31.232743
          ],
          [
            -70.1446393,
            -31.232649
          ],
          [
            -70.1450577,
            -31.2324334
          ],
          [
            -70.1453152,
            -31.2323439
          ],
          [
            -70.145613,
            -31.2322338
          ],
          [
            -70.1458678,
            -31.2320985
          ],
          [
            -70.1462513,
            -31.2318348
          ],
          [
            -70.1464927,
            -31.2316742
          ],
          [
            -70.1467609,
            -31.231555
          ],
          [
            -70.1471043,
            -31.2313486
          ],
          [
            -70.1473618,
            -31.2311238
          ],
          [
            -70.1475173,
            -31.2308944
          ],
          [
            -70.1476622,
            -31.2305688
          ],
          [
            -70.1478016,
            -31.2301284
          ],
          [
            -70.1479089,
            -31.2297385
          ],
          [
            -70.1479197,
            -31.2294312
          ],
          [
            -70.1478982,
            -31.2290413
          ],
          [
            -70.1478714,
            -31.2286147
          ],
          [
            -70.1478016,
            -31.2284449
          ],
          [
            -70.147689,
            -31.228344
          ],
          [
            -70.1475227,
            -31.2282614
          ],
          [
            -70.1473349,
            -31.2281972
          ],
          [
            -70.1471794,
            -31.2281835
          ],
          [
            -70.1469111,
            -31.2281651
          ],
          [
            -70.1467261,
            -31.2281124
          ],
          [
            -70.1466724,
            -31.2280848
          ],
          [
            -70.1466,
            -31.228078
          ],
          [
            -70.1465678,
            -31.2280986
          ],
          [
            -70.1465651,
            -31.2281399
          ],
          [
            -70.1465517,
            -31.2281835
          ],
          [
            -70.1464927,
            -31.2281766
          ],
          [
            -70.146431,
            -31.2281307
          ],
          [
            -70.1463613,
            -31.2280871
          ],
          [
            -70.146254,
            -31.228078
          ],
          [
            -70.1460958,
            -31.2281032
          ],
          [
            -70.1456183,
            -31.228172
          ],
          [
            -70.1454225,
            -31.2282179
          ],
          [
            -70.1452294,
            -31.2282339
          ],
          [
            -70.1449531,
            -31.2282454
          ],
          [
            -70.1445508,
            -31.2282179
          ],
          [
            -70.1442423,
            -31.2281651
          ],
          [
            -70.1441029,
            -31.2281215
          ],
          [
            -70.1440036,
            -31.2280481
          ],
          [
            -70.143958,
            -31.2279312
          ],
          [
            -70.1439339,
            -31.2277454
          ],
          [
            -70.1439205,
            -31.2275711
          ],
          [
            -70.1439124,
            -31.2274403
          ],
          [
            -70.143958,
            -31.2272867
          ],
          [
            -70.143958,
            -31.2271972
          ],
          [
            -70.1439178,
            -31.2271032
          ],
          [
            -70.1438105,
            -31.227039
          ],
          [
            -70.1436308,
            -31.2269449
          ],
          [
            -70.1435101,
            -31.2268371
          ],
          [
            -70.1433277,
            -31.2266582
          ],
          [
            -70.1431775,
            -31.2265068
          ],
          [
            -70.1430836,
            -31.2263234
          ],
          [
            -70.142971,
            -31.2260688
          ],
          [
            -70.1428127,
            -31.2258417
          ],
          [
            -70.1425928,
            -31.2256284
          ],
          [
            -70.1424372,
            -31.2254334
          ],
          [
            -70.1423916,
            -31.2253554
          ],
          [
            -70.1423675,
            -31.2252132
          ],
          [
            -70.1423085,
            -31.2250504
          ],
          [
            -70.142228,
            -31.2249151
          ],
          [
            -70.1420939,
            -31.2247453
          ],
          [
            -70.1419705,
            -31.2246261
          ],
          [
            -70.1418149,
            -31.2245114
          ],
          [
            -70.1416031,
            -31.2243141
          ],
          [
            -70.1414904,
            -31.2241719
          ],
          [
            -70.1413777,
            -31.2240228
          ],
          [
            -70.1413268,
            -31.2238829
          ],
          [
            -70.1412731,
            -31.2236719
          ],
          [
            -70.1411739,
            -31.2234448
          ],
          [
            -70.1409942,
            -31.2231787
          ],
          [
            -70.1406509,
            -31.2227039
          ],
          [
            -70.1402378,
            -31.222197
          ],
          [
            -70.1400501,
            -31.2219287
          ],
          [
            -70.1399589,
            -31.2217635
          ],
          [
            -70.1399347,
            -31.2216419
          ],
          [
            -70.1399481,
            -31.2215296
          ],
          [
            -70.139991,
            -31.221385
          ],
          [
            -70.1400098,
            -31.2213071
          ],
          [
            -70.139983,
            -31.2212107
          ],
          [
            -70.1399267,
            -31.2211465
          ],
          [
            -70.1398248,
            -31.2210777
          ],
          [
            -70.1395243,
            -31.2208735
          ],
          [
            -70.139468,
            -31.2207611
          ],
          [
            -70.1394305,
            -31.2205937
          ],
          [
            -70.1394117,
            -31.22044
          ],
          [
            -70.1393741,
            -31.2203162
          ],
          [
            -70.1393715,
            -31.2202221
          ],
          [
            -70.1394224,
            -31.2200638
          ],
          [
            -70.1394627,
            -31.2198597
          ],
          [
            -70.1394519,
            -31.2197519
          ],
          [
            -70.1394492,
            -31.2196555
          ],
          [
            -70.1394868,
            -31.2195707
          ],
          [
            -70.1396236,
            -31.2194652
          ],
          [
            -70.139865,
            -31.2193367
          ],
          [
            -70.140152,
            -31.2192105
          ],
          [
            -70.1405141,
            -31.2191027
          ],
          [
            -70.1409727,
            -31.2189789
          ],
          [
            -70.1412812,
            -31.2188825
          ],
          [
            -70.1414931,
            -31.2187747
          ],
          [
            -70.1417264,
            -31.2186577
          ],
          [
            -70.1419893,
            -31.2185683
          ],
          [
            -70.1424721,
            -31.2184651
          ],
          [
            -70.1427671,
            -31.218394
          ],
          [
            -70.14303,
            -31.2183458
          ],
          [
            -70.1433411,
            -31.2183114
          ],
          [
            -70.143486,
            -31.2182701
          ],
          [
            -70.1436093,
            -31.2182265
          ],
          [
            -70.1437113,
            -31.2181646
          ],
          [
            -70.1437408,
            -31.2180636
          ],
          [
            -70.1436979,
            -31.2179398
          ],
          [
            -70.143604,
            -31.2176783
          ],
          [
            -70.1435772,
            -31.2175154
          ],
          [
            -70.1436013,
            -31.2172654
          ],
          [
            -70.143612,
            -31.2170498
          ],
          [
            -70.1435691,
            -31.2169213
          ],
          [
            -70.1434323,
            -31.2167699
          ],
          [
            -70.1430488,
            -31.2164258
          ],
          [
            -70.1427484,
            -31.2162079
          ],
          [
            -70.1426062,
            -31.2160565
          ],
          [
            -70.1425231,
            -31.2159235
          ],
          [
            -70.1424748,
            -31.2158478
          ],
          [
            -70.1424319,
            -31.2157996
          ],
          [
            -70.1423594,
            -31.2157652
          ],
          [
            -70.1422039,
            -31.2157537
          ],
          [
            -70.1416245,
            -31.2157147
          ],
          [
            -70.1413804,
            -31.2156826
          ],
          [
            -70.1411873,
            -31.2156413
          ],
          [
            -70.1408038,
            -31.2155243
          ],
          [
            -70.1402164,
            -31.2153018
          ],
          [
            -70.1396263,
            -31.2150679
          ],
          [
            -70.139401,
            -31.2150036
          ],
          [
            -70.1392481,
            -31.2149463
          ],
          [
            -70.1391113,
            -31.2148614
          ],
          [
            -70.1387733,
            -31.2146985
          ],
          [
            -70.1385239,
            -31.214593
          ],
          [
            -70.1382744,
            -31.2145104
          ],
          [
            -70.1379418,
            -31.2144347
          ],
          [
            -70.1376656,
            -31.2143889
          ],
          [
            -70.1374698,
            -31.2143659
          ],
          [
            -70.1373062,
            -31.2143384
          ],
          [
            -70.1371318,
            -31.214281
          ],
          [
            -70.1366624,
            -31.2140517
          ],
          [
            -70.1364908,
            -31.2139507
          ],
          [
            -70.1363835,
            -31.2138475
          ],
          [
            -70.1358524,
            -31.2132969
          ],
          [
            -70.1357129,
            -31.2131501
          ],
          [
            -70.135552,
            -31.2129162
          ],
          [
            -70.1354769,
            -31.2127349
          ],
          [
            -70.1354447,
            -31.2125629
          ],
          [
            -70.1354528,
            -31.2124184
          ],
          [
            -70.1354769,
            -31.2122371
          ],
          [
            -70.135619,
            -31.2119022
          ],
          [
            -70.1357666,
            -31.2114824
          ],
          [
            -70.1358551,
            -31.2112599
          ],
          [
            -70.1359409,
            -31.211097
          ],
          [
            -70.1360106,
            -31.2110489
          ],
          [
            -70.1360777,
            -31.2110236
          ],
          [
            -70.1361823,
            -31.2110053
          ],
          [
            -70.1362923,
            -31.2109961
          ],
          [
            -70.1364183,
            -31.2109709
          ],
          [
            -70.1365256,
            -31.2109089
          ],
          [
            -70.1365685,
            -31.2108057
          ],
          [
            -70.1366007,
            -31.2106818
          ],
          [
            -70.1366302,
            -31.210535
          ],
          [
            -70.1366973,
            -31.2104455
          ],
          [
            -70.136818,
            -31.2103675
          ],
          [
            -70.1368904,
            -31.2102574
          ],
          [
            -70.1368985,
            -31.210106
          ],
          [
            -70.1368958,
            -31.209973
          ],
          [
            -70.1369253,
            -31.2098743
          ],
          [
            -70.1370004,
            -31.2097894
          ],
          [
            -70.1371694,
            -31.2096816
          ],
          [
            -70.1379633,
            -31.2091265
          ],
          [
            -70.1385212,
            -31.2087044
          ],
          [
            -70.1387894,
            -31.2084979
          ],
          [
            -70.1389021,
            -31.2083258
          ],
          [
            -70.1389557,
            -31.2081836
          ],
          [
            -70.1389718,
            -31.2080116
          ],
          [
            -70.1389128,
            -31.2077523
          ],
          [
            -70.1387841,
            -31.2074426
          ],
          [
            -70.1386499,
            -31.2072522
          ],
          [
            -70.1384917,
            -31.2070847
          ],
          [
            -70.1382342,
            -31.2069333
          ],
          [
            -70.1379499,
            -31.2068232
          ],
          [
            -70.1378828,
            -31.2067636
          ],
          [
            -70.1378721,
            -31.2066626
          ],
          [
            -70.137915,
            -31.2065112
          ],
          [
            -70.1379713,
            -31.206291
          ],
          [
            -70.1380143,
            -31.2061235
          ],
          [
            -70.138076,
            -31.2059102
          ],
          [
            -70.1381966,
            -31.2057037
          ],
          [
            -70.1384085,
            -31.205371
          ],
          [
            -70.1386231,
            -31.2050843
          ],
          [
            -70.1387197,
            -31.2049604
          ],
          [
            -70.1388243,
            -31.2048709
          ],
          [
            -70.1389343,
            -31.204825
          ],
          [
            -70.1390925,
            -31.2047975
          ],
          [
            -70.13924,
            -31.2048182
          ],
          [
            -70.1395136,
            -31.2049306
          ],
          [
            -70.1398489,
            -31.2050682
          ],
          [
            -70.1401627,
            -31.2051875
          ],
          [
            -70.1403049,
            -31.2052655
          ],
          [
            -70.1404041,
            -31.2053504
          ],
          [
            -70.1404926,
            -31.2053963
          ],
          [
            -70.1406267,
            -31.2054399
          ],
          [
            -70.1409432,
            -31.2054605
          ],
          [
            -70.1412249,
            -31.2055064
          ],
          [
            -70.1414073,
            -31.2055523
          ],
          [
            -70.1415655,
            -31.2055844
          ],
          [
            -70.1416808,
            -31.2055867
          ],
          [
            -70.1417613,
            -31.2055546
          ],
          [
            -70.141831,
            -31.2054972
          ],
          [
            -70.1418605,
            -31.205433
          ],
          [
            -70.1418954,
            -31.20541
          ],
          [
            -70.1419705,
            -31.2054284
          ],
          [
            -70.1420617,
            -31.2054857
          ],
          [
            -70.14211,
            -31.2055592
          ],
          [
            -70.1421583,
            -31.2056716
          ],
          [
            -70.1422119,
            -31.205784
          ],
          [
            -70.1423889,
            -31.2059515
          ],
          [
            -70.1425606,
            -31.206112
          ],
          [
            -70.1427028,
            -31.2063139
          ],
          [
            -70.1428422,
            -31.2064768
          ],
          [
            -70.1433948,
            -31.2070159
          ],
          [
            -70.1436308,
            -31.2072201
          ],
          [
            -70.1437917,
            -31.207321
          ],
          [
            -70.1439232,
            -31.2073807
          ],
          [
            -70.1440895,
            -31.2073944
          ],
          [
            -70.1443765,
            -31.2073394
          ],
          [
            -70.1449987,
            -31.2072362
          ],
          [
            -70.1451516,
            -31.207165
          ],
          [
            -70.1452777,
            -31.2070205
          ],
          [
            -70.1454225,
            -31.2067567
          ],
          [
            -70.1455566,
            -31.2064676
          ],
          [
            -70.1455942,
            -31.2062749
          ],
          [
            -70.1456156,
            -31.2061189
          ],
          [
            -70.1456746,
            -31.2059882
          ],
          [
            -70.1458195,
            -31.2058368
          ],
          [
            -70.1460046,
            -31.2056785
          ],
          [
            -70.1460663,
            -31.2055936
          ],
          [
            -70.1460743,
            -31.2055225
          ],
          [
            -70.1460421,
            -31.2054674
          ],
          [
            -70.1459429,
            -31.2054238
          ],
          [
            -70.1457658,
            -31.2054261
          ],
          [
            -70.1451731,
            -31.2055248
          ],
          [
            -70.1446742,
            -31.205644
          ],
          [
            -70.1444677,
            -31.2056716
          ],
          [
            -70.1443389,
            -31.2056509
          ],
          [
            -70.1442048,
            -31.2055959
          ],
          [
            -70.1440305,
            -31.2054628
          ],
          [
            -70.1437435,
            -31.2051049
          ],
          [
            -70.1436469,
            -31.2048939
          ],
          [
            -70.1436335,
            -31.204825
          ],
          [
            -70.1436523,
            -31.2048044
          ],
          [
            -70.1436952,
            -31.2047906
          ],
          [
            -70.1437596,
            -31.2048273
          ],
          [
            -70.1438642,
            -31.2049512
          ],
          [
            -70.1439688,
            -31.2050499
          ],
          [
            -70.1440787,
            -31.2050613
          ],
          [
            -70.1442021,
            -31.2050155
          ],
          [
            -70.1443067,
            -31.2049191
          ],
          [
            -70.1445454,
            -31.2047103
          ],
          [
            -70.1446903,
            -31.2046163
          ],
          [
            -70.1448619,
            -31.2045819
          ],
          [
            -70.145157,
            -31.2045176
          ],
          [
            -70.1453233,
            -31.2044671
          ],
          [
            -70.1454359,
            -31.2044144
          ],
          [
            -70.1454869,
            -31.2043616
          ],
          [
            -70.1454815,
            -31.2043157
          ],
          [
            -70.1454413,
            -31.2042974
          ],
          [
            -70.1453286,
            -31.2043134
          ],
          [
            -70.1452053,
            -31.2043662
          ],
          [
            -70.1450953,
            -31.2044075
          ],
          [
            -70.1449531,
            -31.2044419
          ],
          [
            -70.1448083,
            -31.2044649
          ],
          [
            -70.1445776,
            -31.2044717
          ],
          [
            -70.144414,
            -31.2044924
          ],
          [
            -70.1443094,
            -31.2044924
          ],
          [
            -70.1442048,
            -31.2044855
          ],
          [
            -70.1441404,
            -31.2044327
          ],
          [
            -70.1441082,
            -31.2043869
          ],
          [
            -70.1441002,
            -31.2043501
          ],
          [
            -70.1441136,
            -31.2043203
          ],
          [
            -70.1441753,
            -31.2043157
          ],
          [
            -70.1442772,
            -31.2043341
          ],
          [
            -70.1444006,
            -31.2043318
          ],
          [
            -70.1445267,
            -31.2043089
          ],
          [
            -70.1446474,
            -31.2042813
          ],
          [
            -70.1447064,
            -31.2042721
          ],
          [
            -70.1448244,
            -31.2042515
          ],
          [
            -70.1449907,
            -31.2041804
          ],
          [
            -70.1451114,
            -31.2040726
          ],
          [
            -70.145275,
            -31.2039556
          ],
          [
            -70.1454896,
            -31.2038798
          ],
          [
            -70.1456425,
            -31.2038179
          ],
          [
            -70.1456693,
            -31.2037743
          ],
          [
            -70.1456451,
            -31.2037307
          ],
          [
            -70.1455191,
            -31.2037032
          ],
          [
            -70.1452911,
            -31.2037376
          ],
          [
            -70.1450765,
            -31.2037789
          ],
          [
            -70.1449129,
            -31.2038363
          ],
          [
            -70.1447734,
            -31.2038569
          ],
          [
            -70.1446742,
            -31.2038385
          ],
          [
            -70.1445588,
            -31.2037881
          ],
          [
            -70.1444891,
            -31.2037284
          ],
          [
            -70.1444194,
            -31.2036504
          ],
          [
            -70.1444274,
            -31.2036091
          ],
          [
            -70.1445106,
            -31.2036114
          ],
          [
            -70.1446179,
            -31.2036757
          ],
          [
            -70.1447278,
            -31.2036986
          ],
          [
            -70.1448137,
            -31.2036688
          ],
          [
            -70.1449344,
            -31.2035977
          ],
          [
            -70.1452428,
            -31.2033912
          ],
          [
            -70.1454252,
            -31.203304
          ],
          [
            -70.1455647,
            -31.2032352
          ],
          [
            -70.1457202,
            -31.2032191
          ],
          [
            -70.1458973,
            -31.2032283
          ],
          [
            -70.1459804,
            -31.2032122
          ],
          [
            -70.1459885,
            -31.2031801
          ],
          [
            -70.1458329,
            -31.2031205
          ],
          [
            -70.1456612,
            -31.2030975
          ],
          [
            -70.1454949,
            -31.2031021
          ],
          [
            -70.1453608,
            -31.2031388
          ],
          [
            -70.1452589,
            -31.2031526
          ],
          [
            -70.145224,
            -31.2031274
          ],
          [
            -70.1452455,
            -31.2030815
          ],
          [
            -70.1453716,
            -31.2030356
          ],
          [
            -70.1455459,
            -31.2029599
          ],
          [
            -70.145731,
            -31.2029323
          ],
          [
            -70.1460823,
            -31.2028911
          ],
          [
            -70.1463908,
            -31.2028016
          ],
          [
            -70.1466081,
            -31.2027786
          ],
          [
            -70.1469219,
            -31.2027763
          ],
          [
            -70.1471069,
            -31.2027855
          ],
          [
            -70.1472759,
            -31.2028291
          ],
          [
            -70.1474556,
            -31.2028681
          ],
          [
            -70.1475844,
            -31.2028819
          ],
          [
            -70.1477158,
            -31.202836
          ],
          [
            -70.1478902,
            -31.2027649
          ],
          [
            -70.1480967,
            -31.2027328
          ],
          [
            -70.1483086,
            -31.2027052
          ],
          [
            -70.1491883,
            -31.2025653
          ],
          [
            -70.1494646,
            -31.2025515
          ],
          [
            -70.1496443,
            -31.2025194
          ],
          [
            -70.1498428,
            -31.2024093
          ],
          [
            -70.1500466,
            -31.2023313
          ],
          [
            -70.1503041,
            -31.2023244
          ],
          [
            -70.1504892,
            -31.2023542
          ],
          [
            -70.1507145,
            -31.202423
          ],
          [
            -70.150862,
            -31.2024437
          ],
          [
            -70.1510632,
            -31.2024116
          ],
          [
            -70.1513743,
            -31.2023175
          ],
          [
            -70.1515996,
            -31.202267
          ],
          [
            -70.1518008,
            -31.2022762
          ],
          [
            -70.1520476,
            -31.2023244
          ],
          [
            -70.1524177,
            -31.2023955
          ],
          [
            -70.1526001,
            -31.2024253
          ],
          [
            -70.1527047,
            -31.2024001
          ],
          [
            -70.1527584,
            -31.2023381
          ],
          [
            -70.1528227,
            -31.2021821
          ],
          [
            -70.1528764,
            -31.2020284
          ],
          [
            -70.1529488,
            -31.2019321
          ],
          [
            -70.1530239,
            -31.2018954
          ],
          [
            -70.1531687,
            -31.2018977
          ],
          [
            -70.1533592,
            -31.2019435
          ],
          [
            -70.1537508,
            -31.2020789
          ],
          [
            -70.1538983,
            -31.2021592
          ],
          [
            -70.1540619,
            -31.2022601
          ],
          [
            -70.1542041,
            -31.2022969
          ],
          [
            -70.1544428,
            -31.2023198
          ],
          [
            -70.1550731,
            -31.2023381
          ],
          [
            -70.1557142,
            -31.2023427
          ],
          [
            -70.1558778,
            -31.202345
          ],
          [
            -70.1560172,
            -31.2023794
          ],
          [
            -70.156264,
            -31.2024184
          ],
          [
            -70.1565778,
            -31.2024529
          ],
          [
            -70.1568058,
            -31.2024529
          ],
          [
            -70.1569372,
            -31.2024552
          ],
          [
            -70.1569641,
            -31.2024483
          ],
          [
            -70.1571894,
            -31.2023427
          ],
          [
            -70.157353,
            -31.2022991
          ],
          [
            -70.1574764,
            -31.2023037
          ],
          [
            -70.1576293,
            -31.2023634
          ],
          [
            -70.1577339,
            -31.2024529
          ],
          [
            -70.1578465,
            -31.2024942
          ],
          [
            -70.1579592,
            -31.2024873
          ],
          [
            -70.1580825,
            -31.2024024
          ],
          [
            -70.1582086,
            -31.2023083
          ],
          [
            -70.1583481,
            -31.202251
          ],
          [
            -70.1584795,
            -31.2022395
          ],
          [
            -70.1586404,
            -31.2022303
          ],
          [
            -70.1588416,
            -31.20229
          ],
          [
            -70.1590025,
            -31.2023542
          ],
          [
            -70.159201,
            -31.2023932
          ],
          [
            -70.1594505,
            -31.202446
          ],
          [
            -70.1596677,
            -31.2024873
          ],
          [
            -70.1598609,
            -31.2025033
          ],
          [
            -70.1600406,
            -31.2025377
          ],
          [
            -70.1604188,
            -31.2026616
          ],
          [
            -70.1607782,
            -31.2028039
          ],
          [
            -70.1610678,
            -31.2029025
          ],
          [
            -70.1613173,
            -31.2030081
          ],
          [
            -70.1614031,
            -31.2030998
          ],
          [
            -70.1614702,
            -31.2031985
          ],
          [
            -70.161548,
            -31.2032834
          ],
          [
            -70.1616472,
            -31.2033568
          ],
          [
            -70.1618055,
            -31.2034164
          ],
          [
            -70.1620495,
            -31.2035082
          ],
          [
            -70.1624304,
            -31.2036848
          ],
          [
            -70.1627362,
            -31.2038638
          ],
          [
            -70.1629642,
            -31.2040175
          ],
          [
            -70.1632109,
            -31.2042377
          ],
          [
            -70.1633477,
            -31.2044717
          ],
          [
            -70.1635516,
            -31.2047906
          ],
          [
            -70.1637071,
            -31.2049833
          ],
          [
            -70.1638627,
            -31.2050889
          ],
          [
            -70.16397,
            -31.2052036
          ],
          [
            -70.1640183,
            -31.205433
          ],
          [
            -70.1640827,
            -31.2056853
          ],
          [
            -70.1641953,
            -31.2058643
          ],
          [
            -70.1643401,
            -31.2060386
          ],
          [
            -70.1644743,
            -31.2061258
          ],
          [
            -70.1646996,
            -31.2061212
          ],
          [
            -70.1648685,
            -31.206112
          ],
          [
            -70.1649946,
            -31.2061465
          ],
          [
            -70.1651207,
            -31.2062405
          ],
          [
            -70.1652199,
            -31.2063139
          ],
          [
            -70.1653594,
            -31.2063506
          ],
          [
            -70.1655847,
            -31.2063415
          ],
          [
            -70.1657429,
            -31.2063208
          ],
          [
            -70.1659173,
            -31.2062864
          ],
          [
            -70.1660353,
            -31.2062749
          ],
          [
            -70.1661855,
            -31.2062979
          ],
          [
            -70.1663491,
            -31.2063415
          ],
          [
            -70.1665074,
            -31.2063483
          ],
          [
            -70.1666629,
            -31.2062956
          ],
          [
            -70.166738,
            -31.2062084
          ],
          [
            -70.1667729,
            -31.2060662
          ],
          [
            -70.1667756,
            -31.2059423
          ],
          [
            -70.1667917,
            -31.205823
          ],
          [
            -70.1668212,
            -31.205745
          ],
          [
            -70.1669097,
            -31.205722
          ],
          [
            -70.1669687,
            -31.2057932
          ],
          [
            -70.1671913,
            -31.2061442
          ],
          [
            -70.1673791,
            -31.2063896
          ],
          [
            -70.1673952,
            -31.206486
          ],
          [
            -70.1673308,
            -31.2065869
          ],
          [
            -70.1671994,
            -31.2067016
          ],
          [
            -70.1669258,
            -31.2068668
          ],
          [
            -70.16662,
            -31.2070228
          ],
          [
            -70.1663786,
            -31.2071536
          ],
          [
            -70.1662606,
            -31.2072683
          ],
          [
            -70.1661721,
            -31.2073646
          ],
          [
            -70.1660836,
            -31.2074151
          ],
          [
            -70.1659629,
            -31.2074312
          ],
          [
            -70.1658207,
            -31.2074289
          ],
          [
            -70.1656759,
            -31.2074266
          ],
          [
            -70.1656088,
            -31.2074495
          ],
          [
            -70.1655901,
            -31.2074931
          ],
          [
            -70.165641,
            -31.2075275
          ],
          [
            -70.1661909,
            -31.2076376
          ],
          [
            -70.1663035,
            -31.2076927
          ],
          [
            -70.1664698,
            -31.2077821
          ],
          [
            -70.1665932,
            -31.2078189
          ],
          [
            -70.1667568,
            -31.2077913
          ],
          [
            -70.1668668,
            -31.2076996
          ],
          [
            -70.1670197,
            -31.207633
          ],
          [
            -70.1672423,
            -31.2075803
          ],
          [
            -70.1674891,
            -31.2075321
          ],
          [
            -70.1676393,
            -31.2075023
          ],
          [
            -70.1677358,
            -31.2075183
          ],
          [
            -70.1677814,
            -31.2075688
          ],
          [
            -70.1677868,
            -31.2076284
          ],
          [
            -70.1677036,
            -31.2077042
          ],
          [
            -70.1675856,
            -31.2078051
          ],
          [
            -70.1675186,
            -31.2079313
          ],
          [
            -70.1675186,
            -31.2080804
          ],
          [
            -70.1676205,
            -31.2081951
          ],
          [
            -70.1680014,
            -31.2085117
          ],
          [
            -70.1682079,
            -31.2086906
          ],
          [
            -70.1682991,
            -31.2087755
          ],
          [
            -70.1683715,
            -31.2087869
          ],
          [
            -70.1684064,
            -31.208709
          ],
          [
            -70.1683474,
            -31.208592
          ],
          [
            -70.1682937,
            -31.2084268
          ],
          [
            -70.1683232,
            -31.2083373
          ],
          [
            -70.1683661,
            -31.2082983
          ],
          [
            -70.1684707,
            -31.2082433
          ],
          [
            -70.1685646,
            -31.2081744
          ],
          [
            -70.1686612,
            -31.20814
          ],
          [
            -70.1687175,
            -31.2081584
          ],
          [
            -70.168739,
            -31.2082433
          ],
          [
            -70.1687229,
            -31.2083488
          ],
          [
            -70.1687175,
            -31.2084383
          ],
          [
            -70.1687524,
            -31.2085713
          ],
          [
            -70.1688489,
            -31.2087067
          ],
          [
            -70.1690018,
            -31.2088718
          ],
          [
            -70.1690984,
            -31.2089888
          ],
          [
            -70.1691145,
            -31.2091632
          ],
          [
            -70.169152,
            -31.2093559
          ],
          [
            -70.1691949,
            -31.2095027
          ],
          [
            -70.1692808,
            -31.2096403
          ],
          [
            -70.1693183,
            -31.209755
          ],
          [
            -70.1692647,
            -31.209856
          ],
          [
            -70.1691198,
            -31.2099156
          ],
          [
            -70.1689965,
            -31.2100028
          ],
          [
            -70.1689106,
            -31.2100808
          ],
          [
            -70.168798,
            -31.2102092
          ],
          [
            -70.1686692,
            -31.210246
          ],
          [
            -70.1685298,
            -31.2102551
          ],
          [
            -70.1684493,
            -31.2103102
          ],
          [
            -70.1684547,
            -31.2103698
          ],
          [
            -70.1685458,
            -31.2104203
          ],
          [
            -70.168857,
            -31.2104341
          ],
          [
            -70.169903,
            -31.2103698
          ],
          [
            -70.1704985,
            -31.2103561
          ],
          [
            -70.1712924,
            -31.2103194
          ],
          [
            -70.1721454,
            -31.2102827
          ],
          [
            -70.1727086,
            -31.210301
          ],
          [
            -70.1733363,
            -31.2103148
          ],
          [
            -70.1739693,
            -31.2102092
          ],
          [
            -70.1742804,
            -31.2099477
          ],
          [
            -70.1747096,
            -31.2097092
          ],
          [
            -70.1751655,
            -31.2095302
          ],
          [
            -70.1759058,
            -31.209287
          ],
          [
            -70.1763403,
            -31.2091723
          ],
          [
            -70.1766139,
            -31.2091448
          ],
          [
            -70.1769143,
            -31.2091723
          ],
          [
            -70.1771504,
            -31.2090714
          ],
          [
            -70.1772308,
            -31.2089338
          ],
          [
            -70.1773167,
            -31.2088099
          ],
          [
            -70.1774722,
            -31.2087732
          ],
          [
            -70.177601,
            -31.2088512
          ],
          [
            -70.1777029,
            -31.2089429
          ],
          [
            -70.1778746,
            -31.2089475
          ],
          [
            -70.1781803,
            -31.2089842
          ],
          [
            -70.1784003,
            -31.2090714
          ],
          [
            -70.1785398,
            -31.2091173
          ],
          [
            -70.1787597,
            -31.2090943
          ],
          [
            -70.1789957,
            -31.2090255
          ],
          [
            -70.1792532,
            -31.2089384
          ],
          [
            -70.1795697,
            -31.2089154
          ],
          [
            -70.1797897,
            -31.2089613
          ],
          [
            -70.1800364,
            -31.2090439
          ],
          [
            -70.1802081,
            -31.209076
          ],
          [
            -70.1805621,
            -31.2090898
          ],
          [
            -70.1808143,
            -31.2090439
          ],
          [
            -70.1810932,
            -31.2089659
          ],
          [
            -70.1812917,
            -31.2088512
          ],
          [
            -70.1814526,
            -31.2087594
          ],
          [
            -70.1815438,
            -31.2087411
          ],
          [
            -70.1816726,
            -31.2087365
          ],
          [
            -70.1818174,
            -31.2087411
          ],
          [
            -70.1819515,
            -31.2087135
          ],
          [
            -70.1821017,
            -31.2086218
          ],
          [
            -70.1822573,
            -31.2084841
          ],
          [
            -70.1824021,
            -31.2083832
          ],
          [
            -70.1824611,
            -31.2082501
          ],
          [
            -70.1824451,
            -31.2080941
          ],
          [
            -70.1823539,
            -31.207984
          ],
          [
            -70.1823431,
            -31.2078877
          ],
          [
            -70.1824182,
            -31.2078739
          ],
          [
            -70.1825684,
            -31.2079703
          ],
          [
            -70.1826865,
            -31.20814
          ],
          [
            -70.1827294,
            -31.2082914
          ],
          [
            -70.1826811,
            -31.2084474
          ],
          [
            -70.1826435,
            -31.2085897
          ],
          [
            -70.1826543,
            -31.2087869
          ],
          [
            -70.1826596,
            -31.2089062
          ],
          [
            -70.1826435,
            -31.2090668
          ],
          [
            -70.1825362,
            -31.2092458
          ],
          [
            -70.1823807,
            -31.2093559
          ],
          [
            -70.1822466,
            -31.2094522
          ],
          [
            -70.1819837,
            -31.2096449
          ],
          [
            -70.1817423,
            -31.2097459
          ],
          [
            -70.1815331,
            -31.2097642
          ],
          [
            -70.1813722,
            -31.2098147
          ],
          [
            -70.1812756,
            -31.2098881
          ],
          [
            -70.1810503,
            -31.2099982
          ],
          [
            -70.1807499,
            -31.2100303
          ],
          [
            -70.1806265,
            -31.2100211
          ],
          [
            -70.1805246,
            -31.210067
          ],
          [
            -70.1805085,
            -31.2101588
          ],
          [
            -70.1805997,
            -31.2101955
          ],
          [
            -70.1807982,
            -31.2101955
          ],
          [
            -70.1809752,
            -31.2101817
          ],
          [
            -70.1812595,
            -31.210145
          ],
          [
            -70.1814365,
            -31.2101496
          ],
          [
            -70.1816511,
            -31.2101771
          ],
          [
            -70.1819301,
            -31.2102322
          ],
          [
            -70.1821715,
            -31.2102918
          ],
          [
            -70.1823753,
            -31.2102872
          ],
          [
            -70.1825953,
            -31.2101909
          ],
          [
            -70.1829332,
            -31.2099936
          ],
          [
            -70.1830995,
            -31.2098147
          ],
          [
            -70.183239,
            -31.2097
          ],
          [
            -70.1833355,
            -31.2096449
          ],
          [
            -70.1834267,
            -31.2096403
          ],
          [
            -70.1834214,
            -31.2097596
          ],
          [
            -70.183357,
            -31.2098606
          ],
          [
            -70.1832765,
            -31.2099753
          ],
          [
            -70.1831907,
            -31.2100716
          ],
          [
            -70.183062,
            -31.2102138
          ],
          [
            -70.182901,
            -31.2103331
          ],
          [
            -70.1827723,
            -31.210457
          ],
          [
            -70.1826382,
            -31.2105763
          ],
          [
            -70.1825362,
            -31.2107002
          ],
          [
            -70.1825309,
            -31.2107782
          ],
          [
            -70.1825738,
            -31.2109342
          ],
          [
            -70.1826543,
            -31.2110443
          ],
          [
            -70.1827347,
            -31.211136
          ],
          [
            -70.1828474,
            -31.2112507
          ],
          [
            -70.1829332,
            -31.2113012
          ],
          [
            -70.1830995,
            -31.2113838
          ],
          [
            -70.1832122,
            -31.2113884
          ],
          [
            -70.1832658,
            -31.2112599
          ],
          [
            -70.1832551,
            -31.2110718
          ],
          [
            -70.183298,
            -31.2109479
          ],
          [
            -70.1833999,
            -31.2108103
          ],
          [
            -70.1835179,
            -31.2106818
          ],
          [
            -70.1836842,
            -31.2105809
          ],
          [
            -70.1838774,
            -31.2105258
          ],
          [
            -70.1841885,
            -31.2104524
          ],
          [
            -70.1844299,
            -31.2104111
          ],
          [
            -70.1846391,
            -31.2103423
          ],
          [
            -70.1848215,
            -31.2102322
          ],
          [
            -70.1849771,
            -31.2101358
          ],
          [
            -70.1851487,
            -31.2101175
          ],
          [
            -70.1852828,
            -31.210168
          ],
          [
            -70.1854974,
            -31.2102414
          ],
          [
            -70.1857173,
            -31.210301
          ],
          [
            -70.1859909,
            -31.2103239
          ],
          [
            -70.1861948,
            -31.2102827
          ],
          [
            -70.1866776,
            -31.2100257
          ],
          [
            -70.1868868,
            -31.2098514
          ],
          [
            -70.1869512,
            -31.2097275
          ],
          [
            -70.1869887,
            -31.2096495
          ],
          [
            -70.1870853,
            -31.209622
          ],
          [
            -70.1872408,
            -31.2096449
          ],
          [
            -70.1874286,
            -31.2097229
          ],
          [
            -70.1876378,
            -31.2097688
          ],
          [
            -70.1877827,
            -31.2097688
          ],
          [
            -70.1879489,
            -31.2097459
          ],
          [
            -70.188024,
            -31.209677
          ],
          [
            -70.1881045,
            -31.2096082
          ],
          [
            -70.1882601,
            -31.2096036
          ],
          [
            -70.1884264,
            -31.2096587
          ],
          [
            -70.1886302,
            -31.2096908
          ],
          [
            -70.1887268,
            -31.2096816
          ],
          [
            -70.1888233,
            -31.2096449
          ],
          [
            -70.1889199,
            -31.209599
          ],
          [
            -70.1890272,
            -31.2095944
          ],
          [
            -70.1890594,
            -31.2096633
          ],
          [
            -70.1890701,
            -31.209755
          ],
          [
            -70.1890433,
            -31.2098514
          ],
          [
            -70.1890004,
            -31.2099523
          ],
          [
            -70.1889199,
            -31.2100991
          ],
          [
            -70.188877,
            -31.2102047
          ],
          [
            -70.1888716,
            -31.2103056
          ],
          [
            -70.1889628,
            -31.2103423
          ],
          [
            -70.1890916,
            -31.2102918
          ],
          [
            -70.1892418,
            -31.2101496
          ],
          [
            -70.1893008,
            -31.2099936
          ],
          [
            -70.1893652,
            -31.2098606
          ],
          [
            -70.1894939,
            -31.2097871
          ],
          [
            -70.1897514,
            -31.2097459
          ],
          [
            -70.1899231,
            -31.2096541
          ],
          [
            -70.1902127,
            -31.2094889
          ],
          [
            -70.1905775,
            -31.2093146
          ],
          [
            -70.1907384,
            -31.2092412
          ],
          [
            -70.1908457,
            -31.2091769
          ],
          [
            -70.1909691,
            -31.2091953
          ],
          [
            -70.1909584,
            -31.2093054
          ],
          [
            -70.1908135,
            -31.2094063
          ],
          [
            -70.1905561,
            -31.2095302
          ],
          [
            -70.1904166,
            -31.209622
          ],
          [
            -70.1903039,
            -31.2098009
          ],
          [
            -70.1902503,
            -31.2099248
          ],
          [
            -70.1901269,
            -31.2101725
          ],
          [
            -70.1899821,
            -31.2103974
          ],
          [
            -70.1896495,
            -31.2108424
          ],
          [
            -70.1894188,
            -31.2110305
          ],
          [
            -70.1892901,
            -31.2111636
          ],
          [
            -70.1891881,
            -31.2112783
          ],
          [
            -70.1891506,
            -31.211393
          ],
          [
            -70.1892096,
            -31.2114251
          ],
          [
            -70.1893652,
            -31.2113517
          ],
          [
            -70.1895583,
            -31.2112048
          ],
          [
            -70.1897514,
            -31.2110397
          ],
          [
            -70.1900411,
            -31.2108562
          ],
          [
            -70.1903951,
            -31.2106635
          ],
          [
            -70.1908082,
            -31.2103744
          ],
          [
            -70.1910228,
            -31.210246
          ],
          [
            -70.1920527,
            -31.2099156
          ],
          [
            -70.1923746,
            -31.209755
          ],
          [
            -70.1924658,
            -31.2096357
          ],
          [
            -70.1925838,
            -31.2095486
          ],
          [
            -70.1926535,
            -31.2095899
          ],
          [
            -70.1925945,
            -31.2097459
          ],
          [
            -70.1924926,
            -31.2098284
          ],
          [
            -70.1923692,
            -31.2099202
          ],
          [
            -70.1921761,
            -31.2100762
          ],
          [
            -70.1918274,
            -31.2103331
          ],
          [
            -70.1915216,
            -31.2105717
          ],
          [
            -70.1913178,
            -31.2107002
          ],
          [
            -70.191232,
            -31.2107828
          ],
          [
            -70.1912642,
            -31.2108607
          ],
          [
            -70.1915163,
            -31.2107644
          ],
          [
            -70.1916558,
            -31.2106405
          ],
          [
            -70.1918918,
            -31.2105304
          ],
          [
            -70.1920795,
            -31.2104387
          ],
          [
            -70.1923156,
            -31.2103239
          ],
          [
            -70.1925463,
            -31.2102092
          ],
          [
            -70.1926374,
            -31.2102276
          ],
          [
            -70.1925945,
            -31.2103423
          ],
          [
            -70.1924121,
            -31.2104478
          ],
          [
            -70.192219,
            -31.2106176
          ],
          [
            -70.1919723,
            -31.2108378
          ],
          [
            -70.1916128,
            -31.2111911
          ],
          [
            -70.1914197,
            -31.2113379
          ],
          [
            -70.1912588,
            -31.2113884
          ],
          [
            -70.1911891,
            -31.2114526
          ],
          [
            -70.1911837,
            -31.2115489
          ],
          [
            -70.1912749,
            -31.2115765
          ],
          [
            -70.1914197,
            -31.2115306
          ],
          [
            -70.191763,
            -31.2113517
          ],
          [
            -70.1924014,
            -31.2110443
          ],
          [
            -70.1930076,
            -31.2107002
          ],
          [
            -70.1933388,
            -31.2104432
          ],
          [
            -70.1935038,
            -31.210254
          ],
          [
            -70.1935735,
            -31.2101886
          ],
          [
            -70.1936245,
            -31.2101794
          ],
          [
            -70.1936567,
            -31.2101978
          ],
          [
            -70.1936714,
            -31.2102253
          ],
          [
            -70.1936741,
            -31.2102872
          ],
          [
            -70.1936674,
            -31.210535
          ],
          [
            -70.1936835,
            -31.2107552
          ],
          [
            -70.1937747,
            -31.2109617
          ],
          [
            -70.1939732,
            -31.2112003
          ],
          [
            -70.1941234,
            -31.2114021
          ],
          [
            -70.19422,
            -31.2116086
          ],
          [
            -70.1943219,
            -31.2117829
          ],
          [
            -70.1943648,
            -31.2118999
          ],
          [
            -70.1944318,
            -31.2120422
          ],
          [
            -70.1945445,
            -31.2121546
          ],
          [
            -70.1946545,
            -31.2122165
          ],
          [
            -70.1947671,
            -31.2123014
          ],
          [
            -70.1948744,
            -31.2124
          ],
          [
            -70.1949576,
            -31.2124803
          ],
          [
            -70.1949951,
            -31.212517
          ],
          [
            -70.1950702,
            -31.2126432
          ],
          [
            -70.1950622,
            -31.2127854
          ],
          [
            -70.1950434,
            -31.213063
          ],
          [
            -70.1950112,
            -31.2133337
          ],
          [
            -70.1949817,
            -31.2135493
          ],
          [
            -70.1948556,
            -31.2138383
          ],
          [
            -70.1947725,
            -31.2140723
          ],
          [
            -70.1947376,
            -31.2142443
          ],
          [
            -70.1947108,
            -31.2144852
          ],
          [
            -70.1946759,
            -31.2146481
          ],
          [
            -70.1946706,
            -31.2149073
          ],
          [
            -70.1946974,
            -31.2150105
          ],
          [
            -70.1947376,
            -31.2150587
          ],
          [
            -70.1948261,
            -31.215077
          ],
          [
            -70.1949093,
            -31.2150541
          ],
          [
            -70.1950541,
            -31.2150289
          ],
          [
            -70.1951748,
            -31.2150426
          ],
          [
            -70.1952097,
            -31.2150587
          ],
          [
            -70.1952311,
            -31.2151321
          ],
          [
            -70.1952821,
            -31.2152904
          ],
          [
            -70.1953384,
            -31.2154509
          ],
          [
            -70.1953599,
            -31.2154876
          ],
          [
            -70.195435,
            -31.2155771
          ],
          [
            -70.1955155,
            -31.2156207
          ],
          [
            -70.1955664,
            -31.2156276
          ],
          [
            -70.1956683,
            -31.2156276
          ],
          [
            -70.1958722,
            -31.2155519
          ],
          [
            -70.1963201,
            -31.2153431
          ],
          [
            -70.1965186,
            -31.215217
          ],
          [
            -70.1966554,
            -31.2150633
          ],
          [
            -70.196819,
            -31.2148568
          ],
          [
            -70.1969799,
            -31.2146297
          ],
          [
            -70.1972401,
            -31.21432
          ],
          [
            -70.1974869,
            -31.2140241
          ],
          [
            -70.1976559,
            -31.2138658
          ],
          [
            -70.1977417,
            -31.2137947
          ],
          [
            -70.1977712,
            -31.2137443
          ],
          [
            -70.1977444,
            -31.213703
          ],
          [
            -70.1976961,
            -31.2136915
          ],
          [
            -70.1976076,
            -31.2137374
          ],
          [
            -70.1974225,
            -31.2138429
          ],
          [
            -70.1972294,
            -31.2139232
          ],
          [
            -70.1969585,
            -31.2140333
          ],
          [
            -70.1968405,
            -31.2140769
          ],
          [
            -70.19676,
            -31.2140838
          ],
          [
            -70.1967064,
            -31.2140562
          ],
          [
            -70.1966983,
            -31.2139989
          ],
          [
            -70.196768,
            -31.2139507
          ],
          [
            -70.19687,
            -31.2139255
          ],
          [
            -70.196996,
            -31.213859
          ],
          [
            -70.1971221,
            -31.2137511
          ],
          [
            -70.1972616,
            -31.2135562
          ],
          [
            -70.1974037,
            -31.2133566
          ],
          [
            -70.1976961,
            -31.2129483
          ],
          [
            -70.1978195,
            -31.2126088
          ],
          [
            -70.1979965,
            -31.2120674
          ],
          [
            -70.1982755,
            -31.21137
          ],
          [
            -70.1984257,
            -31.2108929
          ],
          [
            -70.1985651,
            -31.2104524
          ],
          [
            -70.1985759,
            -31.2102872
          ],
          [
            -70.1986188,
            -31.2101358
          ],
          [
            -70.1987368,
            -31.2098927
          ],
          [
            -70.1988816,
            -31.2096816
          ],
          [
            -70.1992518,
            -31.2092595
          ],
          [
            -70.1995844,
            -31.2089016
          ],
          [
            -70.1999974,
            -31.2084428
          ],
          [
            -70.2002335,
            -31.2081905
          ],
          [
            -70.2004588,
            -31.2080987
          ],
          [
            -70.2007994,
            -31.2079875
          ],
          [
            -70.2010596,
            -31.2078969
          ],
          [
            -70.2011694,
            -31.2078397
          ],
          [
            -70.2012339,
            -31.2077386
          ],
          [
            -70.201309,
            -31.2075849
          ],
          [
            -70.2013975,
            -31.2075069
          ],
          [
            -70.2015585,
            -31.2074747
          ],
          [
            -70.2017596,
            -31.2074289
          ],
          [
            -70.2019233,
            -31.2073669
          ],
          [
            -70.2021512,
            -31.2072935
          ],
          [
            -70.2023578,
            -31.2072499
          ],
          [
            -70.2026877,
            -31.2072224
          ],
          [
            -70.2028996,
            -31.2071788
          ],
          [
            -70.2031463,
            -31.207087
          ],
          [
            -70.2034199,
            -31.2069999
          ],
          [
            -70.2037042,
            -31.2069333
          ],
          [
            -70.2038491,
            -31.2069104
          ],
          [
            -70.2038974,
            -31.2068806
          ],
          [
            -70.2039054,
            -31.2068232
          ],
          [
            -70.2038598,
            -31.2067957
          ],
          [
            -70.2037284,
            -31.2067911
          ],
          [
            -70.2033797,
            -31.206759
          ],
          [
            -70.2030847,
            -31.2067705
          ],
          [
            -70.2026904,
            -31.2067796
          ],
          [
            -70.2023309,
            -31.2067337
          ],
          [
            -70.2021647,
            -31.2066925
          ],
          [
            -70.2020547,
            -31.2065892
          ],
          [
            -70.2017489,
            -31.206229
          ],
          [
            -70.2015987,
            -31.2061212
          ],
          [
            -70.2014351,
            -31.2060708
          ],
          [
            -70.2012581,
            -31.2060455
          ],
          [
            -70.2011079,
            -31.206018
          ],
          [
            -70.2010006,
            -31.205979
          ],
          [
            -70.2009442,
            -31.2058803
          ],
          [
            -70.2008718,
            -31.2057702
          ],
          [
            -70.2007887,
            -31.2056509
          ],
          [
            -70.2007726,
            -31.205589
          ],
          [
            -70.2007887,
            -31.2055316
          ],
          [
            -70.2008611,
            -31.2055018
          ],
          [
            -70.2009389,
            -31.2054949
          ],
          [
            -70.2010247,
            -31.2055202
          ],
          [
            -70.2010971,
            -31.2055615
          ],
          [
            -70.2011964,
            -31.2056578
          ],
          [
            -70.201309,
            -31.2057588
          ],
          [
            -70.2013868,
            -31.2058138
          ],
          [
            -70.2015075,
            -31.2057932
          ],
          [
            -70.2016765,
            -31.2057633
          ],
          [
            -70.2018026,
            -31.2057633
          ],
          [
            -70.2019018,
            -31.2057886
          ],
          [
            -70.2020064,
            -31.2058505
          ],
          [
            -70.2021244,
            -31.2059446
          ],
          [
            -70.2022103,
            -31.2060111
          ],
          [
            -70.2023363,
            -31.2060432
          ],
          [
            -70.2024919,
            -31.2060409
          ],
          [
            -70.2026582,
            -31.2060295
          ],
          [
            -70.2028915,
            -31.2059698
          ],
          [
            -70.2033663,
            -31.2058322
          ],
          [
            -70.2037632,
            -31.2057083
          ],
          [
            -70.2040851,
            -31.2056234
          ],
          [
            -70.2043426,
            -31.2055821
          ],
          [
            -70.2045894,
            -31.2055385
          ],
          [
            -70.2047557,
            -31.2054789
          ],
          [
            -70.2049273,
            -31.2053986
          ],
          [
            -70.2051365,
            -31.205215
          ],
          [
            -70.2053243,
            -31.2050659
          ],
          [
            -70.2054933,
            -31.2049673
          ],
          [
            -70.2056783,
            -31.2049007
          ],
          [
            -70.2059144,
            -31.2048526
          ],
          [
            -70.2062094,
            -31.2047792
          ],
          [
            -70.2064723,
            -31.2047287
          ],
          [
            -70.2066037,
            -31.2047172
          ],
          [
            -70.2066842,
            -31.2046989
          ],
          [
            -70.2067271,
            -31.2046507
          ],
          [
            -70.2067271,
            -31.2046048
          ],
          [
            -70.2066654,
            -31.2045635
          ],
          [
            -70.2061343,
            -31.2044993
          ],
          [
            -70.2058473,
            -31.2044488
          ],
          [
            -70.2056462,
            -31.2043823
          ],
          [
            -70.2054638,
            -31.204357
          ],
          [
            -70.2053002,
            -31.2043777
          ],
          [
            -70.2051473,
            -31.2043914
          ],
          [
            -70.2050614,
            -31.2043685
          ],
          [
            -70.2050239,
            -31.2043203
          ],
          [
            -70.2050105,
            -31.2042446
          ],
          [
            -70.205048,
            -31.2041827
          ],
          [
            -70.2051768,
            -31.2041345
          ],
          [
            -70.205335,
            -31.2040519
          ],
          [
            -70.2056998,
            -31.2037927
          ],
          [
            -70.2058446,
            -31.2036619
          ],
          [
            -70.2059707,
            -31.2034325
          ],
          [
            -70.2060726,
            -31.2032971
          ],
          [
            -70.2061611,
            -31.2032145
          ],
          [
            -70.206306,
            -31.2031296
          ],
          [
            -70.2065313,
            -31.2030264
          ],
          [
            -70.2067405,
            -31.2029186
          ],
          [
            -70.2069819,
            -31.2027511
          ],
          [
            -70.2071455,
            -31.2026547
          ],
          [
            -70.2072555,
            -31.2026433
          ],
          [
            -70.2073976,
            -31.2026823
          ],
          [
            -70.2075881,
            -31.2027855
          ],
          [
            -70.207749,
            -31.2028933
          ],
          [
            -70.2078965,
            -31.2030241
          ],
          [
            -70.207977,
            -31.2031136
          ],
          [
            -70.2080467,
            -31.2031618
          ],
          [
            -70.2081594,
            -31.2032145
          ],
          [
            -70.2082881,
            -31.2032421
          ],
          [
            -70.2084383,
            -31.2032811
          ],
          [
            -70.2085456,
            -31.2033384
          ],
          [
            -70.2086771,
            -31.2034417
          ],
          [
            -70.2088112,
            -31.203538
          ],
          [
            -70.2089185,
            -31.2036137
          ],
          [
            -70.2090311,
            -31.203694
          ],
          [
            -70.2091035,
            -31.203772
          ],
          [
            -70.2091652,
            -31.2038684
          ],
          [
            -70.2092055,
            -31.2039326
          ],
          [
            -70.2092591,
            -31.2039854
          ],
          [
            -70.2093262,
            -31.2039877
          ],
          [
            -70.2093396,
            -31.2039326
          ],
          [
            -70.2092966,
            -31.2038317
          ],
          [
            -70.2090633,
            -31.2033522
          ],
          [
            -70.2089426,
            -31.2031228
          ],
          [
            -70.2087978,
            -31.2028933
          ],
          [
            -70.2086341,
            -31.2027396
          ],
          [
            -70.2083579,
            -31.2025079
          ],
          [
            -70.2081513,
            -31.2023542
          ],
          [
            -70.2081057,
            -31.2022693
          ],
          [
            -70.2081084,
            -31.2021844
          ],
          [
            -70.2081969,
            -31.2021018
          ],
          [
            -70.2083579,
            -31.2019871
          ],
          [
            -70.208551,
            -31.2018885
          ],
          [
            -70.2088568,
            -31.2017462
          ],
          [
            -70.2090579,
            -31.2016751
          ],
          [
            -70.2094361,
            -31.2015811
          ],
          [
            -70.2096024,
            -31.2015466
          ],
          [
            -70.2097204,
            -31.2015535
          ],
          [
            -70.2100396,
            -31.201643
          ],
          [
            -70.2103642,
            -31.2017302
          ],
          [
            -70.2105546,
            -31.2017646
          ],
          [
            -70.2107021,
            -31.2017256
          ],
          [
            -70.2112412,
            -31.201526
          ],
          [
            -70.2113593,
            -31.2014962
          ],
          [
            -70.2115175,
            -31.2015008
          ],
          [
            -70.211724,
            -31.2015008
          ],
          [
            -70.2119359,
            -31.2014663
          ],
          [
            -70.2121264,
            -31.2014136
          ],
          [
            -70.2123946,
            -31.2013264
          ],
          [
            -70.2127057,
            -31.2011796
          ],
          [
            -70.2130249,
            -31.2009891
          ],
          [
            -70.2132744,
            -31.2008538
          ],
          [
            -70.2135238,
            -31.2006679
          ],
          [
            -70.2136686,
            -31.2005441
          ],
          [
            -70.2137867,
            -31.2004179
          ],
          [
            -70.2140173,
            -31.2002366
          ],
          [
            -70.2142668,
            -31.200076
          ],
          [
            -70.2144974,
            -31.1999705
          ],
          [
            -70.2148435,
            -31.1998673
          ],
          [
            -70.2150983,
            -31.199803
          ],
          [
            -70.2155623,
            -31.1995896
          ],
          [
            -70.2161899,
            -31.1993006
          ],
          [
            -70.2166969,
            -31.199117
          ],
          [
            -70.2169946,
            -31.1990482
          ],
          [
            -70.2172816,
            -31.1990023
          ],
          [
            -70.2175096,
            -31.198945
          ],
          [
            -70.217818,
            -31.1988256
          ],
          [
            -70.2181426,
            -31.198665
          ],
          [
            -70.2186441,
            -31.1984173
          ],
          [
            -70.2188802,
            -31.198275
          ],
          [
            -70.2191645,
            -31.1980662
          ],
          [
            -70.2195856,
            -31.1977175
          ],
          [
            -70.2197653,
            -31.1975248
          ],
          [
            -70.2198377,
            -31.1973665
          ],
          [
            -70.2198887,
            -31.1972472
          ],
          [
            -70.2199155,
            -31.1972036
          ],
          [
            -70.2199611,
            -31.1971806
          ],
          [
            -70.2200201,
            -31.1971714
          ],
          [
            -70.2200711,
            -31.1972082
          ],
          [
            -70.2200952,
            -31.1973068
          ],
          [
            -70.2201489,
            -31.1975707
          ],
          [
            -70.2201945,
            -31.1978184
          ],
          [
            -70.2202347,
            -31.1979584
          ],
          [
            -70.2202937,
            -31.1980548
          ],
          [
            -70.2205271,
            -31.198259
          ],
          [
            -70.220696,
            -31.1983668
          ],
          [
            -70.2207845,
            -31.1983851
          ],
          [
            -70.220865,
            -31.1983828
          ],
          [
            -70.2209348,
            -31.198337
          ],
          [
            -70.2209991,
            -31.198275
          ],
          [
            -70.2210823,
            -31.1981511
          ],
          [
            -70.2215892,
            -31.197254
          ],
          [
            -70.2216885,
            -31.1970521
          ],
          [
            -70.2217314,
            -31.1969214
          ],
          [
            -70.2217475,
            -31.1967929
          ],
          [
            -70.2217099,
            -31.1965887
          ],
          [
            -70.2216402,
            -31.1964304
          ],
          [
            -70.2215409,
            -31.1962927
          ],
          [
            -70.2214068,
            -31.1961711
          ],
          [
            -70.2211171,
            -31.1959325
          ],
          [
            -70.2210501,
            -31.1958132
          ],
          [
            -70.2210233,
            -31.195687
          ],
          [
            -70.2210259,
            -31.1954966
          ],
          [
            -70.2210662,
            -31.1952144
          ],
          [
            -70.2211332,
            -31.1949849
          ],
          [
            -70.2211788,
            -31.1949069
          ],
          [
            -70.2212566,
            -31.1948702
          ],
          [
            -70.2214041,
            -31.1948633
          ],
          [
            -70.2220532,
            -31.194845
          ],
          [
            -70.2223751,
            -31.194861
          ],
          [
            -70.222595,
            -31.1948679
          ],
          [
            -70.2227989,
            -31.1948358
          ],
          [
            -70.2230349,
            -31.1947486
          ],
          [
            -70.2231744,
            -31.1946591
          ],
          [
            -70.2232468,
            -31.1945536
          ],
          [
            -70.2232844,
            -31.1944228
          ],
          [
            -70.223279,
            -31.1942691
          ],
          [
            -70.2232575,
            -31.1940373
          ],
          [
            -70.2232897,
            -31.1938446
          ],
          [
            -70.2233568,
            -31.1936702
          ],
          [
            -70.2234694,
            -31.1935303
          ],
          [
            -70.2236009,
            -31.1934431
          ],
          [
            -70.2237377,
            -31.1933651
          ],
          [
            -70.2239238,
            -31.1931976
          ],
          [
            -70.2241293,
            -31.1930393
          ],
          [
            -70.2242982,
            -31.1929131
          ],
          [
            -70.2244002,
            -31.1927869
          ],
          [
            -70.2245021,
            -31.1925987
          ],
          [
            -70.2246469,
            -31.1922064
          ],
          [
            -70.2247086,
            -31.191993
          ],
          [
            -70.2247167,
            -31.191775
          ],
          [
            -70.2247086,
            -31.1914308
          ],
          [
            -70.224655,
            -31.191206
          ],
          [
            -70.2245691,
            -31.1909857
          ],
          [
            -70.224537,
            -31.1908871
          ],
          [
            -70.2245316,
            -31.1908113
          ],
          [
            -70.2245611,
            -31.1906507
          ],
          [
            -70.2245986,
            -31.190341
          ],
          [
            -70.2246255,
            -31.1899165
          ],
          [
            -70.2246282,
            -31.189648
          ],
          [
            -70.224604,
            -31.1892993
          ],
          [
            -70.2245638,
            -31.1890423
          ],
          [
            -70.2244645,
            -31.1887646
          ],
          [
            -70.2243412,
            -31.1885421
          ],
          [
            -70.2242446,
            -31.1883883
          ],
          [
            -70.2242258,
            -31.1883057
          ],
          [
            -70.2242178,
            -31.1882552
          ],
          [
            -70.2242312,
            -31.1882185
          ],
          [
            -70.2242741,
            -31.1881887
          ],
          [
            -70.2243693,
            -31.1881887
          ],
          [
            -70.2245222,
            -31.1882105
          ],
          [
            -70.2246858,
            -31.1882254
          ],
          [
            -70.2248856,
            -31.1882243
          ],
          [
            -70.2251123,
            -31.1882369
          ],
          [
            -70.2256152,
            -31.1882277
          ],
          [
            -70.2258861,
            -31.1882094
          ],
          [
            -70.2261168,
            -31.1882369
          ],
          [
            -70.2263877,
            -31.1883126
          ],
          [
            -70.2265969,
            -31.1883585
          ],
          [
            -70.2266908,
            -31.1883264
          ],
          [
            -70.2267203,
            -31.1882231
          ],
          [
            -70.2266613,
            -31.1880809
          ],
          [
            -70.2266237,
            -31.187895
          ],
          [
            -70.2266505,
            -31.1876082
          ],
          [
            -70.2266988,
            -31.1874108
          ],
          [
            -70.2267659,
            -31.1873122
          ],
          [
            -70.2268678,
            -31.1872548
          ],
          [
            -70.2270153,
            -31.1872181
          ],
          [
            -70.2274901,
            -31.1871791
          ],
          [
            -70.2277261,
            -31.1871332
          ],
          [
            -70.2279568,
            -31.1870001
          ],
          [
            -70.2281767,
            -31.1867844
          ],
          [
            -70.2283591,
            -31.1864311
          ],
          [
            -70.2284664,
            -31.1862521
          ],
          [
            -70.2285093,
            -31.1862062
          ],
          [
            -70.2285898,
            -31.1861557
          ],
          [
            -70.2287614,
            -31.1861511
          ],
          [
            -70.2289277,
            -31.1861787
          ],
          [
            -70.2290753,
            -31.1861649
          ],
          [
            -70.2292094,
            -31.1860869
          ],
          [
            -70.2293301,
            -31.1859744
          ],
          [
            -70.229381,
            -31.1858482
          ],
          [
            -70.2293327,
            -31.1857335
          ],
          [
            -70.2292442,
            -31.1856188
          ],
          [
            -70.2291369,
            -31.1854444
          ],
          [
            -70.2290726,
            -31.1852562
          ],
          [
            -70.2290377,
            -31.1850153
          ],
          [
            -70.2290028,
            -31.1847629
          ],
          [
            -70.2289251,
            -31.1846
          ],
          [
            -70.2288097,
            -31.1844669
          ],
          [
            -70.228512,
            -31.1841754
          ],
          [
            -70.2283618,
            -31.1840011
          ],
          [
            -70.2283001,
            -31.1838634
          ],
          [
            -70.2282921,
            -31.1837096
          ],
          [
            -70.2282277,
            -31.1834228
          ],
          [
            -70.2281928,
            -31.1829707
          ],
          [
            -70.2281097,
            -31.1826059
          ],
          [
            -70.2280104,
            -31.1822227
          ],
          [
            -70.2279434,
            -31.1819771
          ],
          [
            -70.2279273,
            -31.1817821
          ],
          [
            -70.2279219,
            -31.18147
          ],
          [
            -70.2278951,
            -31.1810042
          ],
          [
            -70.2278414,
            -31.1805957
          ],
          [
            -70.2278307,
            -31.1803502
          ],
          [
            -70.227879,
            -31.179928
          ],
          [
            -70.2279434,
            -31.1794185
          ],
          [
            -70.2280051,
            -31.1790078
          ],
          [
            -70.2280453,
            -31.1785809
          ],
          [
            -70.2280346,
            -31.1781105
          ],
          [
            -70.2280131,
            -31.1774129
          ],
          [
            -70.2279595,
            -31.1766441
          ],
          [
            -70.227887,
            -31.1759763
          ],
          [
            -70.2278844,
            -31.1756022
          ],
          [
            -70.2279326,
            -31.1751387
          ],
          [
            -70.2280131,
            -31.1744755
          ],
          [
            -70.2281258,
            -31.1736011
          ],
          [
            -70.2282357,
            -31.1730434
          ],
          [
            -70.2284476,
            -31.1722976
          ],
          [
            -70.2287024,
            -31.1714393
          ],
          [
            -70.2289304,
            -31.1707577
          ],
          [
            -70.228968,
            -31.1705833
          ],
          [
            -70.2289921,
            -31.1703951
          ],
          [
            -70.228976,
            -31.1700646
          ],
          [
            -70.2289546,
            -31.1693577
          ],
          [
            -70.2289331,
            -31.1685292
          ],
          [
            -70.228909,
            -31.1677719
          ],
          [
            -70.2288633,
            -31.1674636
          ]
        ]
      }
    },
    {
      "type": "Feature",
      "id": "osm-way-1442787217",
      "properties": {
        "highway": "unclassified",
        "osmWayId": 1442787217,
        "sourceFeatureId": "osm-way-1442787217",
        "selectedForCorridor": "los-azules",
        "selectionMethod": "reviewed source-junction clip between pinned coordinates",
        "selectionLengthKm": 6.142116,
        "sourceGeometryClipped": true
      },
      "geometry": {
        "type": "LineString",
        "coordinates": [
          [
            -70.2288633,
            -31.1674636
          ],
          [
            -70.2287862,
            -31.1673659
          ],
          [
            -70.2287517,
            -31.1672876
          ],
          [
            -70.2287367,
            -31.1672139
          ],
          [
            -70.2287561,
            -31.1671396
          ],
          [
            -70.2287921,
            -31.1670437
          ],
          [
            -70.2289063,
            -31.1667793
          ],
          [
            -70.2289532,
            -31.1666714
          ],
          [
            -70.228969,
            -31.1666248
          ],
          [
            -70.2289733,
            -31.1665899
          ],
          [
            -70.228971,
            -31.1665388
          ],
          [
            -70.2289613,
            -31.166497
          ],
          [
            -70.2289334,
            -31.1664496
          ],
          [
            -70.2287896,
            -31.1662422
          ],
          [
            -70.2287588,
            -31.1662089
          ],
          [
            -70.2287319,
            -31.1661854
          ],
          [
            -70.2287064,
            -31.1661734
          ],
          [
            -70.2285975,
            -31.1661422
          ],
          [
            -70.2283323,
            -31.1660632
          ],
          [
            -70.2282853,
            -31.1660471
          ],
          [
            -70.2282438,
            -31.1660276
          ],
          [
            -70.2282123,
            -31.1660093
          ],
          [
            -70.2281948,
            -31.1659949
          ],
          [
            -70.2281794,
            -31.1659741
          ],
          [
            -70.2280185,
            -31.1656719
          ],
          [
            -70.2279943,
            -31.1656363
          ],
          [
            -70.2279648,
            -31.1656019
          ],
          [
            -70.2279124,
            -31.1655502
          ],
          [
            -70.2275938,
            -31.1652614
          ],
          [
            -70.2275437,
            -31.1652094
          ],
          [
            -70.2274954,
            -31.165152
          ],
          [
            -70.2274492,
            -31.1650912
          ],
          [
            -70.2273975,
            -31.1650189
          ],
          [
            -70.2273528,
            -31.1649461
          ],
          [
            -70.2273157,
            -31.1648778
          ],
          [
            -70.2272891,
            -31.1648005
          ],
          [
            -70.2272728,
            -31.1647332
          ],
          [
            -70.227254,
            -31.1646448
          ],
          [
            -70.2272393,
            -31.1645507
          ],
          [
            -70.2272326,
            -31.1644704
          ],
          [
            -70.2272259,
            -31.1644107
          ],
          [
            -70.2272179,
            -31.1643603
          ],
          [
            -70.227199,
            -31.1642971
          ],
          [
            -70.2271641,
            -31.164235
          ],
          [
            -70.2268893,
            -31.1637623
          ],
          [
            -70.2268182,
            -31.1636235
          ],
          [
            -70.2267605,
            -31.1634938
          ],
          [
            -70.226731,
            -31.1634043
          ],
          [
            -70.2267176,
            -31.163332
          ],
          [
            -70.2267136,
            -31.1632654
          ],
          [
            -70.2267203,
            -31.1632023
          ],
          [
            -70.2267431,
            -31.1631415
          ],
          [
            -70.2267726,
            -31.1630738
          ],
          [
            -70.2269027,
            -31.1628053
          ],
          [
            -70.2269563,
            -31.1626974
          ],
          [
            -70.2270073,
            -31.1625826
          ],
          [
            -70.2270931,
            -31.1623393
          ],
          [
            -70.227128,
            -31.1622498
          ],
          [
            -70.2271682,
            -31.1621856
          ],
          [
            -70.2272218,
            -31.1621121
          ],
          [
            -70.2273238,
            -31.1620019
          ],
          [
            -70.2273962,
            -31.1619078
          ],
          [
            -70.2274606,
            -31.1618092
          ],
          [
            -70.2275115,
            -31.1617242
          ],
          [
            -70.2275705,
            -31.1616095
          ],
          [
            -70.2279568,
            -31.1607602
          ],
          [
            -70.2280641,
            -31.1605674
          ],
          [
            -70.2281311,
            -31.1604688
          ],
          [
            -70.2281848,
            -31.1604068
          ],
          [
            -70.2282411,
            -31.1603517
          ],
          [
            -70.2283055,
            -31.1602989
          ],
          [
            -70.2286407,
            -31.1600602
          ],
          [
            -70.2287346,
            -31.1599959
          ],
          [
            -70.2287963,
            -31.1599408
          ],
          [
            -70.2288419,
            -31.1598858
          ],
          [
            -70.2288795,
            -31.1598284
          ],
          [
            -70.2289304,
            -31.1597297
          ],
          [
            -70.2290082,
            -31.1595231
          ],
          [
            -70.2290806,
            -31.1592683
          ],
          [
            -70.229094,
            -31.1591949
          ],
          [
            -70.2290994,
            -31.1591054
          ],
          [
            -70.2290833,
            -31.1590136
          ],
          [
            -70.2290538,
            -31.1589263
          ],
          [
            -70.2290109,
            -31.1588299
          ],
          [
            -70.2289572,
            -31.1587427
          ],
          [
            -70.2288902,
            -31.1586555
          ],
          [
            -70.2284342,
            -31.1581414
          ],
          [
            -70.2283886,
            -31.1581046
          ],
          [
            -70.2283457,
            -31.1580771
          ],
          [
            -70.2282974,
            -31.1580564
          ],
          [
            -70.2282304,
            -31.1580381
          ],
          [
            -70.2280051,
            -31.1579945
          ],
          [
            -70.2279407,
            -31.1579715
          ],
          [
            -70.2278951,
            -31.1579417
          ],
          [
            -70.2278549,
            -31.157905
          ],
          [
            -70.22782,
            -31.1578522
          ],
          [
            -70.2277905,
            -31.1577764
          ],
          [
            -70.2277663,
            -31.1576754
          ],
          [
            -70.2277502,
            -31.1575607
          ],
          [
            -70.227761,
            -31.1573724
          ],
          [
            -70.2277797,
            -31.15726
          ],
          [
            -70.2278119,
            -31.1571223
          ],
          [
            -70.2278361,
            -31.1570213
          ],
          [
            -70.2278468,
            -31.1569134
          ],
          [
            -70.2278468,
            -31.1562753
          ],
          [
            -70.2278468,
            -31.1561192
          ],
          [
            -70.2278307,
            -31.1559356
          ],
          [
            -70.2278039,
            -31.155768
          ],
          [
            -70.2277932,
            -31.1556303
          ],
          [
            -70.2277878,
            -31.1555408
          ],
          [
            -70.2277958,
            -31.1554811
          ],
          [
            -70.22782,
            -31.1554283
          ],
          [
            -70.2278575,
            -31.1553709
          ],
          [
            -70.227997,
            -31.1551758
          ],
          [
            -70.2280667,
            -31.155061
          ],
          [
            -70.2281392,
            -31.1549348
          ],
          [
            -70.2282572,
            -31.1546984
          ],
          [
            -70.2284154,
            -31.1544138
          ],
          [
            -70.2284476,
            -31.1543357
          ],
          [
            -70.2284718,
            -31.1542393
          ],
          [
            -70.2284932,
            -31.1541085
          ],
          [
            -70.2285093,
            -31.1540327
          ],
          [
            -70.2285549,
            -31.1539409
          ],
          [
            -70.2287105,
            -31.1536723
          ],
          [
            -70.2287614,
            -31.1535805
          ],
          [
            -70.2287963,
            -31.1534933
          ],
          [
            -70.2288339,
            -31.1533671
          ],
          [
            -70.2289036,
            -31.1530824
          ],
          [
            -70.2289251,
            -31.1529608
          ],
          [
            -70.2289251,
            -31.1528896
          ],
          [
            -70.2289063,
            -31.1528231
          ],
          [
            -70.228858,
            -31.1527703
          ],
          [
            -70.2287963,
            -31.1527221
          ],
          [
            -70.2285334,
            -31.1525935
          ],
          [
            -70.2284798,
            -31.1525545
          ],
          [
            -70.2284476,
            -31.1525132
          ],
          [
            -70.2284181,
            -31.1524558
          ],
          [
            -70.2283028,
            -31.1521551
          ],
          [
            -70.2282867,
            -31.152077
          ],
          [
            -70.2282786,
            -31.151999
          ],
          [
            -70.2282921,
            -31.151921
          ],
          [
            -70.2283645,
            -31.1515858
          ],
          [
            -70.2283913,
            -31.1514986
          ],
          [
            -70.2284235,
            -31.1514114
          ],
          [
            -70.2284691,
            -31.1513287
          ],
          [
            -70.2287427,
            -31.1509133
          ],
          [
            -70.2288151,
            -31.1508123
          ],
          [
            -70.2289358,
            -31.1506516
          ],
          [
            -70.2289867,
            -31.1505873
          ],
          [
            -70.2290404,
            -31.1505322
          ],
          [
            -70.229094,
            -31.1504909
          ],
          [
            -70.2291799,
            -31.150445
          ],
          [
            -70.2292979,
            -31.1503784
          ],
          [
            -70.2293542,
            -31.1503348
          ],
          [
            -70.2293944,
            -31.1502797
          ],
          [
            -70.2294213,
            -31.1502131
          ],
          [
            -70.22944,
            -31.1501397
          ],
          [
            -70.2294454,
            -31.1500593
          ],
          [
            -70.2293998,
            -31.1495589
          ],
          [
            -70.2293971,
            -31.149474
          ],
          [
            -70.2294025,
            -31.1493868
          ],
          [
            -70.2294186,
            -31.1493041
          ],
          [
            -70.2294293,
            -31.1492123
          ],
          [
            -70.2294266,
            -31.1491297
          ],
          [
            -70.2294025,
            -31.1490195
          ],
          [
            -70.2293515,
            -31.1488703
          ],
          [
            -70.2292925,
            -31.1487394
          ],
          [
            -70.2291852,
            -31.1484709
          ],
          [
            -70.2291477,
            -31.1483928
          ],
          [
            -70.229086,
            -31.1483239
          ],
          [
            -70.2290162,
            -31.1482528
          ],
          [
            -70.2289251,
            -31.1481747
          ],
          [
            -70.2288097,
            -31.1480898
          ],
          [
            -70.2286729,
            -31.1479934
          ],
          [
            -70.2285361,
            -31.1478832
          ],
          [
            -70.2283457,
            -31.1477661
          ],
          [
            -70.2277073,
            -31.1473851
          ],
          [
            -70.2275249,
            -31.1472795
          ],
          [
            -70.2274177,
            -31.1471922
          ],
          [
            -70.2273345,
            -31.1471165
          ],
          [
            -70.2272326,
            -31.1470178
          ],
          [
            -70.2269992,
            -31.1467653
          ],
          [
            -70.2268812,
            -31.1466046
          ],
          [
            -70.2267686,
            -31.1464531
          ],
          [
            -70.226672,
            -31.1463475
          ],
          [
            -70.2265915,
            -31.1462625
          ],
          [
            -70.2264923,
            -31.1462075
          ],
          [
            -70.2262938,
            -31.1461294
          ],
          [
            -70.2255937,
            -31.1458425
          ],
          [
            -70.2254435,
            -31.1457828
          ],
          [
            -70.2253255,
            -31.1457575
          ],
          [
            -70.2252236,
            -31.1457369
          ],
          [
            -70.2251592,
            -31.1457162
          ],
          [
            -70.225127,
            -31.1456795
          ],
          [
            -70.225127,
            -31.1456244
          ],
          [
            -70.2251378,
            -31.145567
          ],
          [
            -70.2252021,
            -31.1454958
          ],
          [
            -70.22576,
            -31.1449013
          ],
          [
            -70.2262804,
            -31.1443251
          ],
          [
            -70.2264172,
            -31.1441506
          ],
          [
            -70.2265191,
            -31.1440037
          ],
          [
            -70.2266184,
            -31.1438545
          ],
          [
            -70.2266908,
            -31.1437144
          ],
          [
            -70.2267525,
            -31.1435882
          ],
          [
            -70.2267981,
            -31.1435055
          ],
          [
            -70.2268571,
            -31.1434367
          ],
          [
            -70.2269429,
            -31.1433839
          ],
          [
            -70.2270502,
            -31.1433357
          ],
          [
            -70.2275142,
            -31.1431864
          ],
          [
            -70.2276269,
            -31.1431359
          ],
          [
            -70.2277181,
            -31.1430717
          ],
          [
            -70.2277717,
            -31.1430074
          ],
          [
            -70.2278146,
            -31.1428995
          ],
          [
            -70.2278441,
            -31.1427801
          ],
          [
            -70.2279085,
            -31.1424013
          ],
          [
            -70.2279326,
            -31.1423256
          ],
          [
            -70.2279809,
            -31.1422269
          ],
          [
            -70.2280104,
            -31.1421373
          ],
          [
            -70.2280292,
            -31.1420432
          ],
          [
            -70.2280265,
            -31.1419491
          ],
          [
            -70.2279863,
            -31.1418572
          ],
          [
            -70.2274177,
            -31.141017
          ],
          [
            -70.2273452,
            -31.1409298
          ],
          [
            -70.2272567,
            -31.140854
          ],
          [
            -70.2269697,
            -31.140551
          ],
          [
            -70.2268812,
            -31.1404408
          ],
          [
            -70.2268115,
            -31.1403421
          ],
          [
            -70.2267444,
            -31.1402319
          ],
          [
            -70.2266881,
            -31.1401194
          ],
          [
            -70.2266344,
            -31.1399679
          ],
          [
            -70.2264252,
            -31.1392792
          ],
          [
            -70.2264145,
            -31.1391873
          ],
          [
            -70.2264199,
            -31.1390817
          ],
          [
            -70.2264467,
            -31.1389601
          ],
          [
            -70.2265406,
            -31.1384734
          ],
          [
            -70.2265754,
            -31.1382484
          ],
          [
            -70.2266076,
            -31.1379568
          ],
          [
            -70.2266881,
            -31.1375459
          ],
          [
            -70.2267256,
            -31.1374127
          ],
          [
            -70.2267739,
            -31.1372956
          ],
          [
            -70.2268571,
            -31.137128
          ],
          [
            -70.2269107,
            -31.1370041
          ],
          [
            -70.2269349,
            -31.1369031
          ],
          [
            -70.2269241,
            -31.1367883
          ],
          [
            -70.2268973,
            -31.136639
          ],
          [
            -70.2267686,
            -31.1362442
          ],
          [
            -70.2267444,
            -31.1361317
          ],
          [
            -70.2267364,
            -31.1359595
          ],
          [
            -70.2267149,
            -31.1357597
          ],
          [
            -70.2266747,
            -31.135622
          ],
          [
            -70.2266318,
            -31.1354888
          ],
          [
            -70.2265862,
            -31.1353924
          ],
          [
            -70.2265218,
            -31.1352914
          ],
          [
            -70.2264145,
            -31.1351674
          ],
          [
            -70.2263662,
            -31.1351123
          ],
          [
            -70.2263555,
            -31.1350756
          ],
          [
            -70.2263716,
            -31.1350297
          ],
          [
            -70.2266184,
            -31.1348621
          ],
          [
            -70.2267337,
            -31.1347588
          ],
          [
            -70.2268168,
            -31.1346486
          ],
          [
            -70.2268919,
            -31.1345154
          ],
          [
            -70.2269456,
            -31.1343685
          ],
          [
            -70.2269831,
            -31.1342032
          ],
          [
            -70.2269992,
            -31.1338932
          ],
          [
            -70.22701,
            -31.1337348
          ],
          [
            -70.22701,
            -31.1336246
          ],
          [
            -70.2269939,
            -31.1335534
          ],
          [
            -70.2269402,
            -31.1334662
          ],
          [
            -70.2265379,
            -31.1328876
          ],
          [
            -70.2261356,
            -31.1323091
          ],
          [
            -70.2257788,
            -31.1317925
          ],
          [
            -70.2256501,
            -31.1315606
          ],
          [
            -70.2255401,
            -31.1313585
          ],
          [
            -70.2254301,
            -31.1311313
          ],
          [
            -70.2253711,
            -31.1309958
          ],
          [
            -70.2252987,
            -31.1308098
          ],
          [
            -70.2252477,
            -31.1306445
          ],
          [
            -70.2252102,
            -31.1304677
          ],
          [
            -70.2251887,
            -31.1303437
          ],
          [
            -70.2251887,
            -31.1302152
          ],
          [
            -70.2252129,
            -31.1297766
          ],
          [
            -70.2252129,
            -31.1295402
          ],
          [
            -70.2251995,
            -31.1294529
          ],
          [
            -70.2251673,
            -31.1293886
          ],
          [
            -70.2251083,
            -31.1293243
          ],
          [
            -70.2250278,
            -31.1292784
          ],
          [
            -70.2247542,
            -31.1291315
          ],
          [
            -70.2245382,
            -31.1289954
          ],
          [
            -70.2244189,
            -31.1289202
          ],
          [
            -70.22392,
            -31.1286241
          ],
          [
            -70.2237055,
            -31.1284863
          ],
          [
            -70.2235982,
            -31.1283899
          ],
          [
            -70.2235177,
            -31.1282911
          ],
          [
            -70.2234185,
            -31.1281373
          ],
          [
            -70.2231905,
            -31.1277378
          ],
          [
            -70.2231315,
            -31.1276138
          ],
          [
            -70.2230966,
            -31.1274806
          ],
          [
            -70.2230349,
            -31.1271454
          ],
          [
            -70.2229759,
            -31.1269686
          ],
          [
            -70.2229062,
            -31.1267804
          ],
          [
            -70.2227774,
            -31.1264681
          ],
          [
            -70.2227479,
            -31.126374
          ],
          [
            -70.2227211,
            -31.1262569
          ],
          [
            -70.222705,
            -31.1261099
          ],
          [
            -70.2226809,
            -31.1258528
          ],
          [
            -70.2226514,
            -31.1255589
          ],
          [
            -70.2226031,
            -31.12518
          ],
          [
            -70.2225736,
            -31.124893
          ],
          [
            -70.222536,
            -31.1246542
          ],
          [
            -70.2224475,
            -31.1242455
          ],
          [
            -70.222418,
            -31.1239906
          ],
          [
            -70.222418,
            -31.1237771
          ],
          [
            -70.2224448,
            -31.123598
          ],
          [
            -70.2225038,
            -31.1231043
          ],
          [
            -70.2225843,
            -31.1224591
          ],
          [
            -70.2226058,
            -31.1222088
          ],
          [
            -70.2226004,
            -31.1220963
          ],
          [
            -70.2225816,
            -31.1219838
          ],
          [
            -70.2225226,
            -31.1217863
          ],
          [
            -70.2223,
            -31.1212054
          ],
          [
            -70.2221337,
            -31.1208656
          ],
          [
            -70.2219969,
            -31.1206314
          ],
          [
            -70.2218494,
            -31.120427
          ],
          [
            -70.2216697,
            -31.1202364
          ],
          [
            -70.2215275,
            -31.1201078
          ],
          [
            -70.2213827,
            -31.1200275
          ],
          [
            -70.2212968,
            -31.1199769
          ],
          [
            -70.2212325,
            -31.1199149
          ]
        ]
      }
    },
    {
      "type": "Feature",
      "id": "osm-way-1444386972",
      "properties": {
        "highway": "track",
        "oneway": "no",
        "surface": "dirt",
        "osmWayId": 1444386972,
        "sourceFeatureId": "osm-way-1444386972",
        "selectedForCorridor": "los-azules",
        "selectionMethod": "reviewed source-junction clip between pinned coordinates",
        "selectionLengthKm": 0.601482,
        "sourceGeometryClipped": true
      },
      "geometry": {
        "type": "LineString",
        "coordinates": [
          [
            -70.2212325,
            -31.1199149
          ],
          [
            -70.2211829,
            -31.1199448
          ],
          [
            -70.2211534,
            -31.1199896
          ],
          [
            -70.2211171,
            -31.1200608
          ],
          [
            -70.2210675,
            -31.120148
          ],
          [
            -70.221034,
            -31.1202249
          ],
          [
            -70.2210031,
            -31.1202869
          ],
          [
            -70.2209602,
            -31.1203352
          ],
          [
            -70.2209026,
            -31.1203994
          ],
          [
            -70.2208328,
            -31.1204316
          ],
          [
            -70.2207336,
            -31.1204385
          ],
          [
            -70.220629,
            -31.1204063
          ],
          [
            -70.2205083,
            -31.1203374
          ],
          [
            -70.2204466,
            -31.120241
          ],
          [
            -70.2204198,
            -31.120156
          ],
          [
            -70.220409,
            -31.1200504
          ],
          [
            -70.2204037,
            -31.1199172
          ],
          [
            -70.2203769,
            -31.1198001
          ],
          [
            -70.2203205,
            -31.1196486
          ],
          [
            -70.2202266,
            -31.1195085
          ],
          [
            -70.2199262,
            -31.1191526
          ],
          [
            -70.2198619,
            -31.1190401
          ],
          [
            -70.2198109,
            -31.1188817
          ],
          [
            -70.2197626,
            -31.1186681
          ],
          [
            -70.2197331,
            -31.1185097
          ],
          [
            -70.2197573,
            -31.1183673
          ],
          [
            -70.219819,
            -31.1182272
          ],
          [
            -70.2198833,
            -31.1180963
          ],
          [
            -70.2199584,
            -31.1178529
          ],
          [
            -70.2200148,
            -31.1176348
          ],
          [
            -70.2201113,
            -31.1174258
          ],
          [
            -70.2202374,
            -31.1172329
          ],
          [
            -70.2203608,
            -31.1170446
          ],
          [
            -70.2204278,
            -31.1168954
          ],
          [
            -70.2204654,
            -31.1166681
          ],
          [
            -70.2204493,
            -31.1164889
          ],
          [
            -70.2203822,
            -31.1161514
          ]
        ]
      }
    },
    {
      "type": "Feature",
      "id": "osm-way-1444392118",
      "properties": {
        "highway": "track",
        "oneway": "no",
        "surface": "dirt",
        "osmWayId": 1444392118,
        "sourceFeatureId": "osm-way-1444392118",
        "selectedForCorridor": "los-azules",
        "selectionMethod": "reviewed source-junction clip between pinned coordinates",
        "selectionLengthKm": 0.403229,
        "sourceGeometryClipped": true
      },
      "geometry": {
        "type": "LineString",
        "coordinates": [
          [
            -70.2203822,
            -31.1161514
          ],
          [
            -70.2202964,
            -31.1158552
          ],
          [
            -70.2202642,
            -31.1156485
          ],
          [
            -70.2202535,
            -31.1154281
          ],
          [
            -70.2202669,
            -31.1151525
          ],
          [
            -70.2202964,
            -31.1147392
          ],
          [
            -70.2203339,
            -31.1145003
          ],
          [
            -70.2203876,
            -31.11425
          ],
          [
            -70.2204466,
            -31.1140778
          ],
          [
            -70.2204662,
            -31.1140045
          ],
          [
            -70.2204841,
            -31.1139377
          ],
          [
            -70.2205271,
            -31.1138114
          ],
          [
            -70.2205485,
            -31.1136369
          ],
          [
            -70.220578,
            -31.1133361
          ],
          [
            -70.2206102,
            -31.1132029
          ],
          [
            -70.2206692,
            -31.1130766
          ],
          [
            -70.2207577,
            -31.1129457
          ],
          [
            -70.220857,
            -31.1127735
          ],
          [
            -70.2209401,
            -31.1126311
          ]
        ]
      }
    }
  ]
}
